https://www.tradingview.com/u/PCTEDESCO/,http://pctedesco.blogspot.com,https://www.youtube.com/channel/UClx-5bvEr4Ul7HfZxFEy1OQ,https://twitter.com/PCTEDESCO,#PCTEDESCO\r\nLive de Quinta (7/4- 20h) \r\nFII¬¥s com Bruno Fontana\r\nhttps://youtu.be/LRvG1I97FG4
https://www.tradingview.com/u/AlyssonVieira/,,,,
https://www.tradingview.com/u/YYanPC/,,,https://twitter.com/CavalcantiYan,
https://www.tradingview.com/u/TiagoEderOliveira/,,,,
https://www.tradingview.com/u/radicalcripto/,,https://www.youtube.com/channel/UCqLSyltL3JmwgZSqkmQhZzw,https://twitter.com/radicalcripto,
https://www.tradingview.com/u/noxeducacao/,,,,
https://www.tradingview.com/u/AnaliseDescomplicada/,,https://www.youtube.com/channel/UCy8xi_0KxmrWb2spijlYkbA,,
https://www.tradingview.com/u/zMIDAS/,,,https://twitter.com/MIDAScrypto_,
https://www.tradingview.com/u/OneLastKiss/,,,,
https://www.tradingview.com/u/ideoli/,,,,
https://www.tradingview.com/u/lessandrosantos/,,,https://twitter.com/lessandro_esp,
https://www.tradingview.com/u/Victoredbr/,https://www.linkedin.com/in/victor-eduardo-meireles-am%C3%A9rico-peirera-7b2390242/,https://www.youtube.com/channel/UCRX4DP-K7WST0IZzEWZJ1rQ,https://twitter.com/victoed22,
https://www.tradingview.com/u/linocanonico/,,,https://twitter.com/linocanonico,
https://www.tradingview.com/u/GustavoCorrea1/,https://bit.ly/3taW3w8,https://www.youtube.com/channel/UCYToThFB4-3EiLH6pVbKjAQ,,üëâüèºTELEGRAM:  https://bit.ly/3sGiY1E\n\nüëâüèºYOUTUBE:  https://bit.ly/3gq46Q5\n\nüëâüèºINSTAGRAM: https://bit.ly/383DIHf
https://www.tradingview.com/u/Servente/,,,,
https://www.tradingview.com/u/Tradeelliott/,,,,
https://www.tradingview.com/u/AllanJhones/,https://investidorcrypto.com/,https://www.youtube.com/channel/UCz9FYebYK8GFenaBzj5ytDA,https://twitter.com/AllanJhones15,"Conhe√ßa a Whitebit, uma exchange completa, com staking, negocia√ß√µes de margem com alavancagem e muito mais: https://whitebit.com/\r\n\r\nConhe√ßa a CFI Financial, a corretora de forex e CFD¬¥s como melhor atendimento em Portugu√™s: cfifinancial.com/pt"
https://www.tradingview.com/u/digbii/,,,https://twitter.com/andreabdala2,
https://www.tradingview.com/u/MarceloTorres/,http://www.TradeWiser.pro,https://www.youtube.com/channel/UC3Ja0GVBQJDh2aUzbPQf8FQ,https://twitter.com/TradeWiserPro,"TRADEWISER | Marcelo Torres\r\n marcelo@tradewiser.pro\r\n\r\nV√≠deo-An√°lise completa di√°ria no YouTube:\r\nwww.youtube.com/c/TradeWiserPro\r\n\r\nCurso/AE\r\nwww.CursoAE.TradeWiser.pro\r\n\r\n@TradeWiserPro\r\nTelegram, Twitter, Facebook, LinkedIn, Instagram"
https://www.tradingview.com/u/Carelli/,,https://www.youtube.com/channel/UCCtGT-pr3j50E8SnToCJCRg,https://twitter.com/CarelliTrader,
https://www.tradingview.com/u/douglasrsmrrp/,,,,
https://www.tradingview.com/u/israelaugusto11/,,,,
https://www.tradingview.com/u/JoaoPauloRamos/,,,,
https://www.tradingview.com/u/sagaxtrader/,,,,
https://www.tradingview.com/u/greboucas/,,https://www.youtube.com/channel/UCk_jn97w4VHBWmMjWPEnb8Q,https://twitter.com/greboucas,
https://www.tradingview.com/u/OtavioMorau/,,,,
https://www.tradingview.com/u/lucascmoraes/,https://www.dvinvest.com.br/,https://www.youtube.com/channel/UCUXQZCraV-jYdti4nbfBn1w,https://twitter.com/moraes_at,"Analista de valores mobili√°rios (CNPI-T EM-2877) credenciado pela Apimec. \r\n\r\nFormado em Engenharia de Bioprocessos e Biotecnologia pela Universidade Estadual Paulista (UNESP), come√ßou seus estudos de an√°lise t√©cnica no mercado financeiro em 2018."
https://www.tradingview.com/u/TrTzx/,,,,
https://www.tradingview.com/u/leandrosander_/,http://powerinc.trade,https://www.youtube.com/channel/UCYToThFB4-3EiLH6pVbKjAQ,,Tenha informa√ß√µes e an√°lises di√°rias clicando aqui üëáüèº\r\n\r\nüöÄ TELEGRAM: https://t.me/powerinc\r\n\r\nüåç http://powerinc.trade \r\n\r\nüîµ ABRA SUA CONTA NA FTX üîµ\r\nhttps://ftx.com/#a=5228729
https://www.tradingview.com/u/vabreujr/,,,,
https://www.tradingview.com/u/vinibarbosa/,,,https://twitter.com/vinibarbosabr,
https://www.tradingview.com/u/brunonevesz/,,,https://twitter.com/brunotavaresz,
https://www.tradingview.com/u/hteodorosilva/,,,https://twitter.com/hteodorosilva,
https://www.tradingview.com/u/AlanJohar/,,,https://twitter.com/atcmagal,
https://www.tradingview.com/u/JEANDOVISKI/,,,,
https://www.tradingview.com/u/williamsilva8924/,,,https://twitter.com/ebomsernos,
https://www.tradingview.com/u/JonnPadilha/,,,https://twitter.com/jonpadilha,
https://www.tradingview.com/u/RAFAELCARDOSOAT/,,https://www.youtube.com/channel/UCbbvUBO0UDNfzCyT5a9bISQ,,
https://www.tradingview.com/u/RaphaelCordeiro/,https://bit.ly/3zcCf06,https://www.youtube.com/channel/UCwZYaUiUYuxf6Zzprpw5lpg,https://twitter.com/RCordeiro_Trade,Conhe√ßa o Notifica√ß√µes Lucrativas clicando no link abaixo:\r\n\r\nhttps://bit.ly/3zcCf06\r\n\r\nEntre tamb√©m no nosso Grupo gratuito no Telegram:\r\n\r\nhttps://t.me/familiacriptoesid
https://www.tradingview.com/u/maggibjj/,,,,
https://www.tradingview.com/u/Botinhao/,https://www.facebook.com/groups/Ibovespa/,https://www.youtube.com/channel/UCLYwCSyrIFK0BiISWxlVkkw,,
https://www.tradingview.com/u/cruz1310goncalo/,,,https://twitter.com/cruz1310goncalo,
https://www.tradingview.com/u/ajozenildo/,,,,
https://www.tradingview.com/u/leofelipesenger/,https://tradertime.com.br/,https://www.youtube.com/channel/UCnir8PodWVv3g68QwmFDMdg,,Trader / Analista de Valores Mobili√°rios - CNPI-T 2712 \n\nMinhas publica√ß√µes aqui s√£o somente opini√µes. N√£o s√£o recomenda√ß√µes de investimento. \n\nConhe√ßa meu servi√ßo de recomenda√ß√£o https://www.leosenger.com.br/
https://www.tradingview.com/u/JulioRosa/,,,,
https://www.tradingview.com/u/lukas7vv/,,,,
https://www.tradingview.com/u/Grafistas/,https://www.grafistas.com.br,https://www.youtube.com/channel/UCkD0TJM20-JDfZfam3VlEVQ,https://twitter.com/Grafistasclub,Acesse nosso site: www.grafistas.com.br\nEntre em nosso telegram: https://t.me/grafistas\nNos acompanhe no instagram: https://www.instagram.com/grafistas/?hl=pt-br
https://www.tradingview.com/u/Aluysio/,,,,
https://www.tradingview.com/u/duartecm/,,https://www.youtube.com/channel/UCQMTWB0eVAySYZIdRN_YYug,https://twitter.com/@duartecap,
https://www.tradingview.com/u/cryptoguipe/,,,,
https://www.tradingview.com/u/Lintrok/,,,,
https://www.tradingview.com/u/lgbaldim/,,,,
https://www.tradingview.com/u/LucasPaulini/,,,,
https://www.tradingview.com/u/CanalKaizen/,https://www.kaizenrevolution.com,https://www.youtube.com/channel/UC6AgKDTKHOgx58gZQ4fccGw,,Trader Kaizen
https://www.tradingview.com/u/Birown/,,,https://twitter.com/urenkel7K,
https://www.tradingview.com/u/MisterFariaTrader/,https://www.misterfariatrader.com.br/,https://www.youtube.com/channel/UCQ_qEQ5kgLKMYuU03cZT-PQ,,
https://www.tradingview.com/u/SinperTrader/,,,,
https://www.tradingview.com/u/Rafa_2032/,,,https://twitter.com/Rafa_2032,
https://www.tradingview.com/u/LimaAmei/,,,,
https://www.tradingview.com/u/livsoul/,,,,
https://www.tradingview.com/u/f1l1per./,,https://www.youtube.com/channel/UCwWxoJh5D4Zrd_9VIBa0NYw,,Canal Telegram: https://t.me/EWFPP
https://www.tradingview.com/u/bravofidelis/,,,https://twitter.com/BravoTrader_Ofc,
https://www.tradingview.com/u/mlkmonstro/,,,,
https://www.tradingview.com/u/rrodrigues/,,,https://twitter.com/reginaldo_rod,
https://www.tradingview.com/u/hydraView/,,,https://twitter.com/ThayronCarlessi,
https://www.tradingview.com/u/Straight-Line/,,,,
https://www.tradingview.com/u/moralestrader/,,,,"As minhas an√°lises n√£o s√£o recomendacÃß√µes de compra ou venda, s√£o apenas a minha opiniaÃÉo pessoal, compartilho os meus conhecimentos de forma educacional.\r\n\r\nCorretora Crypto que eu utilizo: https://www.bybit.com/pt-BR/invite?ref=Z7VNV8"
https://www.tradingview.com/u/rtominaga1981/,,https://www.youtube.com/channel/UCVpVsdVPhIsDp9bmGGXFJ5g,https://twitter.com/RTominag,
https://www.tradingview.com/u/SilvinhaRosa/,,,,
https://www.tradingview.com/u/flavianogesso/,,,,
https://www.tradingview.com/u/Krypos/,,,,
https://www.tradingview.com/u/marcos261937/,,,,
https://www.tradingview.com/u/Richerbravo_/,,,https://twitter.com/richerbravo_,
https://www.tradingview.com/u/OdirBrasil/,,,https://twitter.com/OdirBrasil,
https://www.tradingview.com/u/matheussantos2k30/,,,https://twitter.com/matheus90988090,
https://www.tradingview.com/u/LuaTav/,,,,
https://www.tradingview.com/u/FelypeCesar/,,,,
https://www.tradingview.com/u/HarsamAz/,,,,
https://www.tradingview.com/u/Ciampi14/,,,,
https://www.tradingview.com/u/leandro_alves/,,,https://twitter.com/Alves_Leandrooo,
https://www.tradingview.com/u/alyfrm/,,,,
https://www.tradingview.com/u/PitacoDosTrade/,,,,
https://www.tradingview.com/u/BemCrazzy/,,,,
https://www.tradingview.com/u/kemex.777/,,,,
https://www.tradingview.com/u/BrunoMazzoni/,https://bit.ly/ClubeDividendos,https://www.youtube.com/channel/UCHvDClVo5g-XxjvSELDHcpA,https://twitter.com/brumazzoni,‚ñ™ Youtube  https://bit.ly/ClubeDividendos\n‚ñ™ Corretagem Zero https://www.necton.com.br/clubedosdividendos\n‚ñ™ Instagram https://www.instagram.com/brumazzoni/\n‚ñ™ Mestre dos Dividendos http://bit.ly/MestreDividendos
https://www.tradingview.com/u/joaovitornascimento78/,,,https://twitter.com/JoaoBITTHEREUM,
https://www.tradingview.com/u/PedroLucaspl/,,,,
https://www.tradingview.com/u/matheusavm/,,,,
https://www.tradingview.com/u/lukete/,,,,
https://www.tradingview.com/u/Maia-trade/,,,https://twitter.com/mauricioofsousa,
https://www.tradingview.com/u/Vorfield/,,,,
https://www.tradingview.com/u/nightpwned/,,,,
https://www.tradingview.com/u/richerdmatias/,,,,
https://www.tradingview.com/u/jubilantHare77158/,,,,
https://www.tradingview.com/u/matheus192022/,,,,
https://www.tradingview.com/u/contentHead40631/,,,,
https://www.tradingview.com/u/Luiz_Traders_Team/,,,,
https://www.tradingview.com/u/aguia7/,,,,
https://www.tradingview.com/u/eleonaylima2/,,,https://twitter.com/EleonayLima,
https://www.tradingview.com/u/vanojose/,,,https://twitter.com/vanocarlos11,
https://www.tradingview.com/u/MacD_Bollinger/,,,,
https://www.tradingview.com/u/DouglasCharles1402/,,,,
https://www.tradingview.com/u/ccofina/,,,,
https://www.tradingview.com/u/AntonioJr99/,,https://www.youtube.com/channel/UCTNkcDqDeA2qLes810_KtbA,https://twitter.com/Tonhao_99,
https://www.tradingview.com/u/ramoelleomar/,,,,
https://www.tradingview.com/u/cmnetto/,,,,
https://www.tradingview.com/u/redlince/,,,,
https://www.tradingview.com/u/jackson30062003/,,,https://twitter.com/JacksonGuerrei3,
https://www.tradingview.com/u/bfdinisampaio/,,,,
https://www.tradingview.com/u/PCamillo/,,,https://twitter.com/WeedLover07,
https://www.tradingview.com/u/AndersonBondiman/,,,,
https://www.tradingview.com/u/marcelogamboa/,,,https://twitter.com/marcelogamboa,
https://www.tradingview.com/u/marleyfmurta/,,,,
https://www.tradingview.com/u/enzolourencoo/,,,,
https://www.tradingview.com/u/Mandrake011/,,,https://twitter.com/blindado_de_fe,
https://www.tradingview.com/u/Kingjay77/,,,https://twitter.com/King_jason77,
https://www.tradingview.com/u/Werner375/,,,https://twitter.com/rodrigoW375,
https://www.tradingview.com/u/Dhipsy/,,,,
https://www.tradingview.com/u/nicolasalvees/,,,,
https://www.tradingview.com/u/MCMCripto/,,,,
https://www.tradingview.com/u/igorworsnop69/,,,,
https://www.tradingview.com/u/GFauth/,https://www.linkedin.com/in/gabriel-fauth-62555686/,https://www.youtube.com/channel/UCtwnSeeSpT6ZDVpJnlZOHLA,https://twitter.com/GFauth3,Este √© um estudo pessoal e n√£o recomenda√ß√£o de investimento. Negocie pelo seu pr√≥prio risco.
https://www.tradingview.com/u/Lennon94/,,,,
https://www.tradingview.com/u/HelionMelion/,,,,
https://www.tradingview.com/u/Marciosilva19/,,,,
https://www.tradingview.com/u/MarcusCripto/,,,,
https://www.tradingview.com/u/irakianobtc/,,https://www.youtube.com/channel/UCgNfjOLFcjAs_9uL0A2CwQw,,
https://www.tradingview.com/u/Dxrk_/,,,,
https://www.tradingview.com/u/JonFinanceiro/,,https://www.youtube.com/channel/UCr_flXSWkoGoA96T04qAzww,https://twitter.com/jonfinanceiro,
https://www.tradingview.com/u/Andre_Bigao/,,,https://twitter.com/bigaobh,
https://www.tradingview.com/u/FernandoJCScomacao/,,https://www.youtube.com/channel/UCGjOR4TomaXdQaNgEz7ADTg,https://twitter.com/FScomacao,
https://www.tradingview.com/u/GustavoGualberto/,,,,
https://www.tradingview.com/u/rcgrangeiro/,,https://www.youtube.com/channel/UCUsILIqApjBxvcuRLznKZJA,,
https://www.tradingview.com/u/bolasp/,,,https://twitter.com/bolasp,
https://www.tradingview.com/u/yw997/,,,,
https://www.tradingview.com/u/rayrsousah/,,,,
https://www.tradingview.com/u/MuriloOlirum/,,,,
https://www.tradingview.com/u/marcosvvpfx/,,,,
https://www.tradingview.com/u/paulomaroja/,,https://www.youtube.com/channel/UCk62P8nje0FjWzVIe4W7gZg,,
https://www.tradingview.com/u/leandrosantanadefreitas/,,,,
https://www.tradingview.com/u/AdvogadoAgiota98/,,,,
https://www.tradingview.com/u/Felipebaldin/,,,https://twitter.com/alves_baldin,
https://www.tradingview.com/u/will_trader_kamikaze/,,,https://twitter.com/trader_kamikaze,
https://www.tradingview.com/u/MarcioGP/,,,,
https://www.tradingview.com/u/VAHIDSAATSAZ/,,,https://twitter.com/vahidsaatsaz,
https://www.tradingview.com/u/shimatrader/,https://pingback.com/movimentografico/,,https://twitter.com/klebershimabuku,E-mail p/ contato: shimatrader489@gmail.com\nPingback: https://pingback.com/movimentografico/\nBlog: https://shimatrader.com.br\nInstagram: https://www.instagram.com/shima_trader/
https://www.tradingview.com/u/CacauGomes/,,,https://twitter.com/cgscacaubv,
https://www.tradingview.com/u/PauloAzevedo/,,,,
https://www.tradingview.com/u/olivan5787/,,,,
https://www.tradingview.com/u/H4RD57YL3J4P4N/,,,,
https://www.tradingview.com/u/MarcosGomes/,,,https://twitter.com/MarcosGGomes,
https://www.tradingview.com/u/TIAGOGEALH/,,https://www.youtube.com/channel/UC1u9hjxbnhgObxOhXscdxXw,,
https://www.tradingview.com/u/GHSDECRYPT/,,,,
https://www.tradingview.com/u/duduguillen/,,https://www.youtube.com/channel/UCH1Ly1LxhowQyznVRysg55w,,
https://www.tradingview.com/u/iv138/,,,https://twitter.com/iv138stonks,
https://www.tradingview.com/u/blindtrader7k/,,,,
https://www.tradingview.com/u/BinhoInvest/,,,https://twitter.com/BinhoInvest,
https://www.tradingview.com/u/iFreesh1/,,,https://twitter.com/tradingdonotas,
https://www.tradingview.com/u/Shark-Faminto/,,,,
https://www.tradingview.com/u/Pedro_Canto_CNPI-T/,,,,
https://www.tradingview.com/u/isachma/,,,,
https://www.tradingview.com/u/PedroHalfdan/,,,https://twitter.com/pedrohalfdan,
https://www.tradingview.com/u/dan_jota/,,,,
https://www.tradingview.com/u/simoeslimas/,,,https://twitter.com/Simoesoptions,
https://www.tradingview.com/u/Italo_Augusto/,,,https://twitter.com/Itaaugusts,
https://www.tradingview.com/u/DiogoEGC/,,,,
https://www.tradingview.com/u/Velosotrade/,,,,
https://www.tradingview.com/u/gbfoxx/,,,,
https://www.tradingview.com/u/Flk-/,,,,
https://www.tradingview.com/u/williantigre/,,,,
https://www.tradingview.com/u/Scottetrading/,,,https://twitter.com/scotte_caio,
https://www.tradingview.com/u/Rogdan100/,,,,
https://www.tradingview.com/u/FernandoMondini/,,,,
https://www.tradingview.com/u/Cripto_Friends_/,,,https://twitter.com/JailtonFavela,
https://www.tradingview.com/u/vargas11/,,,https://twitter.com/TWerlang85,
https://www.tradingview.com/u/DrMesquita/,,,https://twitter.com/@MesquitaDr,
https://www.tradingview.com/u/Alexandrestrader/,,,,
https://www.tradingview.com/u/zinhoscop/,,,,
https://www.tradingview.com/u/TraderDesco/,,https://www.youtube.com/channel/UCUTxa5jLwGKsTTcKphUqnLw,https://twitter.com/raffael_nunness,
https://www.tradingview.com/u/augustosilvafx/,,,,
https://www.tradingview.com/u/inteliman_JB/,,https://www.youtube.com/channel/UCDm0z3Uv0IhlI6gg0kvQGWg,https://twitter.com/JardelBarros_JB,
https://www.tradingview.com/u/Joel_trading/,,,,
https://www.tradingview.com/u/umpalupa7/,,,,
https://www.tradingview.com/u/vitorstumpf/,,,,
https://www.tradingview.com/u/iurconsultoria/,,,,
https://www.tradingview.com/u/arvalinobtc/,,,,
https://www.tradingview.com/u/Vini_rdrgs/,,,,
https://www.tradingview.com/u/liedsonsouza21/,,,,
https://www.tradingview.com/u/victorsouza1980/,,,,
https://www.tradingview.com/u/FibodeOuro/,,,https://twitter.com/FibodeOuro,
https://www.tradingview.com/u/brunoopaess/,,,,
https://www.tradingview.com/u/Felipe_Fiuza/,,,,
https://www.tradingview.com/u/Pedruzzi/,,,,
https://www.tradingview.com/u/felipecamposalvesdroid/,,,,
https://www.tradingview.com/u/DOM_0400/,,,https://twitter.com/Dom_0400,
https://www.tradingview.com/u/wagnerxcosta/,,,,
https://www.tradingview.com/u/chemicalcesium/,,,,
https://www.tradingview.com/u/DuctorMarcus/,https://MomentoEconomico.com.br,https://www.youtube.com/channel/UCdo5W5KHpRhr8I0PwPeTg5A,https://twitter.com/DuctorMarcus,"Ductor Marcus +20 no Mercado Financeiro\nMBA em Finan√ßas com √änfase em Mercado de Capitais, Advogado e Te√≥logo,\nOBS. Todas as publica√ß√µes N√ÉO s√£o recomenda√ß√µes de compra ou venda de ativos, s√£o meros estudos."
https://www.tradingview.com/u/Brun4K1/,,,,
https://www.tradingview.com/u/ramser/,,,,
https://www.tradingview.com/u/jeaneplu/,,,https://twitter.com/JeaneMariaSS,
https://www.tradingview.com/u/piafiapo/,,,,
https://www.tradingview.com/u/rtomazini/,,,,
https://www.tradingview.com/u/guilhermetonel/,,,,
https://www.tradingview.com/u/willianmontoro4/,,,,
https://www.tradingview.com/u/Arley95421/,,,,
https://www.tradingview.com/u/FiboDay/,,,,
https://www.tradingview.com/u/boylerjin2018/,,,,
https://www.tradingview.com/u/guilhermelauriano/,,,,
https://www.tradingview.com/u/lucasleo/,,,,
https://www.tradingview.com/u/InvestidorSagazOfc/,,,,
https://www.tradingview.com/u/LuanSoares18/,,,,
https://www.tradingview.com/u/fabiocsv/,,,,
https://www.tradingview.com/u/david_carvalho_8/,,,,
https://www.tradingview.com/u/renanmarvila_/,,,,
https://www.tradingview.com/u/daniboysilva/,,,,
https://www.tradingview.com/u/milionare_josh/,,https://www.youtube.com/channel/UCOhsiY7xwU3ArF04w9TOIxg,https://twitter.com/Joshua9704,
https://www.tradingview.com/u/ALISSON-TRAYDER/,,,,
https://www.tradingview.com/u/lucianosouzatrader3/,,,,
https://www.tradingview.com/u/CaioSampaio/,,,,
https://www.tradingview.com/u/zecadouglas/,,,,
https://www.tradingview.com/u/magoodosmercados/,,,https://twitter.com/_lluizog,
https://www.tradingview.com/u/Gui_varella/,,,,
https://www.tradingview.com/u/FilipaoFPS/,,,,
https://www.tradingview.com/u/haellemtrader/,,https://www.youtube.com/channel/UCXbPTVRHvRmQ5Iz26RK3Jeg,,
https://www.tradingview.com/u/SUPERFO/,,,,
https://www.tradingview.com/u/jadsonjlht/,,,https://twitter.com/Thebestcriptos,
https://www.tradingview.com/u/ZaqueMendes/,,,,
https://www.tradingview.com/u/DerlanxGuilherme/,,,,
https://www.tradingview.com/u/murillobatera/,,https://www.youtube.com/channel/UCn6J6XXWEuEV3Q8qGszhk7A,https://twitter.com/Studio7goiania,
https://www.tradingview.com/u/Mariano2100/,,,,
https://www.tradingview.com/u/rubinhocajaiba/,,,,
https://www.tradingview.com/u/carlosponcianos/,,,,
https://www.tradingview.com/u/rodrigocamaraa71800/,,,,
https://www.tradingview.com/u/alissonlaconski1957/,,,,
https://www.tradingview.com/u/pablog123123/,,,,
https://www.tradingview.com/u/T14ARMATA0519/,,,https://twitter.com/ArmataCrypto,
https://www.tradingview.com/u/EllobizMARTINS/,,https://www.youtube.com/channel/UCn64Fu6Prwa5rK5Uba0lCCQ,,
https://www.tradingview.com/u/jvttrindade/,,,,
https://www.tradingview.com/u/abilioalves/,,,,
https://www.tradingview.com/u/italotutu/,,,,
https://www.tradingview.com/u/alexandre19931010/,,https://www.youtube.com/channel/UCciWMdcK0er9OeHuefIEPzg,https://twitter.com/DiariodeTrader,
https://www.tradingview.com/u/vavarb/,,,,
https://www.tradingview.com/u/brunogfmartins/,,,,
https://www.tradingview.com/u/RaydanSantos/,,,,
https://www.tradingview.com/u/junqueira10/,,,https://twitter.com/Junqueira10,
https://www.tradingview.com/u/brathiago/,,,,
https://www.tradingview.com/u/UnknownKS/,,,,
https://www.tradingview.com/u/pedroopablo25/,,https://www.youtube.com/channel/UCk_mSTKQGQI2xjgn5VMvzqw,https://twitter.com/pedroo_pablo,
https://www.tradingview.com/u/Metraton/,,,,
https://www.tradingview.com/u/kelvynws/,,,,
https://www.tradingview.com/u/yuridayananda/,,,https://twitter.com/YuriDayananda,
https://www.tradingview.com/u/Goldgoon/,,,,
https://www.tradingview.com/u/CSM007/,,,https://twitter.com/CSM_Trader,
https://www.tradingview.com/u/duarteclinton/,,,,
https://www.tradingview.com/u/RsiStochFinanc/,,,,
https://www.tradingview.com/u/FalandoDeGrana/,,,,
https://www.tradingview.com/u/thalesff/,,,,
https://www.tradingview.com/u/edilsonet/,,,,
https://www.tradingview.com/u/bitmasterbr/,,,https://twitter.com/bitmasterbr,
https://www.tradingview.com/u/Trickzito/,,,,
https://www.tradingview.com/u/JoseRenato_CNPI-T/,https://aquitrader.com,https://www.youtube.com/channel/UCwOotXys5mEF0nvzKVAYNVg,https://twitter.com/JoseRenatoMar,"site: https://aquitrader.com\r\n\r\nAnalista de Valores Mobili√°rios, CNPI-T (2704), certificado pela APIMEC"
https://www.tradingview.com/u/evertonkastor/,,,,
https://www.tradingview.com/u/cairobernardescosta/,,,,
https://www.tradingview.com/u/hainneraz/,,,,
https://www.tradingview.com/u/guilhcarvalho/,,,,
https://www.tradingview.com/u/FucaCripto/,,,,
https://www.tradingview.com/u/Ricardovt/,,,,
https://www.tradingview.com/u/DANTEXtrader/,,,,
https://www.tradingview.com/u/ozirestalysson/,,,https://twitter.com/Sr_Ozires,
https://www.tradingview.com/u/miguelmaksud/,,,,
https://www.tradingview.com/u/oliverprads/,,,,
https://www.tradingview.com/u/LeandroMoraOficial/,,,,
https://www.tradingview.com/u/Andre_Salsa/,,https://www.youtube.com/channel/UCk62P8nje0FjWzVIe4W7gZg,,
https://www.tradingview.com/u/raphaelpezzutto2014/,,,,
https://www.tradingview.com/u/Andersonpqz/,,,,
https://www.tradingview.com/u/Danilo558/,,,https://twitter.com/88Brito,
https://www.tradingview.com/u/kgckouta/,,,,
https://www.tradingview.com/u/EdsonHenriqueSantos/,,,https://twitter.com/EdsonHenriquess,
https://www.tradingview.com/u/FabioSR/,,,,
https://www.tradingview.com/u/IgorLaureano/,,,,
https://www.tradingview.com/u/FamiFreak/,,,,
https://www.tradingview.com/u/danieljuliaci/,,,https://twitter.com/JULI9897,
https://www.tradingview.com/u/DanSemStop/,,,,
https://www.tradingview.com/u/Abrirlong/,,,,
https://www.tradingview.com/u/RonySena/,,,,
https://www.tradingview.com/u/AtaideTrader/,,,,
https://www.tradingview.com/u/leandrofrancademello/,,,https://twitter.com/leanderdulac,
https://www.tradingview.com/u/JORGEPERITO/,,,,
https://www.tradingview.com/u/dosian/,,,,
https://www.tradingview.com/u/mentoria4gstrader/,,,,
https://www.tradingview.com/u/saulomtc/,,,,
https://www.tradingview.com/u/LorenaAlmada/,,,https://twitter.com/lorenaalmadag,
https://www.tradingview.com/u/Gabrieel/,,,,
https://www.tradingview.com/u/Joe_The_Trader/,,,https://twitter.com/diluck007,
https://www.tradingview.com/u/MarketSkills/,,,,
https://www.tradingview.com/u/pdraotrader_/,,https://www.youtube.com/channel/UCW7lyfnk5v5LGNUaaH-3IRg,,
https://www.tradingview.com/u/Gedeaoluis/,,,,
https://www.tradingview.com/u/CaioArruda/,,,https://twitter.com/CaioArruda18,
https://www.tradingview.com/u/Jltgosh_officialFx/,,,https://twitter.com/Jltgoshfx,
https://www.tradingview.com/u/Gil_92/,,,,
https://www.tradingview.com/u/maycoln/,,,,
https://www.tradingview.com/u/SpotBR/,,,,
https://www.tradingview.com/u/rosolenrafael/,,,,
https://www.tradingview.com/u/AndsFdes/,,,,
https://www.tradingview.com/u/lucasbrembatti/,,,,
https://www.tradingview.com/u/ALEXANDRE-l-/,,,,
https://www.tradingview.com/u/LucasLebre/,,,,
https://www.tradingview.com/u/Prudenciovitor_/,,,,
https://www.tradingview.com/u/joaohenriquema/,,,,
https://www.tradingview.com/u/PasiTrader/,,,,
https://www.tradingview.com/u/Candeira12/,,,,
https://www.tradingview.com/u/luis_alcantara_/,,,,
https://www.tradingview.com/u/esmolacriptocoin/,,,https://twitter.com/EsmolaCrypto,
https://www.tradingview.com/u/WendelCL/,,,https://twitter.com/wendellobao,
https://www.tradingview.com/u/tibochenski/,,,,
https://www.tradingview.com/u/AnibalSergio/,,,,
https://www.tradingview.com/u/filipebsb04/,,,,
https://www.tradingview.com/u/alvaroAdviser/,,,,
https://www.tradingview.com/u/gobiratrader/,,https://www.youtube.com/channel/UCzpMn1faBVtRJzQcIHtLvEg,,
https://www.tradingview.com/u/jorgecarlosgabriel18/,,,,
https://www.tradingview.com/u/AdrianoRC/,,,,
https://www.tradingview.com/u/EcoTrader-tv/,,https://www.youtube.com/channel/UC-JyA4Ch0aVb3YqJtyfkDoQ,https://twitter.com/econewstrader,
https://www.tradingview.com/u/julianosb/,,,,
https://www.tradingview.com/u/derikcad26/,,,,
https://www.tradingview.com/u/MelkHold/,,,https://twitter.com/mellkholder,
https://www.tradingview.com/u/ViniciusGama/,,,,
https://www.tradingview.com/u/edutanaka/,,,https://twitter.com/edutanaka,
https://www.tradingview.com/u/remarkableGnu93961/,,,,
https://www.tradingview.com/u/Daniel_Pallotta/,,,,
https://www.tradingview.com/u/Exquillo/,,,,
https://www.tradingview.com/u/TRadeum_/,,,,
https://www.tradingview.com/u/niceUnicorn34756/,,,,
https://www.tradingview.com/u/gabrielbotelhob/,,,https://twitter.com/gabrielofia,
https://www.tradingview.com/u/Gnucripto_OF/,,,https://twitter.com/Gnucripto,
https://www.tradingview.com/u/JMisthename/,,,,
https://www.tradingview.com/u/caioborowski/,,,,
https://www.tradingview.com/u/pauloscherllock/,,,https://twitter.com/PRodriguesjrr,
https://www.tradingview.com/u/ItaloOlini/,,,,
https://www.tradingview.com/u/jefersonmfs/,,,,
https://www.tradingview.com/u/ivobalutajr/,,,,
https://www.tradingview.com/u/devidesgabriel/,,,,
https://www.tradingview.com/u/MAXWELLCARNEIRO/,,,,
https://www.tradingview.com/u/cleverson82/,,,,
https://www.tradingview.com/u/victorluizfacul/,,,,
https://www.tradingview.com/u/josuellsillva/,,,,
https://www.tradingview.com/u/pedrodinho/,,,,
https://www.tradingview.com/u/Lucasrd2k/,,,https://twitter.com/Lucasrd2k,
https://www.tradingview.com/u/damaziofelippe/,,,,
https://www.tradingview.com/u/norbertocimirro/,,,,
https://www.tradingview.com/u/ox-o-xo/,,,,
https://www.tradingview.com/u/Skjervaldee/,,,,
https://www.tradingview.com/u/giselenvk/,,,,
https://www.tradingview.com/u/GioBot/,,,,
https://www.tradingview.com/u/hugogpsilva/,,,https://twitter.com/hugogpsilva,
https://www.tradingview.com/u/sandroedias/,,,,
https://www.tradingview.com/u/NARUTOUSUMAKI/,,,,
https://www.tradingview.com/u/loribao/,,,,
https://www.tradingview.com/u/IgorLeonardo/,,,,
https://www.tradingview.com/u/Digtradi/,,,,
https://www.tradingview.com/u/cawmartins/,,,https://twitter.com/@cawmartins,
https://www.tradingview.com/u/capstonker/,,,,
https://www.tradingview.com/u/Vidoretto/,,,,
https://www.tradingview.com/u/MetodoOdin/,,,,
https://www.tradingview.com/u/venozo/,,,,
https://www.tradingview.com/u/DiniMises/,,,,
https://www.tradingview.com/u/lucas91salmo/,,,,
https://www.tradingview.com/u/ZomboUserr/,,,,
https://www.tradingview.com/u/performatrade/,,,https://twitter.com/tj_ciriaco,
https://www.tradingview.com/u/Pchinaider/,,,,
https://www.tradingview.com/u/Ocorvo/,,,https://twitter.com/0_CORV0,
https://www.tradingview.com/u/franciscocaetano01/,,,,
https://www.tradingview.com/u/yuribarrosferreira/,,,,
https://www.tradingview.com/u/SadBear/,,,,
https://www.tradingview.com/u/evertonfelipemorais/,,,,
https://www.tradingview.com/u/Lureuz/,,,,
https://www.tradingview.com/u/traderjaime888/,,,,
https://www.tradingview.com/u/Fernnan/,,,,
https://www.tradingview.com/u/RafaelHaddad/,,,,
https://www.tradingview.com/u/uendermotorista/,,,,
https://www.tradingview.com/u/raulsantanas/,,,,
https://www.tradingview.com/u/matteusw/,,,,
https://www.tradingview.com/u/NerdCore666/,,,,
https://www.tradingview.com/u/Tio_Patinhas_BR/,,https://www.youtube.com/channel/UCJy9r8QXfB58Blu11rcPBwQ,https://twitter.com/Tio_Patinhas_BR,
https://www.tradingview.com/u/Balefex/,,,https://twitter.com/realtraderfx,
https://www.tradingview.com/u/massacote84/,,,https://twitter.com/didaoa,
https://www.tradingview.com/u/LucasStoffele/,,,https://twitter.com/Lucasstoffele1,
https://www.tradingview.com/u/wellsilvaeng/,,,,
https://www.tradingview.com/u/paulogalatti/,,,,
https://www.tradingview.com/u/ethostrader/,,,,
https://www.tradingview.com/u/ligianit/,,,,
https://www.tradingview.com/u/gabrielmedrs/,,,,
https://www.tradingview.com/u/luanfrancelino/,,,,
https://www.tradingview.com/u/underzonejp/,,,,
https://www.tradingview.com/u/DiogoCampos/,,,,
https://www.tradingview.com/u/m_ricobello/,,,https://twitter.com/cryptoyoda710,
https://www.tradingview.com/u/guuu420/,,,,
https://www.tradingview.com/u/mdk_FX/,,,,
https://www.tradingview.com/u/PittaGriffin/,,,,
https://www.tradingview.com/u/max2gb/,,,,
https://www.tradingview.com/u/csantana/,,,,
https://www.tradingview.com/u/vitorinogs/,,,,
https://www.tradingview.com/u/flavioJNeto/,,,https://twitter.com/johann_neto,
https://www.tradingview.com/u/theforexsamuraibr/,,,,
https://www.tradingview.com/u/SandraPimentel/,,,,
https://www.tradingview.com/u/Walkerz1n/,,,,
https://www.tradingview.com/u/araujopilot/,,,https://twitter.com/SullivanCompan2,
https://www.tradingview.com/u/cesarnonato/,,,,
https://www.tradingview.com/u/qatarinaalmeidaaa/,,,,
https://www.tradingview.com/u/AdrianoSeniuk/,,,,
https://www.tradingview.com/u/DolarStocks/,,,https://twitter.com/DolarStocks,
https://www.tradingview.com/u/Mal3r4/,,,,
https://www.tradingview.com/u/flauberto/,,,,
https://www.tradingview.com/u/dougfunnny/,,,,
https://www.tradingview.com/u/GabrielSilva_Guerreiro/,,,https://twitter.com/guerreiro13,
https://www.tradingview.com/u/JohnsonGeek/,,,,
https://www.tradingview.com/u/turco89/,,,https://twitter.com/hashi5h,
https://www.tradingview.com/u/JairoMartins2021/,,,,
https://www.tradingview.com/u/caiquestein/,,,https://twitter.com/SteinCaique,
https://www.tradingview.com/u/Maxmp89/,,,,
https://www.tradingview.com/u/thirez7/,,,,
https://www.tradingview.com/u/cryptofanio/,,,,
https://www.tradingview.com/u/maxsouzatrader/,,,https://twitter.com/itsmaxsouza,
https://www.tradingview.com/u/clarikru/,,,,
https://www.tradingview.com/u/RobertoHS/,,,,
https://www.tradingview.com/u/Dengue-Cripto/,,,https://twitter.com/matheustsst,
https://www.tradingview.com/u/Ferfex/,,https://www.youtube.com/channel/UCs0SlY--2_HUaIB2_hUMgbQ,,
https://www.tradingview.com/u/sougeeh/,,,,
https://www.tradingview.com/u/Angel_WalkerLT/,,,,
https://www.tradingview.com/u/RyannCarlosFX/,,,,
https://www.tradingview.com/u/fabriciofouraux/,,,https://twitter.com/FabricioFouraux,
https://www.tradingview.com/u/diegoinvestimentos/,,,https://twitter.com/Diegofl1983,
https://www.tradingview.com/u/Anderson_economista/,,https://www.youtube.com/channel/UCvLcyyT4yqNuRZ90Qeq-j7Q,https://twitter.com/Andy_economista,
https://www.tradingview.com/u/yyzbarros/,,,,
https://www.tradingview.com/u/lvsr9663/,,,https://twitter.com/0x_Vinicius200,
https://www.tradingview.com/u/zincagameplay/,,,,
https://www.tradingview.com/u/lyusao/,,,,
https://www.tradingview.com/u/glauco486/,,,,
https://www.tradingview.com/u/JefersonEuropeu/,,,,
https://www.tradingview.com/u/eduardo_rabelo/,,,,
https://www.tradingview.com/u/T_CoutinhoFX/,,,https://twitter.com/Matheus85943350,
https://www.tradingview.com/u/Trade_and_Trip/,,,https://twitter.com/tradeandtrip,
https://www.tradingview.com/u/r4rafael/,,,,
https://www.tradingview.com/u/trademoney2/,,,,
https://www.tradingview.com/u/CML_Forex/,,,,
https://www.tradingview.com/u/sidaocoelhojr/,,,,
https://www.tradingview.com/u/emersonbonardo45545/,,,,
https://www.tradingview.com/u/Mr_Brito/,,,,
https://www.tradingview.com/u/LeoGhinz/,,,https://twitter.com/Leo_ghinzelli,
https://www.tradingview.com/u/dmorrs/,,,,
https://www.tradingview.com/u/andrecaixeta/,,,,
https://www.tradingview.com/u/Leopoldo54/,,,,
https://www.tradingview.com/u/Crypto_Jovens/,,,https://twitter.com/TotalRandon,
https://www.tradingview.com/u/fernandes-6/,,,,
https://www.tradingview.com/u/dhsaito/,,,,
https://www.tradingview.com/u/geekboyfx/,,,,
https://www.tradingview.com/u/JohanLiiebert/,,,,
https://www.tradingview.com/u/brunobordamartins/,,,https://twitter.com/BordaMartins,
https://www.tradingview.com/u/Peticow/,,,,
https://www.tradingview.com/u/Garlet_384/,,https://www.youtube.com/channel/UC4Oo1M198jhgf6K9pz5GdUw,,
https://www.tradingview.com/u/diegodf05/,,,,
https://www.tradingview.com/u/HardSoftInfo/,,,,
https://www.tradingview.com/u/Thiago5566/,,,,
https://www.tradingview.com/u/eliasteixeira02/,,,,
https://www.tradingview.com/u/WilsonCarvalho2000/,,,,
https://www.tradingview.com/u/G_Rangel/,,,https://twitter.com/rangel_charts,
https://www.tradingview.com/u/UnknownUnicorn33182530/,,,,
https://www.tradingview.com/u/adrfs2577/,,,,
https://www.tradingview.com/u/Trendline365/,https://bit.ly/3jYrF1Y,https://www.youtube.com/channel/UCkVO6cyx57ubVBFg2__DpSg,https://twitter.com/Trendline365,
https://www.tradingview.com/u/xxxnilsonxxx/,,,,
https://www.tradingview.com/u/trovadorsolitario398/,,,,
https://www.tradingview.com/u/hoffve/,,,,
https://www.tradingview.com/u/traderb320/,,,,
https://www.tradingview.com/u/flaviovmp/,,,,
https://www.tradingview.com/u/Ciro-Fernandes/,,,,
https://www.tradingview.com/u/oliveira.thelmo/,,,,
https://www.tradingview.com/u/Erikire/,,,,
https://www.tradingview.com/u/Carlos_Guttemberg/,,,https://twitter.com/CarlosGuttember,
https://www.tradingview.com/u/VictoEGEN/,,,,
https://www.tradingview.com/u/bomfimpierre/,,,https://twitter.com/pierrebomfim,
https://www.tradingview.com/u/Green-Bear/,,,,
https://www.tradingview.com/u/YellowTraderM/,,,,
https://www.tradingview.com/u/metanolpp/,,,https://twitter.com/metanolpp,
https://www.tradingview.com/u/luis26braga/,,,https://twitter.com/LusFern98536505,
https://www.tradingview.com/u/frmateriaishidraulicos/,,,,
https://www.tradingview.com/u/SuriHP/,,,,
https://www.tradingview.com/u/juanvieirainvest/,,,,
https://www.tradingview.com/u/guiquant/,,,,
https://www.tradingview.com/u/ramonmichel8/,,,https://twitter.com/IMainCrypto,
https://www.tradingview.com/u/Nico_holder14/,,,,
https://www.tradingview.com/u/coimbrajones/,,,https://twitter.com/coimbrajones,
https://www.tradingview.com/u/karinacarandina/,,,,
https://www.tradingview.com/u/Naoseii/,,,,
https://www.tradingview.com/u/gabriel_hrr/,,,,
https://www.tradingview.com/u/FabricioLuis/,,,,
https://www.tradingview.com/u/vitorpolidori/,,,,
https://www.tradingview.com/u/MagnoCorrea/,,,,
https://www.tradingview.com/u/eduardoop11/,,,,
https://www.tradingview.com/u/yurandahightkuality007/,,,,
https://www.tradingview.com/u/lucasantony815/,,,,
https://www.tradingview.com/u/DuBom/,,,,
https://www.tradingview.com/u/LucasRibeiro/,,https://www.youtube.com/channel/UC8gQEoEbIR_3fbPTGH8ugGA,https://twitter.com/gordinhocripto,
https://www.tradingview.com/u/Arruda93/,,,,
https://www.tradingview.com/u/JuniorFerreira/,,,,
https://www.tradingview.com/u/giacomoproje/,,,,
https://www.tradingview.com/u/guilhermeservicos/,,,,
https://www.tradingview.com/u/Uile_Pires/,,,https://twitter.com/InvestHoldTrade,
https://www.tradingview.com/u/RSTrane/,,,,
https://www.tradingview.com/u/Ganso/,,,,
https://www.tradingview.com/u/ronitojr/,,,,
https://www.tradingview.com/u/rlpr/,,,,
https://www.tradingview.com/u/rcforexscalperx/,,,,
https://www.tradingview.com/u/Douglas-Trade/,,,,
https://www.tradingview.com/u/solidMoth21148/,,,,
https://www.tradingview.com/u/Ferhro/,,,https://twitter.com/fingerfor,
https://www.tradingview.com/u/smokemachine/,,,,
https://www.tradingview.com/u/jcjunior1001/,,,https://twitter.com/jotajotabrasil,
https://www.tradingview.com/u/mercifulJaguar61629/,,,,
https://www.tradingview.com/u/forexportugal/,,,https://twitter.com/bogdan_bob69,
https://www.tradingview.com/u/luizguilherme2301/,,,,
https://www.tradingview.com/u/clebervm/,,,,
https://www.tradingview.com/u/sandroalex28/,,,,
https://www.tradingview.com/u/Mrthiago/,,,https://twitter.com/Mrthiiiago,
https://www.tradingview.com/u/Fiumarin/,,,https://twitter.com/fiumarojr,
https://www.tradingview.com/u/eltamburi/,,,,
https://www.tradingview.com/u/silwagenesis/,,,,
https://www.tradingview.com/u/andreuerj/,,,https://twitter.com/andrecardosobtc,
https://www.tradingview.com/u/renatoaviz/,,,,
https://www.tradingview.com/u/albanoafonso30/,,,,
https://www.tradingview.com/u/JuNiNhOo/,,,https://twitter.com/_JuNiNhOo_,
https://www.tradingview.com/u/LargerPlayer/,,,,
https://www.tradingview.com/u/pekao321/,,,,
https://www.tradingview.com/u/Anderson_mczal/,,,https://twitter.com/Anderson_MCZ_AL,
https://www.tradingview.com/u/PG-PedroGuilherme/,,,https://twitter.com/pginvestidor,
https://www.tradingview.com/u/OramaInvestimentos/,,https://www.youtube.com/channel/UCVpVsdVPhIsDp9bmGGXFJ5g,https://twitter.com/oramainvest,
https://www.tradingview.com/u/agdbomba/,,,https://twitter.com/Andre2cd,
https://www.tradingview.com/u/MarcosRippel_RuralTrader/,,,,
https://www.tradingview.com/u/InvestidoresdeFiis/,,,,
https://www.tradingview.com/u/andre1991trader/,,,,
https://www.tradingview.com/u/tiago8444/,,,,
https://www.tradingview.com/u/washingtonciocci/,,,,
https://www.tradingview.com/u/DersonGuru/,,,,
https://www.tradingview.com/u/TradersDeElitePortugal/,,,https://twitter.com/WendersonMateu8,
https://www.tradingview.com/u/FagnerVidal/,,,,
https://www.tradingview.com/u/ander70387/,,,,
https://www.tradingview.com/u/zanitti1/,,,https://twitter.com/ovni_npxs,
https://www.tradingview.com/u/Ullyssescruz/,,,,
https://www.tradingview.com/u/lucasvianna309/,,,,
https://www.tradingview.com/u/ramonvreinaldo/,,,,
https://www.tradingview.com/u/Romarfi/,,,https://twitter.com/romarfi,
https://www.tradingview.com/u/vanderslyk/,,,,
https://www.tradingview.com/u/lucaschorao/,,,,
https://www.tradingview.com/u/EmersonAlves/,,,,
https://www.tradingview.com/u/thiagozapk/,,,,
https://www.tradingview.com/u/leandro502004/,,,,
https://www.tradingview.com/u/putoscann/,,,,
https://www.tradingview.com/u/RuivoSergio76/,,,,
https://www.tradingview.com/u/B3_CRYPTO/,,,,
https://www.tradingview.com/u/client-coin/,,,,
https://www.tradingview.com/u/dLaminInvest/,,,,
https://www.tradingview.com/u/FuscaoPreto/,,,,
https://www.tradingview.com/u/ag3trading/,,,https://twitter.com/jcmoriginal,
https://www.tradingview.com/u/Cryptocurrencytradersbets/,,,,
https://www.tradingview.com/u/GuerreiroInvest/,,,,
https://www.tradingview.com/u/gabaonogueira/,,,https://twitter.com/gabaonogueira,
https://www.tradingview.com/u/adersonsilva/,,,,
https://www.tradingview.com/u/VFXCripto/,,https://www.youtube.com/channel/UCvfqX5LCv0BEHzAdOStf2iQ,https://twitter.com/vfxcripto,
https://www.tradingview.com/u/rebonxhe/,,,,
https://www.tradingview.com/u/geralgeral3333/,,,,
https://www.tradingview.com/u/lucasboachar/,,,https://twitter.com/cardosolcb,
https://www.tradingview.com/u/significantCoc13539/,,,,
https://www.tradingview.com/u/Ex-Drogo/,,,,
https://www.tradingview.com/u/dumalandrini/,,,https://twitter.com/dumalandrini,
https://www.tradingview.com/u/tel36214287/,,,,
https://www.tradingview.com/u/LuizML/,,,,
https://www.tradingview.com/u/lucasfrodrigues2605/,,,,
https://www.tradingview.com/u/importantGuest51999/,,,,
https://www.tradingview.com/u/martelinhodeouroezequias/,,,,
https://www.tradingview.com/u/primitivaroots/,,,,
https://www.tradingview.com/u/eVIEW/,,,,
https://www.tradingview.com/u/killplay02/,,,,
https://www.tradingview.com/u/endricklorran/,,,,
https://www.tradingview.com/u/octaviosnascimento2005/,,,https://twitter.com/RevolutRita,
https://www.tradingview.com/u/pauferreira1982/,,,,
https://www.tradingview.com/u/jbpmeira2530/,,,,
https://www.tradingview.com/u/Sardinha_Paruda_159/,,,https://twitter.com/ElizandroSchmi1,
https://www.tradingview.com/u/jyrctjccnf/,,,,
https://www.tradingview.com/u/lucasvianna307/,,,,
https://www.tradingview.com/u/LuaneLucca/,,,,
https://www.tradingview.com/u/vitor-de-melo/,,,,
https://www.tradingview.com/u/COWBER/,,,,
https://www.tradingview.com/u/Samuraidog/,,,,
https://www.tradingview.com/u/richardmmlp2/,,,https://twitter.com/richardzzz__,
https://www.tradingview.com/u/fredilsonandreiadaveiga/,,,,
https://www.tradingview.com/u/PauloIgor13/,,,,
https://www.tradingview.com/u/pleasantEnthus19464/,,,https://twitter.com/uorrembife,
https://www.tradingview.com/u/diogofla2010/,,,,
https://www.tradingview.com/u/lcml/,,,,
https://www.tradingview.com/u/fabiomcer/,,,,
https://www.tradingview.com/u/AVATRADER/,,,https://twitter.com/Avatrader19,
https://www.tradingview.com/u/gnucripto/,,,https://twitter.com/Gnucripto,
https://www.tradingview.com/u/Pedick/,,,,
https://www.tradingview.com/u/Bairrada/,,,https://twitter.com/DanielBairrada,
https://www.tradingview.com/u/PatriciaRibeiro2/,,,,
https://www.tradingview.com/u/CaioMasiero/,,,,
https://www.tradingview.com/u/dimascomachio/,,,,
https://www.tradingview.com/u/Matheuscrytec19/,,,,
https://www.tradingview.com/u/BadPower/,,,,
https://www.tradingview.com/u/JoaoMoreira999/,,,,
https://www.tradingview.com/u/albertomajutam/,,,,
https://www.tradingview.com/u/Sergiomvmatos/,,,https://twitter.com/Sergiomvmatos,
https://www.tradingview.com/u/renankschneider/,,,,
https://www.tradingview.com/u/heryckonproject/,,,,
https://www.tradingview.com/u/incryptomarket/,,,,
https://www.tradingview.com/u/marcelo.celodll/,,,,
https://www.tradingview.com/u/Clube21kk/,https://pay.hotmart.com/P47920612X?checkoutMode=10&bid=1618957660692,https://www.youtube.com/channel/UC_eRkzdCWWZRjMUh3otFMPw,https://twitter.com/C21kk,
https://www.tradingview.com/u/GustavoHenrySilva/,,,,
https://www.tradingview.com/u/Anchieta13/,,,,
https://www.tradingview.com/u/lucasrdg06/,,,,
https://www.tradingview.com/u/kkussler/,,,,
https://www.tradingview.com/u/Jv1803/,,,,
https://www.tradingview.com/u/Leonhls/,,,https://twitter.com/LeonGonev,
https://www.tradingview.com/u/Edsonmedeirosfj102030405060/,,,,
https://www.tradingview.com/u/LibertyFxbr/,,,,
https://www.tradingview.com/u/workfeli555/,,,,
https://www.tradingview.com/u/alvesyoung123/,,,,
https://www.tradingview.com/u/cbrlpxd/,,,,
https://www.tradingview.com/u/tconsist/,,,,
https://www.tradingview.com/u/IgorDanielFx/,,,,
https://www.tradingview.com/u/W794/,,,,
https://www.tradingview.com/u/caiosevero/,,,,
https://www.tradingview.com/u/MROMAR63/,,,,
https://www.tradingview.com/u/biscoitoOUbolacha/,,,,
https://www.tradingview.com/u/mmrsg0/,,,,
https://www.tradingview.com/u/carnevalegvictor/,,,,
https://www.tradingview.com/u/vitorkauan1313/,,,,
https://www.tradingview.com/u/miguelcardoso/,,,,
https://www.tradingview.com/u/lucaasmedeiros7/,,,,
https://www.tradingview.com/u/DJSampa/,,,,
https://www.tradingview.com/u/juninhokk12/,,,,
https://www.tradingview.com/u/DiegoLEao/,,,,
https://www.tradingview.com/u/julianomeyer29/,,,,
https://www.tradingview.com/u/N1L51N/,,,https://twitter.com/nilsinalmeida,
https://www.tradingview.com/u/riquelmeprussiano/,,,,
https://www.tradingview.com/u/Kalie_Julie_Sophie/,,,,
https://www.tradingview.com/u/brandonmigueladm/,,,https://twitter.com/_brandonmiguel,
https://www.tradingview.com/u/felippeserggio/,,,,
https://www.tradingview.com/u/Kaio_Felipe/,,,,
https://www.tradingview.com/u/LucasGordo/,,,,
https://www.tradingview.com/u/fabiopmelo/,,,https://twitter.com/fabiopmelo,
https://www.tradingview.com/u/FOREX_BRASIL/,,https://www.youtube.com/channel/UCuKZB19LKfPAMHaJRRBGNOA,,
https://www.tradingview.com/u/VITINHO090/,,,,
https://www.tradingview.com/u/ROBERTSONGUEDES/,,,https://twitter.com/GuedesRobertson,
https://www.tradingview.com/u/jmjmachado12/,,,,
https://www.tradingview.com/u/O2Dealer/,,,,
https://www.tradingview.com/u/tiodarsa/,,,,
https://www.tradingview.com/u/carlosarthurvbdp/,,,,
https://www.tradingview.com/u/cmloos/,,,,
https://www.tradingview.com/u/Elvio-Soares/,,,,
https://www.tradingview.com/u/RicardoTome/,,,,
https://www.tradingview.com/u/italodasneves96/,,,https://twitter.com/talo93662021,
https://www.tradingview.com/u/XAMARTY/,,,,
https://www.tradingview.com/u/TraderV8/,,,,
https://www.tradingview.com/u/Sardinha_em_crescimento/,,,,
https://www.tradingview.com/u/CastroviejoElegante/,,,,
https://www.tradingview.com/u/ricardobnogueira/,,,,
https://www.tradingview.com/u/tradeanalysty/,,,,
https://www.tradingview.com/u/Mathsenado/,,,,
https://www.tradingview.com/u/wonderfulBus69128/,,,,
https://www.tradingview.com/u/jonathan10ld/,,,,
https://www.tradingview.com/u/CryptoSolon/,,,,
https://www.tradingview.com/u/V1sk/,,,,
https://www.tradingview.com/u/HTraderBr/,,,,
https://www.tradingview.com/u/josesergiofi/,,,,
https://www.tradingview.com/u/EdLopes/,,,,
https://www.tradingview.com/u/GimenezCrypto/,,,https://twitter.com/GimenezCrypto,
https://www.tradingview.com/u/Z-Lever/,,,,
https://www.tradingview.com/u/olibenaprado/,,,,
https://www.tradingview.com/u/sorafabio/,,,https://twitter.com/Sora_Fabio_,
https://www.tradingview.com/u/SailorLaw/,,,https://twitter.com/sailor_law,
https://www.tradingview.com/u/drcarloshenriquejuridico/,,,,
https://www.tradingview.com/u/RonaldoRosaArgeri/,,,https://twitter.com/RonaldoArgeri,
https://www.tradingview.com/u/Sparkssn/,,,,
https://www.tradingview.com/u/BCAP_Investimentos/,,https://www.youtube.com/channel/UCx__0PJS_ZeHDwxTmlfXcaQ,https://twitter.com/lucasbcap,
https://www.tradingview.com/u/PosionBunny/,,,,
https://www.tradingview.com/u/RAMERITIOFLY/,,,,
https://www.tradingview.com/u/ALFA_Tecnologia/,,,https://twitter.com/lftl1971,
https://www.tradingview.com/u/igorbreno07/,,,,
https://www.tradingview.com/u/gustavocryptosm/,,,,
https://www.tradingview.com/u/Loirin/,,,,
https://www.tradingview.com/u/WendelSuzano/,https://omercadofuturo.com.br/,https://www.youtube.com/channel/UCA0dE1Xo0b2TnreM84J0zXg,https://twitter.com/WendelSuzanoP,
https://www.tradingview.com/u/gugavinib/,,,,
https://www.tradingview.com/u/vanderleiaaparecidaglinski/,,,,
https://www.tradingview.com/u/leonardobraga99/,,,,
https://www.tradingview.com/u/RaphaeCarvalhoBr/,,,,
https://www.tradingview.com/u/aulerandre/,,,https://twitter.com/auler_andre,
https://www.tradingview.com/u/geanftrader_3MA/,,https://www.youtube.com/channel/UCnGiKuNHDwAR_AWw1U7kbyg,https://twitter.com/geanftrader,
https://www.tradingview.com/u/EduardoVerissimo/,,,,
https://www.tradingview.com/u/RaulMoura/,,,https://twitter.com/DIbovespa,
https://www.tradingview.com/u/MARCOS_ALMEIDA_76/,,,,
https://www.tradingview.com/u/EvertonGX/,,,,
https://www.tradingview.com/u/rm_gbp/,,,https://twitter.com/MrGoldOunce,
https://www.tradingview.com/u/mimz98/,,,https://twitter.com/mimz98,
https://www.tradingview.com/u/RB_TRADER/,,,,
https://www.tradingview.com/u/Stonks_Trader/,,https://www.youtube.com/channel/UmbryAyolDesenvolvimento,https://twitter.com/@umbryayol,
https://www.tradingview.com/u/caio_alexanndre/,,,,
https://www.tradingview.com/u/phbsfm/,,,https://twitter.com/pedrh_bs,
https://www.tradingview.com/u/RafaelSantos/,,,,
https://www.tradingview.com/u/leoweed/,,,,
https://www.tradingview.com/u/EMagul/,,,,
https://www.tradingview.com/u/threewtox/,,,,
https://www.tradingview.com/u/LucasCostaAT/,,,https://twitter.com/LucasCostaAT,
https://www.tradingview.com/u/luanking06/,,,,
https://www.tradingview.com/u/tradernbg89064/,,,,
https://www.tradingview.com/u/edufms/,,,,
https://www.tradingview.com/u/FXavier_Trading_Team/,,,,
https://www.tradingview.com/u/leonardostos2000/,,,,
https://www.tradingview.com/u/MatheusCassiano/,,,https://twitter.com/cassianomatheu5,
https://www.tradingview.com/u/maikdionatas/,,,,
https://www.tradingview.com/u/julianoroveda/,,,,
https://www.tradingview.com/u/GarotaCrypto/,,,,
https://www.tradingview.com/u/NBOOK/,,,https://twitter.com/NBook_app,
https://www.tradingview.com/u/FERNANDOTPGAMER/,,,,
https://www.tradingview.com/u/JonnathasRodri/,,,https://twitter.com/dhowballack1315,
https://www.tradingview.com/u/Chrystoffercftrader/,,,,
https://www.tradingview.com/u/LOLBR/,,,,
https://www.tradingview.com/u/RodrigoHonorioUK/,,,https://twitter.com/Jack74541196,
https://www.tradingview.com/u/anacibelemonteirodesouzafranco/,,,,
https://www.tradingview.com/u/spfaah/,,,,
https://www.tradingview.com/u/matheusbach/,,,,
https://www.tradingview.com/u/Danilofibo440/,,https://www.youtube.com/channel/UC2zhxygtw_rgjWhUm0938bg,https://twitter.com/danilo_alves87,
https://www.tradingview.com/u/LourencoArantes/,,,,
https://www.tradingview.com/u/euWanthony/,,,,
https://www.tradingview.com/u/gutomn/,,,,
https://www.tradingview.com/u/dpardon/,,,,
https://www.tradingview.com/u/BarbeiroInvestidor/,,,,
https://www.tradingview.com/u/GianGuimaraes/,,,,
https://www.tradingview.com/u/HumbertoAlves/,,https://www.youtube.com/channel/UCgZuIKcf_nrXVEY8OXtsGrg,https://twitter.com/mydigitalcoin,
https://www.tradingview.com/u/DataCryptoAnalytics/,,https://www.youtube.com/channel/UCxfGBCV9E04Uw4flJLjBCqg,https://twitter.com/dc_analytics,
https://www.tradingview.com/u/alexandressrocha/,,,,
https://www.tradingview.com/u/eduhza/,,,,
https://www.tradingview.com/u/acr_trader/,,,,
https://www.tradingview.com/u/timzagonel/,,,,
https://www.tradingview.com/u/Douglas_Volcato/,,,https://twitter.com/Douglas_Volcato,
https://www.tradingview.com/u/clicerioneto/,,,,
https://www.tradingview.com/u/ediqbastos/,,,,
https://www.tradingview.com/u/SNIPER_2021/,,,,
https://www.tradingview.com/u/higorgazeta/,,,,
https://www.tradingview.com/u/lcsbritobjj/,,,,
https://www.tradingview.com/u/franciscovg33/,,https://www.youtube.com/channel/UCy6dTs3dTGfvBOABSpMi_yA,https://twitter.com/fg_trader,
https://www.tradingview.com/u/Kevin_Rui/,,,,
https://www.tradingview.com/u/Marciel_10/,,,,
https://www.tradingview.com/u/felipeassis6771/,,,,
https://www.tradingview.com/u/luigimoraesdesigner/,,,https://twitter.com/LuigiBm,
https://www.tradingview.com/u/rafaelmoura210/,,,,
https://www.tradingview.com/u/leandrobool55/,,,,
https://www.tradingview.com/u/gabrieldejesuspereira14/,,,,
https://www.tradingview.com/u/Wiliamsac/,,,https://twitter.com/wiliamsac,
https://www.tradingview.com/u/gecarraras/,,,https://twitter.com/CarrarasGe,
https://www.tradingview.com/u/phantom666d/,,,https://twitter.com/phantom666d,
https://www.tradingview.com/u/NicolasMarketSharks/,,,,
https://www.tradingview.com/u/mendesmarsenio/,,,,
https://www.tradingview.com/u/duduco/,,,,
https://www.tradingview.com/u/fernandhs770/,,,,
https://www.tradingview.com/u/Mauricio1998/,,https://www.youtube.com/channel/UCduaCKugvVaAJWsD6UA2vVA,,
https://www.tradingview.com/u/meessen2312/,,,,
https://www.tradingview.com/u/trens.rodrigo/,,,,
https://www.tradingview.com/u/yAngelicaL/,,,,
https://www.tradingview.com/u/CordeiroLoureiro/,,,,
https://www.tradingview.com/u/camilarocha1/,,,,
https://www.tradingview.com/u/eduardocavalcante1310/,,,,
https://www.tradingview.com/u/wfff/,,,,
https://www.tradingview.com/u/victooroliveira/,,,https://twitter.com/victoroliveiraa,
https://www.tradingview.com/u/FabyoCannavaroKoscielny/,,https://www.youtube.com/channel/UC71C3Mo-B8xQKte2b-yg11A,https://twitter.com/@CannavaroFabyo,
https://www.tradingview.com/u/tellyscastro/,,https://www.youtube.com/channel/UCldWjZqKtRu6lCd0m0A-Kiw,https://twitter.com/TellysCastro,
https://www.tradingview.com/u/InvestorGPspecialf/,,,,
https://www.tradingview.com/u/rique0212/,,,,
https://www.tradingview.com/u/Frameee/,,,https://twitter.com/frame_hz,
https://www.tradingview.com/u/smith-forex/,,,https://twitter.com/@alissonsmith,
https://www.tradingview.com/u/LordKoin/,,,https://twitter.com/Koin_Oficial,
https://www.tradingview.com/u/Sergio-Freire/,http://elementum.pt,,https://twitter.com/SrgioFreire4,
https://www.tradingview.com/u/trader4smoke20/,,,,
https://www.tradingview.com/u/TiNHO1/,,,,
https://www.tradingview.com/u/t-ron/,,,,
https://www.tradingview.com/u/AndradeRui/,,,https://twitter.com/Ruiandr97062327,
https://www.tradingview.com/u/Luisg4sparin/,,,,
https://www.tradingview.com/u/keltomloiola/,,,,
https://www.tradingview.com/u/felipeaugustomarquesdaluz89/,,,,
https://www.tradingview.com/u/marcelord1794/,,,,
https://www.tradingview.com/u/GrimmJow7/,,,https://twitter.com/AmorimAlvaro7,
https://www.tradingview.com/u/TonSan120Trader/,,,,
https://www.tradingview.com/u/arielcadacosta/,,,,
https://www.tradingview.com/u/thalespro64/,,,,
https://www.tradingview.com/u/PauloPR/,,,,
https://www.tradingview.com/u/charles2022/,,,,
https://www.tradingview.com/u/wallace_two/,,,,
https://www.tradingview.com/u/Rodrigo_Herreira/,,,,
https://www.tradingview.com/u/leandrosagomes/,,,,
https://www.tradingview.com/u/leehernandiz/,,,,
https://www.tradingview.com/u/Thiagoskto/,,,,
https://www.tradingview.com/u/diegopadoan_88/,,,https://twitter.com/Padoan_88,
https://www.tradingview.com/u/R1C0BRazil/,,,,
https://www.tradingview.com/u/Phillipcarret/,,,,
https://www.tradingview.com/u/claytongomez/,,,,
https://www.tradingview.com/u/tardellinux/,,,,
https://www.tradingview.com/u/dinhoedinhoed/,,,,
https://www.tradingview.com/u/PlaYerBr0/,,,,
https://www.tradingview.com/u/eliomaster/,,,,
https://www.tradingview.com/u/StefanoNeto/,,,https://twitter.com/stefano618,
https://www.tradingview.com/u/OffredBR/,,,https://twitter.com/thiagocosta50,
https://www.tradingview.com/u/adrianojuniorfariasj/,,,,
https://www.tradingview.com/u/gabrielaugustoxxxx/,,,,
https://www.tradingview.com/u/R4f4Bry4N/,,,,
https://www.tradingview.com/u/junior_timao/,,,,
https://www.tradingview.com/u/zemessiasol/,,,,
https://www.tradingview.com/u/omp713/,,,,
https://www.tradingview.com/u/PauloHOKAGE/,,,,
https://www.tradingview.com/u/Wit-Leandro/,,,,
https://www.tradingview.com/u/gumacu_trader/,,,,
https://www.tradingview.com/u/Manveru/,,,,
https://www.tradingview.com/u/Fernando_Trindade_FX/,,,,
https://www.tradingview.com/u/tavoratrade/,,,,
https://www.tradingview.com/u/gikoc/,,,,
https://www.tradingview.com/u/filipesvieira/,,https://www.youtube.com/channel/UC7NaHp-O9ImtFcg-14yUaXQ,https://twitter.com/_filipecomfi,
https://www.tradingview.com/u/fuscaldovinicius/,,,,
https://www.tradingview.com/u/fredericosotero/,,,,
https://www.tradingview.com/u/IWeslleyI/,,,,
https://www.tradingview.com/u/wendellfilho18/,,,,
https://www.tradingview.com/u/AlbertYuri1990/,,,,
https://www.tradingview.com/u/Raul-Santana/,,,,
https://www.tradingview.com/u/joaorcfranca/,,,,
https://www.tradingview.com/u/TRADERAKKAP/,,,,
https://www.tradingview.com/u/oliveiracripto/,,,,
https://www.tradingview.com/u/lucasdabliuw2/,,https://www.youtube.com/channel/UCdGWvfV889QzMIPHDpfp6VA,,
https://www.tradingview.com/u/Do_08_ao_80/,,,,
https://www.tradingview.com/u/pedrokvb/,,,,
https://www.tradingview.com/u/miguel9620/,,,,
https://www.tradingview.com/u/fabiiitavares/,,,,
https://www.tradingview.com/u/hyagod/,,,,
https://www.tradingview.com/u/ARE_Group/,,,,
https://www.tradingview.com/u/Trives1/,,,,
https://www.tradingview.com/u/ARNE1PAIVA/,,,,
https://www.tradingview.com/u/EstevaoBM/,,,,
https://www.tradingview.com/u/arthurchequer/,,,https://twitter.com/arthurchequer,
https://www.tradingview.com/u/OsmarSouza/,,,,
https://www.tradingview.com/u/PedroAtuan/,,,,
https://www.tradingview.com/u/CryptoAnarchyy/,,,https://twitter.com/Cryptonarchy1,
https://www.tradingview.com/u/pazprofunda/,,,,
https://www.tradingview.com/u/daviddesigyn/,,,,
https://www.tradingview.com/u/null_0day/,,,,Focado no que interessa: dinheiro !
https://www.tradingview.com/u/BUWPRICE/,,https://www.youtube.com/channel/UCQlUQDVQhQddsh-2zv5fSsA,,
https://www.tradingview.com/u/Fernandsilv/,,,,
https://www.tradingview.com/u/jupequenaju/,,,,
https://www.tradingview.com/u/CryptoTradersBrasil/,,,,
https://www.tradingview.com/u/matheusgoveia/,,,,
https://www.tradingview.com/u/gsilvamedeiros/,,,,
https://www.tradingview.com/u/habitum/,,,,
https://www.tradingview.com/u/marcoshenzel/,,,,
https://www.tradingview.com/u/atjunio/,,,,
https://www.tradingview.com/u/EnricoIvencio/,,,,
https://www.tradingview.com/u/Hugao12/,,,,
https://www.tradingview.com/u/rcx/,,,,
https://www.tradingview.com/u/ThiagoNobrega/,,,,
https://www.tradingview.com/u/scanz0/,,,,
https://www.tradingview.com/u/FeerTrader/,,,,
https://www.tradingview.com/u/EricMontatager/,,,,
https://www.tradingview.com/u/mtscury/,,,,
https://www.tradingview.com/u/r85pedro/,,,,
https://www.tradingview.com/u/c0mum/,,,,
https://www.tradingview.com/u/Ricardo_Maia/,,,,
https://www.tradingview.com/u/TrakinasTRADER_RJ/,,,,
https://www.tradingview.com/u/BzEquities/,,,,
https://www.tradingview.com/u/juliano-belle/,,,,
https://www.tradingview.com/u/mateusgaiotto/,,,,
https://www.tradingview.com/u/Iceboy_SwingTrader/,,,,
https://www.tradingview.com/u/victorvillaca/,,,,
https://www.tradingview.com/u/DeQueiiroz/,,,,
https://www.tradingview.com/u/luccas13ldr/,,,,
https://www.tradingview.com/u/JuniorSilva023/,,,,
https://www.tradingview.com/u/AHAHACrypto/,,,,
https://www.tradingview.com/u/Carol19/,,,,
https://www.tradingview.com/u/Edsoncossa/,,,,
https://www.tradingview.com/u/TwoCentsTrading/,,,,
https://www.tradingview.com/u/HiagoHenrique/,,,,
https://www.tradingview.com/u/Reinaldo_Procopio/,,,,
https://www.tradingview.com/u/Graficante/,,,,
https://www.tradingview.com/u/lincolnalberto/,,,,
https://www.tradingview.com/u/ulissesleite/,,,,
https://www.tradingview.com/u/SCastroN/,,,,
https://www.tradingview.com/u/AllForexTrades/,,,,
https://www.tradingview.com/u/tobiaspersonal/,,,,
https://www.tradingview.com/u/PauloCesarCdaCosta/,,,,
https://www.tradingview.com/u/Maedilma/,,,,
https://www.tradingview.com/u/ManoelCarlosJunior/,,,https://twitter.com/mottajuniorsc,
https://www.tradingview.com/u/Leocorreiac222/,,,,
https://www.tradingview.com/u/rafaelsiqueiradossantos/,,,,
https://www.tradingview.com/u/brunocaiquefx/,,,,
https://www.tradingview.com/u/harrisonmizuno980d4919fc604130/,,https://www.youtube.com/channel/UCLLIAjjVRpfHB9nlauQyBig,,
https://www.tradingview.com/u/CBranco/,,,https://twitter.com/scastelobrancoj,
https://www.tradingview.com/u/FilipeMelo571/,,,,
https://www.tradingview.com/u/Galotrader/,,,,
https://www.tradingview.com/u/serggiofelippe/,,,https://twitter.com/Serggiofelipp,
https://www.tradingview.com/u/engdouglasbr/,,,,
https://www.tradingview.com/u/satoshinakamoto1971/,,https://www.youtube.com/channel/UCj9yTihyStM8AlUP1q_7fxg,,
https://www.tradingview.com/u/Mstrike_oficial/,,https://www.youtube.com/channel/UCDoNLsVuMzMdPz8ONuDwwjA,,
https://www.tradingview.com/u/LucasLordhy/,,https://www.youtube.com/channel/UCSIw4F2RT6Z_VxUiKB2i-QQ,,
https://www.tradingview.com/u/Lucas-SFX/,,,,
https://www.tradingview.com/u/vgscriptochain/,,,,
https://www.tradingview.com/u/HugoGallo/,,,,
https://www.tradingview.com/u/Gbrl95/,,,,
https://www.tradingview.com/u/wwwJB01/,,,,
https://www.tradingview.com/u/RonaldoSantos/,,,,
https://www.tradingview.com/u/Riq_Marques/,,,https://twitter.com/@rick_sk8rock,
https://www.tradingview.com/u/Mafia_Bitcoin/,,https://www.youtube.com/channel/UCwUNktyvHuNSFzGhAw0fdzA,,
https://www.tradingview.com/u/jonnyrios123/,,,,
https://www.tradingview.com/u/DougTrader23/,,https://www.youtube.com/channel/UCgaHF6HVS-cNAsk7QbliIzw,,
https://www.tradingview.com/u/Ana_C/,,,https://twitter.com/@anacasteluci,
https://www.tradingview.com/u/RSOBTC/,,,,
https://www.tradingview.com/u/SenaRJ/,,,https://twitter.com/jonatha00454881,
https://www.tradingview.com/u/Dougnatividade_/,,,,
https://www.tradingview.com/u/Thaww/,,,,
https://www.tradingview.com/u/Brito-trader/,,,,
https://www.tradingview.com/u/WEKILLFX/,,,,
https://www.tradingview.com/u/traderlucasneves/,,,https://twitter.com/traderlucas710,
https://www.tradingview.com/u/viniciusrangel9/,,,,
https://www.tradingview.com/u/El_Diin/,,,,
https://www.tradingview.com/u/Menowa/,,,,
https://www.tradingview.com/u/Battousai_/,,,,
https://www.tradingview.com/u/AndersonPhilip/,,,,
https://www.tradingview.com/u/Lexgard/,,,https://twitter.com/02march97,
https://www.tradingview.com/u/Osherwork/,,,,
https://www.tradingview.com/u/sugahara34/,,,,
https://www.tradingview.com/u/investlab/,,,,
https://www.tradingview.com/u/allanrcferreira/,,,,
https://www.tradingview.com/u/SEMIDEUS/,,,,
https://www.tradingview.com/u/MyL_TRaDeR_/,,https://www.youtube.com/channel/UC_9bz8GBsTIZOtt3fxKmeSw,https://twitter.com/MyllerPM,
https://www.tradingview.com/u/joseortizatrdr/,,,https://twitter.com/@Ortiz_adv88,
https://www.tradingview.com/u/UnknownUnicorn35740828/,,,,
https://www.tradingview.com/u/jeamasa/,,,,
https://www.tradingview.com/u/68178476833247ad928c63ba4e92d2/,,,,
https://www.tradingview.com/u/hugostart/,,,,
https://www.tradingview.com/u/AJOchiai/,,,,
https://www.tradingview.com/u/Lemonader/,,,,
https://www.tradingview.com/u/FabioBV2020/,,,,
https://www.tradingview.com/u/brunomoradillo22/,,,,
https://www.tradingview.com/u/Samliber/,,,,
https://www.tradingview.com/u/Huguinhobra/,,,,
https://www.tradingview.com/u/mizaelctajes/,,,,
https://www.tradingview.com/u/tomk9/,,,,
https://www.tradingview.com/u/Hydraliskz/,,,https://twitter.com/FilipeMatteoli,
https://www.tradingview.com/u/luizroncalio/,,,,
https://www.tradingview.com/u/YagoKINGFX/,,,,
https://www.tradingview.com/u/LeonelFRQ/,,,,
https://www.tradingview.com/u/meowney06/,,,,
https://www.tradingview.com/u/fenemeth/,,,,
https://www.tradingview.com/u/caiodosan/,,,,
https://www.tradingview.com/u/WilliamGonzaga002/,,,,
https://www.tradingview.com/u/kubrusly/,,,,
https://www.tradingview.com/u/wilker500/,,,,
https://www.tradingview.com/u/bgullis/,,,https://twitter.com/danplen,
https://www.tradingview.com/u/RomuloPAlcanfor/,,https://www.youtube.com/channel/UC-1Ea_SWYFEQZof_b2E0TiQ,https://twitter.com/romuloalcanfor,
https://www.tradingview.com/u/Daytrader092/,,,,
https://www.tradingview.com/u/falcon26/,,,,
https://www.tradingview.com/u/neithangomes1/,,,,
https://www.tradingview.com/u/Arleiferreira/,,,https://twitter.com/ArleiFerreira8,
https://www.tradingview.com/u/gdinizgsd/,,,,
https://www.tradingview.com/u/WINKVEST/,,,,
https://www.tradingview.com/u/JonasMachado/,,,,
https://www.tradingview.com/u/kikosanjinez/,,,,
https://www.tradingview.com/u/TradeFarrapo/,,,,
https://www.tradingview.com/u/JuniorNascimento/,,,,
https://www.tradingview.com/u/clamalagoano/,,,,
https://www.tradingview.com/u/Rittiele/,,,,
https://www.tradingview.com/u/Clarice_Fernandes/,,,,
https://www.tradingview.com/u/chaotic_peace/,,,,
https://www.tradingview.com/u/marciojoris/,,,,
https://www.tradingview.com/u/fragoso1/,,,,
https://www.tradingview.com/u/felipegomesunb/,,,,
https://www.tradingview.com/u/TellesDaniel/,,,,
https://www.tradingview.com/u/salgu3ro/,,,,
https://www.tradingview.com/u/Ripaljol/,,,,
https://www.tradingview.com/u/Feliche1/,,,,
https://www.tradingview.com/u/Higor034/,,,,
https://www.tradingview.com/u/AlbertoLB30/,,,,
https://www.tradingview.com/u/EROSFREITAS/,,,,
https://www.tradingview.com/u/Eduardochaves/,,,,
https://www.tradingview.com/u/pedroelchairman/,,,,
https://www.tradingview.com/u/AlexandreTrader_1812/,,,,
https://www.tradingview.com/u/thomaz1000/,,,,
https://www.tradingview.com/u/mapereira/,,,,
https://www.tradingview.com/u/Billforexusa/,,,,
https://www.tradingview.com/u/JoelsonMagalhaes/,,,,
https://www.tradingview.com/u/sonekinha/,,,,
https://www.tradingview.com/u/RamonCoimbra/,,,,
https://www.tradingview.com/u/georgegof/,,,,
https://www.tradingview.com/u/GeraldoNascimento12/,,,,
https://www.tradingview.com/u/Dione_Ribas/,,,,
https://www.tradingview.com/u/DennisAbueno/,,,,
https://www.tradingview.com/u/IsabelaRuiz/,,,,
https://www.tradingview.com/u/consciousEagle87455/,,,,
https://www.tradingview.com/u/aldoplatiny/,,,,
https://www.tradingview.com/u/gustavaummmm/,,,,
https://www.tradingview.com/u/Emerson_Carvalho/,,,,
https://www.tradingview.com/u/thiagoxavier/,,https://www.youtube.com/channel/UClAbXY50kby2cctxA2GMKmA,https://twitter.com/@LeiturasTrader,
https://www.tradingview.com/u/josersjunior/,,,,
https://www.tradingview.com/u/Diogoperdiz00/,,,,
https://www.tradingview.com/u/fuegoel8/,,,,
https://www.tradingview.com/u/UnknownUnicorn2606068/,,,,
https://www.tradingview.com/u/UnknownUnicorn28701329/,,,,
https://www.tradingview.com/u/felicioantonio/,,,,
https://www.tradingview.com/u/antoniovargass/,,,,
https://www.tradingview.com/u/Tatiolicosta/,,,,
https://www.tradingview.com/u/PmFc1996/,,,,
https://www.tradingview.com/u/juanoliveirasp1/,,,,
https://www.tradingview.com/u/rfpampas/,,https://www.youtube.com/channel/UCRZlKBXHcQzkyEZ_KT2NWnQ,https://twitter.com/CriptoBagual,
https://www.tradingview.com/u/AbbathorPetrus/,,,https://twitter.com/Abbathor,
https://www.tradingview.com/u/RamiroHiroito/,,,,
https://www.tradingview.com/u/bielzin1234/,,,,
https://www.tradingview.com/u/GBR_/,,,,
https://www.tradingview.com/u/fabriciogulo/,,,,
https://www.tradingview.com/u/Alisson_Castro/,,,,
https://www.tradingview.com/u/mbelem42/,,,,
https://www.tradingview.com/u/eronsouza5/,,,,
https://www.tradingview.com/u/delberthsouzh/,,,,
https://www.tradingview.com/u/luigi3520/,,,,
https://www.tradingview.com/u/RogerETH/,,,,
https://www.tradingview.com/u/thiagotf1618/,,,https://twitter.com/ThiagoF_tf,
https://www.tradingview.com/u/jpedroparro/,,,https://twitter.com/joao_parro__,
https://www.tradingview.com/u/magneto_br/,,,https://twitter.com/andrecerque,
https://www.tradingview.com/u/rafaelalves090/,,,,
https://www.tradingview.com/u/Patolino1/,,,,
https://www.tradingview.com/u/tmx21/,,,,
https://www.tradingview.com/u/Victor45712/,,,,
https://www.tradingview.com/u/higonogueira/,,,https://twitter.com/ahigonogueira,
https://www.tradingview.com/u/brunofnasc/,,,,
https://www.tradingview.com/u/galvaoamorim/,,,,
https://www.tradingview.com/u/Ediran_Moraes/,,,,
https://www.tradingview.com/u/Danillo58/,,,,
https://www.tradingview.com/u/Jhonata_Muniz/,,,,
https://www.tradingview.com/u/DanilloTrindade28/,,,,
https://www.tradingview.com/u/Igor_Oliveira80/,,,,
https://www.tradingview.com/u/jonatancmonteiro/,,,,
https://www.tradingview.com/u/xxxdunkelheitxxx/,,,https://twitter.com/xxxdunkelheitxx,
https://www.tradingview.com/u/Wesley-Oliveira/,,,https://twitter.com/90seriegold,
https://www.tradingview.com/u/elvesalvestelesfx/,,,,
https://www.tradingview.com/u/leodantas99/,,,https://twitter.com/leodantas99,
https://www.tradingview.com/u/hiltonrpa/,,,,
https://www.tradingview.com/u/giovanicicconi/,,,https://twitter.com/giovanicicconi,
https://www.tradingview.com/u/madruga2000/,,,,
https://www.tradingview.com/u/Leunam_Avlis/,,,,
https://www.tradingview.com/u/abiaslopes/,,,,
https://www.tradingview.com/u/namastex10/,,,https://twitter.com/namastex10,
https://www.tradingview.com/u/alunoatbox/,https://www.atboxacademy.com,https://www.youtube.com/channel/UCT1OnQyNtTlaxuQ73wszJPA,,Chama que √© baile!
https://www.tradingview.com/u/christianbalzano/,,,,
https://www.tradingview.com/u/brunovvmoreira/,,,,
https://www.tradingview.com/u/danielgiunco/,,,,
https://www.tradingview.com/u/Change_Phase/,,,,
https://www.tradingview.com/u/RonamFM/,,,https://twitter.com/RonamCrypto,
https://www.tradingview.com/u/GUSTAVO-RIBEIRO/,,,,
https://www.tradingview.com/u/caplindebergue/,,,https://twitter.com/Lindeberguesena,
https://www.tradingview.com/u/gustavmv/,,,,
https://www.tradingview.com/u/andre_007/,,,https://twitter.com/@andre_libertus,
https://www.tradingview.com/u/rannyandroid/,,,,
https://www.tradingview.com/u/thiagaodebs/,,,,
https://www.tradingview.com/u/bento0304/,,,,
https://www.tradingview.com/u/henrique1w/,,,https://twitter.com/henrique1w,
https://www.tradingview.com/u/pedrohenryke/,,,,
https://www.tradingview.com/u/PedroHenriqueb1/,,,,
https://www.tradingview.com/u/hamyltonmuniz/,,,,
https://www.tradingview.com/u/MarretaBR/,,,,
https://www.tradingview.com/u/nissindiaz/,,,,
https://www.tradingview.com/u/rafaelmpz/,,,,
https://www.tradingview.com/u/maromiol/,,,,
https://www.tradingview.com/u/luciano75ss/,,,,
https://www.tradingview.com/u/budacanhoto/,,,https://twitter.com/budacanhoto,
https://www.tradingview.com/u/lonelySeafowl39982/,,,,
https://www.tradingview.com/u/leonardovieirass/,,,https://twitter.com/Leonard45333743,
https://www.tradingview.com/u/cauevicente/,,,https://twitter.com/caue_vicente,
https://www.tradingview.com/u/JhonyUSQueiroz/,,,,
https://www.tradingview.com/u/Dioghost/,,,,
https://www.tradingview.com/u/RodrigoMello062/,,,https://twitter.com/Rodrigo42668493,
https://www.tradingview.com/u/maxjunior22/,,,,
https://www.tradingview.com/u/fusccaa_reis/,,,,
https://www.tradingview.com/u/tompsomspace/,,,,
https://www.tradingview.com/u/kelvinhenriqeg/,,,,
https://www.tradingview.com/u/Vol_Power/,,,,
https://www.tradingview.com/u/ayrtoncap/,,,,
https://www.tradingview.com/u/mendes_silva14/,,,,
https://www.tradingview.com/u/hermeniotomas/,,,,
https://www.tradingview.com/u/CalvanoTradder91/,,,,
https://www.tradingview.com/u/galeguinho/,,,,
https://www.tradingview.com/u/Thiagolmc1/,,,,
https://www.tradingview.com/u/JOWPARRA/,,,,
https://www.tradingview.com/u/JonnyB369/,,,,
https://www.tradingview.com/u/Edybosscv1/,,,,
https://www.tradingview.com/u/joaovfinn/,,,https://twitter.com/joaovfin_,
https://www.tradingview.com/u/bigol33/,,,https://twitter.com/bitbigol,
https://www.tradingview.com/u/guibean/,,,,
https://www.tradingview.com/u/mastermatheusalmeida/,,,,
https://www.tradingview.com/u/vitorqbs/,,,https://twitter.com/VitorQueirozBr1,
https://www.tradingview.com/u/bieldj/,,,,
https://www.tradingview.com/u/filipealmeidakukri/,,,,
https://www.tradingview.com/u/FaustoJn/,,,https://twitter.com/FaustoJnm,
https://www.tradingview.com/u/MikeUDI/,,,,
https://www.tradingview.com/u/Uzan/,,,,
https://www.tradingview.com/u/matheuzzz41/,,,,
https://www.tradingview.com/u/nDaiki/,,,,
https://www.tradingview.com/u/RodrigoMarreiro/,,,,
https://www.tradingview.com/u/SigaBruu/,,,https://twitter.com/SigaBruu,
https://www.tradingview.com/u/Investidorinteligente/,,,,
https://www.tradingview.com/u/Pecdark/,,,,
https://www.tradingview.com/u/adderkiller/,,,,
https://www.tradingview.com/u/elintoon-cwb/,,,https://twitter.com/elinton_cwb,
https://www.tradingview.com/u/Matheus-Quadros/,,,https://twitter.com/MatheusMHQ,
https://www.tradingview.com/u/Angelo_Caio/,,,,
https://www.tradingview.com/u/affonsofx/,,,,
https://www.tradingview.com/u/Lozemosting/,,,,
https://www.tradingview.com/u/samuelsilvalima53/,,,,
https://www.tradingview.com/u/ffyskiko/,,,,
https://www.tradingview.com/u/trobokx/,,,,
https://www.tradingview.com/u/luiscruzgimenes/,,,,
https://www.tradingview.com/u/HoldEricDantasOficial/,,,,
https://www.tradingview.com/u/lucasbentosampaio/,,https://www.youtube.com/channel/UCaykAel6HEvVqUUhPfptNkg,https://twitter.com/meubitcoin,
https://www.tradingview.com/u/CamilaDescomplica/,https://www.camiladescomplica.com.br/expert,https://www.youtube.com/channel/UCnyVRAdkDXZJN5OpbDKpfcQ,https://twitter.com/CamilaZabeu,"Assine o melhor Canal do mercado Financeiro:\r\nhttps://www.camiladescomplica.com.br/expert\r\n\r\nConhe√ßa o Plano Expert, com os Gatilhos de Compra e venda, o conte√∫do educacional e a Live de An√°lises de ativos."
https://www.tradingview.com/u/mn616181/,,,,
https://www.tradingview.com/u/dougla02/,,,,
https://www.tradingview.com/u/cbuzuti/,,,,
https://www.tradingview.com/u/joaoomedeiros/,,,,
https://www.tradingview.com/u/vpviana/,,,,
https://www.tradingview.com/u/MukaGerhardt/,,,,
https://www.tradingview.com/u/creazola/,,,,
https://www.tradingview.com/u/MetodoBRK/,,https://www.youtube.com/channel/UChA3Otb6uyBJZl_LPqtBd3g,,
https://www.tradingview.com/u/ArielStephano/,,,,
https://www.tradingview.com/u/david.morato/,,,,
https://www.tradingview.com/u/atreyucryptot/,,,https://twitter.com/Atreyu_Crypto,
https://www.tradingview.com/u/Claudinei45/,,,,
https://www.tradingview.com/u/luiz.ricardo/,,,,
https://www.tradingview.com/u/Lykkyz-Costa/,,,,
https://www.tradingview.com/u/fctextura68556/,,,,
https://www.tradingview.com/u/GuilhermeHerdy/,,,https://twitter.com/GuilhermeEllerH,
https://www.tradingview.com/u/rtguasch11/,,,,
https://www.tradingview.com/u/thejrferr/,,,https://twitter.com/manoelcjrv,
https://www.tradingview.com/u/Te0s11/,,,,
https://www.tradingview.com/u/bovolato/,,,,
https://www.tradingview.com/u/Gzanotta/,,,https://twitter.com/gabzanotta,
https://www.tradingview.com/u/bertoldecontabilidade/,,,,
https://www.tradingview.com/u/cotacao/,,,,
https://www.tradingview.com/u/DennysRodrigues/,,,,
https://www.tradingview.com/u/Caroline_medeiros/,,,,
https://www.tradingview.com/u/OtavioVitorino/,,,,
https://www.tradingview.com/u/rebertolaso91/,,,https://twitter.com/BertolasoRenato,
https://www.tradingview.com/u/Tomzinho-Trader/,,,,
https://www.tradingview.com/u/drpbueno/,,,,
https://www.tradingview.com/u/Hasselmann/,,,,
https://www.tradingview.com/u/AdamSoares/,,https://www.youtube.com/channel/UCBJeRyf-xu10loksbcFXdlQ,,
https://www.tradingview.com/u/vichermont/,,,,
https://www.tradingview.com/u/nishizimahideo/,,,,
https://www.tradingview.com/u/Tomas_santos20/,,,,
https://www.tradingview.com/u/RFilgueiras/,,,,
https://www.tradingview.com/u/juliagarciaus/,,,,
https://www.tradingview.com/u/guilhermeotilio/,,,,
https://www.tradingview.com/u/Patrick_Baleia/,,,,
https://www.tradingview.com/u/Elvis7c/,,,,
https://www.tradingview.com/u/ViniciusHerrera/,,,,
https://www.tradingview.com/u/Marcelo-Honorato/,,,,
https://www.tradingview.com/u/ALLTreidi/,,,,
https://www.tradingview.com/u/RafaelEliger/,,,https://twitter.com/rafaeleliger,
https://www.tradingview.com/u/zassoL/,,,,
https://www.tradingview.com/u/hudasandre/,,,,
https://www.tradingview.com/u/PatriciaPereira5/,,,,
https://www.tradingview.com/u/SeiQNadaSei/,,,,
https://www.tradingview.com/u/matspin/,,,,
https://www.tradingview.com/u/geonedobaixo/,,,,
https://www.tradingview.com/u/LuanMotta7777/,,,https://twitter.com/luan77,
https://www.tradingview.com/u/PauloLara/,,,https://twitter.com/marqueslara,
https://www.tradingview.com/u/vinicius93787/,,,,
https://www.tradingview.com/u/delciodollar/,,,https://twitter.com/delciobaptista,
https://www.tradingview.com/u/Michel69Campos/,,,,
https://www.tradingview.com/u/criptoguibuzz/,,,,
https://www.tradingview.com/u/GabrielRostirolla/,,https://www.youtube.com/channel/UCCzayiJmM7wseAfrqRlbg1Q,https://twitter.com/GabeRost,
https://www.tradingview.com/u/rafaelldanieli/,,,,
https://www.tradingview.com/u/furtado.diogo/,,,https://twitter.com/furtadodiogo,
https://www.tradingview.com/u/depaulasilva/,,,,
https://www.tradingview.com/u/julianoprestes/,,,,
https://www.tradingview.com/u/brotovisky/,,,https://twitter.com/lbasiilio,
https://www.tradingview.com/u/pedropompeu/,,,https://twitter.com/pedro21053060,
https://www.tradingview.com/u/gilbertocarnieljunior/,,,https://twitter.com/carnieljunior,
https://www.tradingview.com/u/daviuchoa0/,,,,
https://www.tradingview.com/u/kleber21K/,,,,
https://www.tradingview.com/u/gedivaldomateus/,,,,
https://www.tradingview.com/u/Rlkalencar/,,,,
https://www.tradingview.com/u/DeutscheBank/,,https://www.youtube.com/channel/UCyTxVk_kNAuZWkP1XBC2xqg,,
https://www.tradingview.com/u/FimatheCriptomoedas/,,,,
https://www.tradingview.com/u/leodiasd7/,,,,
https://www.tradingview.com/u/BostaCagada/,,,,
https://www.tradingview.com/u/Ayirie/,,,,
https://www.tradingview.com/u/bsmartbit/,,,https://twitter.com/BSmasrtBit,
https://www.tradingview.com/u/Luanmin/,,,,
https://www.tradingview.com/u/InfactFintechFX/,,,,
https://www.tradingview.com/u/fernandoTSI/,,,,
https://www.tradingview.com/u/Recrutafinanceiro/,,,,
https://www.tradingview.com/u/lLance/,,,,
https://www.tradingview.com/u/cruzadsa/,,,,
https://www.tradingview.com/u/RicardoFerreiraPt/,,,,
https://www.tradingview.com/u/vasnito22/,,,,
https://www.tradingview.com/u/gabrielmvoltolini/,,,,
https://www.tradingview.com/u/thiagosantos9382/,,,,
https://www.tradingview.com/u/ThiagoTraderFxB/,,,,
https://www.tradingview.com/u/WilkinsonLuciano/,,,https://twitter.com/Willuciano,
https://www.tradingview.com/u/luisfelipearantes/,,,,
https://www.tradingview.com/u/cristiancarvalho/,,,,
https://www.tradingview.com/u/ajpenha1/,,,,
https://www.tradingview.com/u/lucianolob70/,,,,
https://www.tradingview.com/u/Jimmy_Mendonca/,,,,
https://www.tradingview.com/u/Josnei250313/,,,,
https://www.tradingview.com/u/mecoserra2008/,,,,
https://www.tradingview.com/u/jardelfw/,,,,
https://www.tradingview.com/u/romeumendescorretor/,,,,
https://www.tradingview.com/u/charleswesleyiat/,,,,
https://www.tradingview.com/u/MrFernando/,,https://www.youtube.com/channel/UChSQ8JxQEwUBkS_ZRR4bLhA,https://twitter.com/Fernand65949803,
https://www.tradingview.com/u/gillalbuquerq/,,,,
https://www.tradingview.com/u/FelipeCarneiro/,,,,
https://www.tradingview.com/u/rogteodoro/,,,,
https://www.tradingview.com/u/samyrmedeiros/,,https://www.youtube.com/channel/UC_BCjGox7AA5LiOfaNkL7sw,https://twitter.com/samyrbjj,
https://www.tradingview.com/u/thiagosalazarf/,,,,
https://www.tradingview.com/u/Frmg/,,,,
https://www.tradingview.com/u/dionisioalves/,,,,
https://www.tradingview.com/u/AspiraTrader/,,,https://twitter.com/@JAMILSONMORBIS,
https://www.tradingview.com/u/JakeDolar/,,https://www.youtube.com/channel/UCgAVWiGwyBApDl3S9jrWBSA,,
https://www.tradingview.com/u/DavidGoisss/,,,https://twitter.com/DavidGois20,
https://www.tradingview.com/u/reasantos/,,,,
https://www.tradingview.com/u/jilsonricardo/,,,,
https://www.tradingview.com/u/Wilckoff/,,,https://twitter.com/WilsonPachola,
https://www.tradingview.com/u/Leonel88/,,,https://twitter.com/Leo_Henrique88,
https://www.tradingview.com/u/Alemao_de_Wall_Street/,,,,
https://www.tradingview.com/u/FerrazBTC/,,,,
https://www.tradingview.com/u/Cryptonando11/,,,https://twitter.com/Cryptonando1,
https://www.tradingview.com/u/acdjunior72/,,,,
https://www.tradingview.com/u/Tarabay/,,,,
https://www.tradingview.com/u/marciojsf/,,,https://twitter.com/marciojsf,
https://www.tradingview.com/u/lusquiinhaaas/,,,https://twitter.com/lusquiinhaaas,
https://www.tradingview.com/u/christianndiasfernandesmoreira/,,,,
https://www.tradingview.com/u/SergioCoy/,,,,
https://www.tradingview.com/u/Patrick_Stefanini/,,,,
https://www.tradingview.com/u/MarketMiracleAdvisor/,http://marketmiracleadvisor.com/,https://www.youtube.com/channel/UCrhtb2qOBLTL94nkEVSWjjA,https://twitter.com/TizianoBruschi,Analysis based on the signals of Marketmiracle advisor.\n\nWebsite \nhttp://marketmiracleadvisor.com/\nto get advisor signals for free.\n\nTelegram : https://t.me/MarketMiracleAdvisor\n\nMiracle Viewer : \nhttps://www.youtube.com/watch?v=WUkXXqxeoR0&t=2s
https://www.tradingview.com/u/Lucas9819/,,,,
https://www.tradingview.com/u/raulyarcego/,,,https://twitter.com/ArcegoRauly,
https://www.tradingview.com/u/jorgetavares_oficial/,,https://www.youtube.com/channel/UChb7Rvwz_KK5-ymtuoY2jqw,https://twitter.com/Eu_JorgeTavares,
https://www.tradingview.com/u/Slan-invest/,,,,
https://www.tradingview.com/u/Prezidente2006/,,,,
https://www.tradingview.com/u/peassaf2006/,,,,
https://www.tradingview.com/u/JeanFavaretto/,,,,
https://www.tradingview.com/u/vctr_mello/,,,https://twitter.com/vctr_mello,
https://www.tradingview.com/u/jorgebrito/,,,,
https://www.tradingview.com/u/christianhawk/,,,https://twitter.com/ChristianHawk,
https://www.tradingview.com/u/MarcelotraderBTC/,,,,
https://www.tradingview.com/u/danielmpa/,,,,
https://www.tradingview.com/u/josilva013/,,,,
https://www.tradingview.com/u/guaraujo/,,,,
https://www.tradingview.com/u/fmelciades/,,,,
https://www.tradingview.com/u/Adrianoecker/,,,https://twitter.com/Adrianoecker,
https://www.tradingview.com/u/teixeira199w/,,,,
https://www.tradingview.com/u/robsoncarrilho12/,,,,
https://www.tradingview.com/u/Shelldor/,,,,
https://www.tradingview.com/u/Leandro_Augusto/,,,,
https://www.tradingview.com/u/alexnatas/,,,,
https://www.tradingview.com/u/pabloortega25/,,,,
https://www.tradingview.com/u/iomeswsl/,,,,
https://www.tradingview.com/u/GameOver88/,,,,
https://www.tradingview.com/u/rag123/,,,,
https://www.tradingview.com/u/LUCASTRADERSNIPER/,,,,
https://www.tradingview.com/u/MorningGoa/,,,,
https://www.tradingview.com/u/Nardacci/,,,,
https://www.tradingview.com/u/Daniel_Porto/,,,https://twitter.com/@_daniifporto,
https://www.tradingview.com/u/brunocoelho44/,,,,
https://www.tradingview.com/u/Dener94/,,,,
https://www.tradingview.com/u/prefiroserrico/,,,https://twitter.com/prefiroserrico,
https://www.tradingview.com/u/rtierno9/,,,,
https://www.tradingview.com/u/AurelioMarcosDaciolo/,,,,
https://www.tradingview.com/u/ttrindade/,,,https://twitter.com/mttrindadee,
https://www.tradingview.com/u/LuanNunes/,,,,
https://www.tradingview.com/u/starktraderjm/,,,,
https://www.tradingview.com/u/tududu/,,,,
https://www.tradingview.com/u/lean_dro/,,,,
https://www.tradingview.com/u/thiagogracino/,,,https://twitter.com/Thiago097638050,
https://www.tradingview.com/u/rafaelmarioto2011/,,,,
https://www.tradingview.com/u/pedropedraspa/,,,,
https://www.tradingview.com/u/jyboliveira/,,https://www.youtube.com/channel/UCnVwY082k_rhtLBQoUbzOgw,https://twitter.com/jyboliveira,
https://www.tradingview.com/u/jonesgollmann/,,,,
https://www.tradingview.com/u/chicaoartes/,,,,
https://www.tradingview.com/u/PersonalJosi/,,,,
https://www.tradingview.com/u/Isaias_Aguiar/,,,,
https://www.tradingview.com/u/suddenTruffle96294/,,,,
https://www.tradingview.com/u/Arzunya2/,,,https://twitter.com/Arzunya2,
https://www.tradingview.com/u/thiagoluz422/,,,,
https://www.tradingview.com/u/JOE6_65/,,,https://twitter.com/SandroCordeir0,
https://www.tradingview.com/u/washington-de-aviz-chaves/,,,,
https://www.tradingview.com/u/MarcosTrader26/,,,,
https://www.tradingview.com/u/charlesgarcia344/,,,,
https://www.tradingview.com/u/maxexplosao/,,,,
https://www.tradingview.com/u/EdnaldoSousa/,,,,
https://www.tradingview.com/u/MarcoAlmeida93/,,,,
https://www.tradingview.com/u/phisaico/,,,https://twitter.com/phisaico,
https://www.tradingview.com/u/ricardo_borges00/,,,,
https://www.tradingview.com/u/trwolski/,,,https://twitter.com/trwolski,
https://www.tradingview.com/u/rogeriobs/,,,,
https://www.tradingview.com/u/gviaraujo/,,,https://twitter.com/gviaraujo,
https://www.tradingview.com/u/henriqueholanda/,,,,
https://www.tradingview.com/u/FlavioPascoalGiro/,,,,
https://www.tradingview.com/u/kahsh/,,,,
https://www.tradingview.com/u/franciscoakash/,,,,
https://www.tradingview.com/u/FelipeOjeda/,,,,
https://www.tradingview.com/u/funcaotrade/,,https://www.youtube.com/channel/UC6uGo8iLF4b3zwP7aY_9XPg,,
https://www.tradingview.com/u/dtotti08/,,,,
https://www.tradingview.com/u/Marcos_Lopes_RJ/,,,https://twitter.com/Zen_rj,
https://www.tradingview.com/u/PITAGORAS/,,,,
https://www.tradingview.com/u/Calugo/,,,,
https://www.tradingview.com/u/Siman98/,,,,
https://www.tradingview.com/u/vasconegocios/,,,,
https://www.tradingview.com/u/nettinborges/,,,,
https://www.tradingview.com/u/thales_rxn/,,,,
https://www.tradingview.com/u/JaySsyB/,,,https://twitter.com/juliocb_jr,
https://www.tradingview.com/u/gabrielpinheiiro/,,,,
https://www.tradingview.com/u/nosceet/,,,https://twitter.com/nosceet,
https://www.tradingview.com/u/DiluSamu/,,,,
https://www.tradingview.com/u/kaduslawka/,,,,
https://www.tradingview.com/u/allexxbernardosilva/,,,,
https://www.tradingview.com/u/bihaiko/,,,,
https://www.tradingview.com/u/gbmayer/,,,,
https://www.tradingview.com/u/celiojunior93/,,,,
https://www.tradingview.com/u/JOELTO/,,,,
https://www.tradingview.com/u/raulc27/,,,https://twitter.com/raulc27,
https://www.tradingview.com/u/tradingprobr/,,,,
https://www.tradingview.com/u/adrp82/,,,,
https://www.tradingview.com/u/joaofavretto12/,,,,
https://www.tradingview.com/u/Dangercross/,,https://www.youtube.com/channel/UCAMMYXYk1hCxH1ghlU9eRFw,,
https://www.tradingview.com/u/Campos_Ricardo_/,,,https://twitter.com/Campos_Ricardo_,
https://www.tradingview.com/u/FellGMS/,,,https://twitter.com/FellGms,
https://www.tradingview.com/u/inovattisdev/,,,https://twitter.com/MaziniPiter,
https://www.tradingview.com/u/Marquinhow/,,,,
https://www.tradingview.com/u/Cavuca-Trader/,,,,
https://www.tradingview.com/u/deepoffset/,,,,
https://www.tradingview.com/u/limaandrey00/,,,,
https://www.tradingview.com/u/claudiomonteirobarbosa/,,,,
https://www.tradingview.com/u/VictorTraderCrypto/,,,,
https://www.tradingview.com/u/Begginer_trader/,,,,
https://www.tradingview.com/u/borba2020/,,,https://twitter.com/@diegoborba,
https://www.tradingview.com/u/oliveiracarloseduardo7/,,,,
https://www.tradingview.com/u/sml01/,,,https://twitter.com/ml01trader,
https://www.tradingview.com/u/Gabibasso93/,,,,
https://www.tradingview.com/u/Pedro_Luz/,,,,
https://www.tradingview.com/u/djvinicripto/,,,,
https://www.tradingview.com/u/Fhycter/,,,,
https://www.tradingview.com/u/aletins/,,,https://twitter.com/AletinsMartins,
https://www.tradingview.com/u/iriscalegare/,,,https://twitter.com/iriscalegare,
https://www.tradingview.com/u/theringa/,,,,
https://www.tradingview.com/u/Luffy_de_Casaco/,,,,
https://www.tradingview.com/u/vitormiracca/,,,,
https://www.tradingview.com/u/lucasmpfx96/,,,,
https://www.tradingview.com/u/SigaOLucro/,,https://www.youtube.com/channel/UC6wFz8fm_3NryWCyouhsdRw,https://twitter.com/SigaOLucro,
https://www.tradingview.com/u/VLBUENO/,,,https://twitter.com/@victorlbueno,
https://www.tradingview.com/u/joaomendes600/,,,,
https://www.tradingview.com/u/DhibaoMoraes/,,https://www.youtube.com/channel/UCZc8CMjpzRfz0Tp352vvKbw,https://twitter.com/felastocks,
https://www.tradingview.com/u/poloinvestimentos/,,,,
https://www.tradingview.com/u/rogerioev/,,,,
https://www.tradingview.com/u/HugoCarpegianny/,,,,
https://www.tradingview.com/u/Filipe_C/,,,,
https://www.tradingview.com/u/Breno_DSL/,,,https://twitter.com/@Breno_DSL,
https://www.tradingview.com/u/torvidoze/,,,,
https://www.tradingview.com/u/carrascoBTC/,,,,
https://www.tradingview.com/u/topbitlider/,,,https://twitter.com/kaikehenrique,
https://www.tradingview.com/u/gabrieldavi555/,,,,
https://www.tradingview.com/u/Dracma_inv/,,,https://twitter.com/danilodracma,
https://www.tradingview.com/u/derik0973/,,,,
https://www.tradingview.com/u/UnknownUnicorn5990908/,,,,
https://www.tradingview.com/u/ChristopherVanelli/,,,https://twitter.com/eh_o_chris,
https://www.tradingview.com/u/edbng/,,,,
https://www.tradingview.com/u/brunodinizferreira12/,,,,
https://www.tradingview.com/u/migjota/,,,,
https://www.tradingview.com/u/tap85/,,,,
https://www.tradingview.com/u/Mutondo/,,,,
https://www.tradingview.com/u/ThommyLee/,,,,
https://www.tradingview.com/u/rhuan_moraes/,,,,
https://www.tradingview.com/u/m_font_/,,,,
https://www.tradingview.com/u/JorgeParaizo/,,,,
https://www.tradingview.com/u/DiRoseno/,,,,
https://www.tradingview.com/u/UnknownUnicorn18772957/,,,,
https://www.tradingview.com/u/rjcpereira/,,,,
https://www.tradingview.com/u/jeanneio2021/,,,,
https://www.tradingview.com/u/falcoperegrinus/,,,,
https://www.tradingview.com/u/JULIOCRYPT/,,,,
https://www.tradingview.com/u/EXPFinance/,,https://www.youtube.com/channel/UCEuRxvqauvu1dwBLc2FJ-tw,,
https://www.tradingview.com/u/CriaDeAllStreet/,,,,
https://www.tradingview.com/u/JHONJHONPROIBIDO/,,,,
https://www.tradingview.com/u/RicardoFCN/,,,,
https://www.tradingview.com/u/Eudes_Filho/,,,,
https://www.tradingview.com/u/mswlopes/,,,,
https://www.tradingview.com/u/alvarolopes/,,,,
https://www.tradingview.com/u/luizhenrique653/,,,https://twitter.com/Loshiro6,
https://www.tradingview.com/u/Leandro_Vasconcelos/,,,,
https://www.tradingview.com/u/JoaoOtxoa/,,,,
https://www.tradingview.com/u/maryahmarinho/,,,https://twitter.com/maryahmarinho,
https://www.tradingview.com/u/atfmme/,,,,
https://www.tradingview.com/u/maryahmarinho2/,,,,
https://www.tradingview.com/u/ruisnozer/,,,https://twitter.com/ruisnozer,
https://www.tradingview.com/u/RPHMK/,,,,
https://www.tradingview.com/u/BIDICO/,,,,
https://www.tradingview.com/u/CryptoBirck/,,,,
https://www.tradingview.com/u/ovalentim/,,,,
https://www.tradingview.com/u/dellteixeira/,,,,
https://www.tradingview.com/u/ScorpionTraderBrazil/,,https://www.youtube.com/channel/UCgVGM8UICN3VveMBm-UqcbQ,,
https://www.tradingview.com/u/EduardoNicoleit_/,,,https://twitter.com/@EduardoNicoleit,
https://www.tradingview.com/u/RKanashiro/,,,,
https://www.tradingview.com/u/amadeuboss/,,,https://twitter.com/robschulzwaves,
https://www.tradingview.com/u/valdenirsilva100/,,,,
https://www.tradingview.com/u/seiki95/,,,https://twitter.com/ViniciusTakemu1,
https://www.tradingview.com/u/Fabio-Moura-1984/,,,,
https://www.tradingview.com/u/free4444love/,,,,
https://www.tradingview.com/u/pedro_inacio/,,,,
https://www.tradingview.com/u/brunocosta10260/,,https://www.youtube.com/channel/UCbcsVBUlx3RiokrfoSCxGwQ,https://twitter.com/brunocosta10260,
https://www.tradingview.com/u/brunaoesteves/,,,,
https://www.tradingview.com/u/alexandrequeiroz0905/,,,,
https://www.tradingview.com/u/samuel.santos.ss125/,,,,
https://www.tradingview.com/u/eltondpo/,,,,
https://www.tradingview.com/u/FelipeMartini/,,,,
https://www.tradingview.com/u/WaltherLima/,,,,
https://www.tradingview.com/u/cesarls/,,,,
https://www.tradingview.com/u/robcf/,,,,
https://www.tradingview.com/u/stoicinvestorbtc/,,,https://twitter.com/stoicinvestor_,
https://www.tradingview.com/u/VIEIRA_07/,,,,
https://www.tradingview.com/u/Diordan/,,,,
https://www.tradingview.com/u/Lucas_freitasds2/,,,,
https://www.tradingview.com/u/Chungrinha/,,,,
https://www.tradingview.com/u/die_khay/,,,,
https://www.tradingview.com/u/RenatoPenna/,,,,
https://www.tradingview.com/u/Calango_br/,,,,
https://www.tradingview.com/u/alexrodriguesasr/,,,https://twitter.com/escolafinanceir,
https://www.tradingview.com/u/Scali/,,,,
https://www.tradingview.com/u/danilowfelipe/,,,,
https://www.tradingview.com/u/cmallagoli/,,,,
https://www.tradingview.com/u/georgenardes/,,,,
https://www.tradingview.com/u/Cesoul/,,,,
https://www.tradingview.com/u/Michael_silva/,,,https://twitter.com/Michaelsilvafx,
https://www.tradingview.com/u/juliocapuerj/,,,,
https://www.tradingview.com/u/ongrillo/,,,,
https://www.tradingview.com/u/Renato_Medeiroz/,,,,
https://www.tradingview.com/u/tiagobichel1/,,,,
https://www.tradingview.com/u/herberton_candido_souza/,,,,
https://www.tradingview.com/u/vWOLFx/,,,,
https://www.tradingview.com/u/Jpjohny21/,,,,
https://www.tradingview.com/u/matheuspimentelvelloso2014/,,,https://twitter.com/smokenakamoto,
https://www.tradingview.com/u/d14Z3r4/,,,,
https://www.tradingview.com/u/Unlimitedbudget/,,,,
https://www.tradingview.com/u/ohhira3/,,,,
https://www.tradingview.com/u/marceloxr3/,,,,
https://www.tradingview.com/u/pinhopro/,,,,
https://www.tradingview.com/u/rdgo/,,,,
https://www.tradingview.com/u/Alexandre-Perrella/,,https://www.youtube.com/channel/UC1F_vkRmQWlQiEooIfPvjuA,https://twitter.com/@AzVogel,
https://www.tradingview.com/u/Tiagosouzatx/,,,,
https://www.tradingview.com/u/landzz1/,,https://www.youtube.com/channel/UCpHrCckqklwEZmDOl_JhW8A,https://twitter.com/lulandz,
https://www.tradingview.com/u/arttthur/,,,,
https://www.tradingview.com/u/durvalnetto/,,,,
https://www.tradingview.com/u/AragaoTrader/,,,,
https://www.tradingview.com/u/digalupam/,,,,
https://www.tradingview.com/u/marciomesa0123/,,,,
https://www.tradingview.com/u/fabiananativa123/,,,,
https://www.tradingview.com/u/YanGildo/,,,https://twitter.com/yan_gildo,
https://www.tradingview.com/u/A2andersonalves/,,,,
https://www.tradingview.com/u/VenumPT/,,,https://twitter.com/Venum_PT,
https://www.tradingview.com/u/ASNF1995/,,,https://twitter.com/p2pcripto,
https://www.tradingview.com/u/iPhillipe/,,,,
https://www.tradingview.com/u/empreendedor138/,,,https://twitter.com/pilleto,
https://www.tradingview.com/u/DerekPlachi/,,,,
https://www.tradingview.com/u/randley/,,,,
https://www.tradingview.com/u/salgadolucas7/,,,,
https://www.tradingview.com/u/oSalesss/,,,,
https://www.tradingview.com/u/evandercaetano29/,,,,
https://www.tradingview.com/u/TheNicollas/,,,https://twitter.com/TheNicollas,
https://www.tradingview.com/u/ChrysB/,,,,
https://www.tradingview.com/u/patriciofssilva/,,,,
https://www.tradingview.com/u/Dobain/,,,,
https://www.tradingview.com/u/Menddola/,,,,
https://www.tradingview.com/u/marcelosouz/,,,,
https://www.tradingview.com/u/AlexPivi/,,,,
https://www.tradingview.com/u/cialeb2bbempress/,,,,
https://www.tradingview.com/u/spcleite/,,,,
https://www.tradingview.com/u/luisguilhermedf/,,,,
https://www.tradingview.com/u/johnnyfxmcfly/,,,,
https://www.tradingview.com/u/victorrochatrader/,,,,
https://www.tradingview.com/u/WallPedra/,,,,
https://www.tradingview.com/u/cassiooliveiraspricido/,,,,
https://www.tradingview.com/u/BusyHead/,,,,
https://www.tradingview.com/u/mscardozo/,,,,
https://www.tradingview.com/u/rodolfomhn/,,,,
https://www.tradingview.com/u/VictorFariapro/,,,,
https://www.tradingview.com/u/rosaencantadamodas/,,,,
https://www.tradingview.com/u/gustavocarvalho/,,,https://twitter.com/gcarvalho777,
https://www.tradingview.com/u/EasyTakeProfit/,,,,
https://www.tradingview.com/u/iagojunio445/,,,,
https://www.tradingview.com/u/ArielNonato/,,,,
https://www.tradingview.com/u/AndreHoffmann/,,,,
https://www.tradingview.com/u/Bastos_Cesar/,,,,
https://www.tradingview.com/u/mrlonmra/,,,,
https://www.tradingview.com/u/mussayazaldegodinho/,,,,
https://www.tradingview.com/u/ShelbyFx/,,,,
https://www.tradingview.com/u/eduardomarques_g/,,,,
https://www.tradingview.com/u/ShizuoO_1618/,,https://www.youtube.com/channel/UCozTbKcHFa4DjMyTAp55pfg,https://twitter.com/1618Shizuoo,
https://www.tradingview.com/u/KassioBueno/,,,https://twitter.com/KassioBueno,
https://www.tradingview.com/u/Lipe_lx/,,,https://twitter.com/luizfilipexavi1,
https://www.tradingview.com/u/CMVG_INFINITY_SINAIS/,,,,
https://www.tradingview.com/u/lincolnsm25/,,,,
https://www.tradingview.com/u/consistenciav10/,,,,
https://www.tradingview.com/u/Gildeci/,,https://www.youtube.com/channel/UCVXq1nhyVUR_F7Dvye_VEpg,https://twitter.com/GIL__FX,
https://www.tradingview.com/u/3cedef3de6704e05b20b88b067a983/,,,,
https://www.tradingview.com/u/magodoy/,,,https://twitter.com/SorrocheGodoy,
https://www.tradingview.com/u/ivandervs/,,,,
https://www.tradingview.com/u/BorbaGold/,,https://www.youtube.com/channel/UC_g38XdFz_VTE6VhaXOP_AQ,https://twitter.com/GoldBorba,
https://www.tradingview.com/u/ramadan87c/,,,,
https://www.tradingview.com/u/kdalcico/,,,,
https://www.tradingview.com/u/Kadu_Trader/,,,https://twitter.com/trader_kadu,
https://www.tradingview.com/u/Soyer_/,,,,
https://www.tradingview.com/u/avjardim/,,,,
https://www.tradingview.com/u/Biones/,,,https://twitter.com/ChicungunyaF,
https://www.tradingview.com/u/rafaelgoebelk/,,,,
https://www.tradingview.com/u/leomocelin_/,,,https://twitter.com/leomocelin_,
https://www.tradingview.com/u/johnelton/,,,,
https://www.tradingview.com/u/saulo0586/,,,,
https://www.tradingview.com/u/LeonZimmer7/,,https://www.youtube.com/channel/UC5nyH8UKPNlBrmmhSI7ry-Q,,
https://www.tradingview.com/u/victorfomarques/,,,,
https://www.tradingview.com/u/kaiquemattos92/,,,,
https://www.tradingview.com/u/andreprestes2566/,,,,
https://www.tradingview.com/u/TiagoCFrazao/,,,,
https://www.tradingview.com/u/michelmartins/,,,,
https://www.tradingview.com/u/allandomingues123/,,,,
https://www.tradingview.com/u/Paulo_08/,,,,
https://www.tradingview.com/u/EdsonSouza/,,,,
https://www.tradingview.com/u/JooPaulloAlves/,,,,
https://www.tradingview.com/u/tarssomartins1/,,,,
https://www.tradingview.com/u/paulosilas/,,https://www.youtube.com/channel/UC-4eXbqh2xDFsI1P_sG5x8A,https://twitter.com/@paulosilas87,
https://www.tradingview.com/u/BrenerCastelo/,,,https://twitter.com/brenercastelo,
https://www.tradingview.com/u/reginacleim/,,,,
https://www.tradingview.com/u/vitormac/,,,,
https://www.tradingview.com/u/paulobttn/,,,,
https://www.tradingview.com/u/matl997/,,,,
https://www.tradingview.com/u/OrangeFinder/,,,,
https://www.tradingview.com/u/kialycosta/,,,,
https://www.tradingview.com/u/Thibahbrz/,,,https://twitter.com/nigro_thiago,
https://www.tradingview.com/u/RichOrLiq666/,,,https://twitter.com/OdisseuOphiucus,
https://www.tradingview.com/u/lucas_nunes1803/,,,,
https://www.tradingview.com/u/ggfariacx/,,,,
https://www.tradingview.com/u/viniest/,,,,
https://www.tradingview.com/u/gabrielmyth2/,,,,
https://www.tradingview.com/u/aaneiltonsilva/,,,,
https://www.tradingview.com/u/get244/,,,,
https://www.tradingview.com/u/nicktavar/,,,,
