https://www.tradingview.com/u/Tradertanofficial/,https://tradertan.co,https://www.youtube.com/channel/UC0eajffCbWbJ0PI789daZbA,https://twitter.com/tan__trader,üë• ‡∏Å‡∏•‡∏∏‡πà‡∏° Telegram ‡πÅ‡∏ä‡∏£‡πå‡∏Ç‡πà‡∏≤‡∏ß‡∏™‡∏≤‡∏£‡∏£‡∏≤‡∏¢‡∏ß‡∏±‡∏ô : https://t.me/tradertanclub\r\nüéÅ ‡∏™‡∏ô‡∏±‡∏ö‡∏™‡∏ô‡∏∏‡∏ô‡∏ó‡∏µ‡∏°‡∏á‡∏≤‡∏ô: https://www.blockdit.com/tradertanofficial\r\nü™ô ‡∏Å‡∏î‡∏õ‡∏∏‡πà‡∏° Cheer ‡πÄ‡∏û‡∏∑‡πà‡∏≠‡πÄ‡∏õ‡πá‡∏ô‡∏Å‡∏≥‡∏•‡∏±‡∏á‡πÉ‡∏à‡∏î‡πâ‡∏ß‡∏¢‡∏ô‡∏∞‡∏Ñ‡∏£‡∏±‡∏ö
https://www.tradingview.com/u/Bearich_Trading/,,https://www.youtube.com/channel/UC-iIcOUphHScFtKLsd1vSOA,,
https://www.tradingview.com/u/TeeWavetrad/,,,,
https://www.tradingview.com/u/ENTANEER/,,,,
https://www.tradingview.com/u/MAO-Thala-Wind/,,,,
https://www.tradingview.com/u/Nokza/,,,https://twitter.com/thaibuzz,
https://www.tradingview.com/u/Thehunterhuntsthecrypto20BF/,,https://www.youtube.com/channel/UCg0M04DfqMheHUuszpRyMmw,,
https://www.tradingview.com/u/GUYHUNTS/,,,,
https://www.tradingview.com/u/jcob07297/,,,,
https://www.tradingview.com/u/BFX-Trader/,,,,
https://www.tradingview.com/u/SonnTH/,,,https://twitter.com/noidva,
https://www.tradingview.com/u/kittiwut/,,,https://twitter.com/Kittiwu28616680,
https://www.tradingview.com/u/Real_inwCoin/,http://www.facebook.com/inwcoin,https://www.youtube.com/channel/UCrtyxtJzVpSgoPuLoso8N6A,,- ‡∏ñ‡πâ‡∏≤‡∏≠‡∏¢‡∏≤‡∏Å‡∏î‡∏π‡∏ú‡∏• Backtest ‡∏Ç‡∏≠‡∏á‡∏Å‡∏•‡∏¢‡∏∏‡∏ó‡∏ò‡∏ô‡∏µ‡πâ ‡πÉ‡∏´‡πâ‡πÄ‡∏õ‡∏¥‡∏î‡∏ú‡πà‡∏≤‡∏ô web browser ‡∏ö‡∏ô  PC ‡∏ô‡∏∞‡∏Ñ‡∏£‡∏±‡∏ö\n- ‡∏ñ‡πâ‡∏≤‡∏≠‡∏¢‡∏≤‡∏Å‡∏ï‡∏¥‡∏î‡∏ï‡∏≤‡∏°‡πÄ‡∏û‡∏à ‡∏Å‡πá‡πÄ‡∏Ç‡πâ‡∏≤‡πÑ‡∏õ‡πÑ‡∏•‡∏Ñ‡πå‡πÑ‡∏î‡πâ‡∏ó‡∏µ‡πà facebook.com/inwcoin\n- ‡∏ó‡∏∏‡∏Å‡∏ö‡∏ó‡∏ß‡∏¥‡πÄ‡∏Ñ‡∏£‡∏≤‡∏∞‡∏´‡πå ‡πÑ‡∏°‡πà‡πÉ‡∏ä‡πà‡∏Ñ‡∏≥‡πÅ‡∏ô‡∏∞‡∏ô‡∏≥‡πÉ‡∏ô‡∏Å‡∏≤‡∏£‡∏•‡∏á‡∏ó‡∏∏‡∏ô ‡πÄ‡∏õ‡πá‡∏ô‡πÄ‡∏û‡∏µ‡∏¢‡∏á‡∏Å‡∏≤‡∏£‡∏®‡∏∂‡∏Å‡∏©‡∏≤ Technical Analysis ‡πÅ‡∏•‡∏∞‡∏ö‡∏±‡∏ô‡∏ó‡∏∂‡∏Å‡πÑ‡∏ß‡πâ‡πÄ‡∏õ‡πá‡∏ô‡∏´‡∏•‡∏±‡∏Å‡∏ê‡∏≤‡∏ô‡∏Ç‡∏≠‡∏á‡∏ú‡∏°‡πÄ‡∏≠‡∏á‡πÄ‡∏ó‡πà‡∏≤‡∏ô‡∏±‡πâ‡∏ô
https://www.tradingview.com/u/fx_style_us/,,,https://twitter.com/kcryptobrother,
https://www.tradingview.com/u/Pray_Trade_Relax/,,,,
https://www.tradingview.com/u/weerachai5/,,,,
https://www.tradingview.com/u/NoBuShi112/,,,,
https://www.tradingview.com/u/KunMoet/,,,,
https://www.tradingview.com/u/art51307/,,,,
https://www.tradingview.com/u/TOKENTHAILAND/,https://www.token.in.th,https://www.youtube.com/channel/UCdOoE22iLxah_vNyg7MZ-ig,https://twitter.com/TOKENINTH,Mindset and Expert advisor \r\nApplication Programing Interface \r\nor Ai Algorithms Development
https://www.tradingview.com/u/pluemsparker/,,,,
https://www.tradingview.com/u/Watjakorn/,,https://www.youtube.com/channel/UCnYGWN0vJEsFi3zGftA_J2Q,,
https://www.tradingview.com/u/tradingwithtoptrader/,,,,
https://www.tradingview.com/u/Crypto_itsmylife/,,,,
https://www.tradingview.com/u/VANWINWAN/,,,,
https://www.tradingview.com/u/chocolove_benz/,,,,
https://www.tradingview.com/u/Chanayut/,,,,
https://www.tradingview.com/u/trader_j_official_jt/,,https://www.youtube.com/channel/UChKVJ93qfTMEKJrQKghyx7g,https://twitter.com/jt_traderfx,
https://www.tradingview.com/u/IKU_NANON/,,,,
https://www.tradingview.com/u/RT519/,,,,
https://www.tradingview.com/u/GOLFFOMO/,,,https://twitter.com/golffomo,
https://www.tradingview.com/u/Abdulmubean/,,,,
https://www.tradingview.com/u/gujabra/,,,https://twitter.com/gujabra,
https://www.tradingview.com/u/investorresource/,,,,
https://www.tradingview.com/u/Sam_Phasit/,,,,
https://www.tradingview.com/u/tphlxykml/,,,,
https://www.tradingview.com/u/thedeityoflife/,,,,
https://www.tradingview.com/u/UNRPP/,,,https://twitter.com/PoositRuengwan2,
https://www.tradingview.com/u/Tradernameaw/,,,,
https://www.tradingview.com/u/SDZ_TRADER/,,https://www.youtube.com/channel/UCcxhMnQ8gCIlClMvPqWB1lQ,https://twitter.com/SDZTRADER,
https://www.tradingview.com/u/kiyoshi999/,,,,
https://www.tradingview.com/u/ApipongWin/,,,,
https://www.tradingview.com/u/THITIKRON/,,,,
https://www.tradingview.com/u/Kommet/,,,https://twitter.com/kuamadeefx,
https://www.tradingview.com/u/Rothschild_Otis/,,,,
https://www.tradingview.com/u/dj_por/,,,,
https://www.tradingview.com/u/NEWGATE11/,,,,
https://www.tradingview.com/u/patsakorn21/,,,,
https://www.tradingview.com/u/dioraclinic/,,,,
https://www.tradingview.com/u/Hirosmile/,,,,
https://www.tradingview.com/u/jjjjz/,,,,
https://www.tradingview.com/u/puttathida-1129/,,,,
https://www.tradingview.com/u/aonzfixie/,,,,
https://www.tradingview.com/u/northanos_FX/,,https://www.youtube.com/channel/UCtMfIK9PiMp1IXLcy7UYv7g,https://twitter.com/north_forex,üëáüèª ‡∏ï‡∏¥‡∏î‡∏ï‡∏≤‡∏°‡∏ú‡∏° northanos ‡πÑ‡∏î‡πâ‡∏ó‡∏µ‡πà‡∏ô‡∏µ‡πà üëáüèª
https://www.tradingview.com/u/flukenaksomboon/,,,,
https://www.tradingview.com/u/Pcnik500/,,,https://twitter.com/phochara_nik,
https://www.tradingview.com/u/THFX-THAI/,,,https://twitter.com/PukpuiDefi,
https://www.tradingview.com/u/Elliottwave125i/,,https://www.youtube.com/channel/UC9MAwc4hKZQCiohpSCELuHw,https://twitter.com/Elliottwave125i,
https://www.tradingview.com/u/greatkub/,,,,
https://www.tradingview.com/u/Purich/,http://www.fbs.co.th,https://www.youtube.com/channel/UC-iBqc_Zwtsyfl_P8jUPGKQ,https://twitter.com/kun_purich,‡∏™‡∏≤‡∏°‡∏≤‡∏£‡∏ñ‡∏ï‡∏¥‡∏î‡∏ï‡∏≤‡∏°‡∏Ç‡πà‡∏≤‡∏ß ‡∏ö‡∏ô WEBSITE\nhttps://www.forexmonday.com/\n‡∏™‡∏≤‡∏°‡∏≤‡∏£‡∏ñ‡∏ï‡∏¥‡∏î‡∏ï‡∏≤‡∏°‡∏ö‡∏ó‡∏ß‡∏¥‡πÄ‡∏Ñ‡∏£‡∏≤‡∏∞‡∏´‡πå‡∏õ‡∏£‡∏∞‡∏à‡∏≥‡∏ó‡∏∏‡∏Å‡∏ß‡∏±‡∏ô‡πÑ‡∏î‡πâ‡∏ó‡∏µ‡πà \nhttps://www.facebook.com/purich.forexmonday/\n‡∏™‡∏≤‡∏°‡∏≤‡∏£‡∏ñ‡∏ï‡∏¥‡∏î‡∏ï‡∏≤‡∏°‡∏Ç‡πà‡∏≤‡∏ß‡∏™‡∏≤‡∏£‡πÑ‡∏î‡πâ‡∏£‡∏ß‡∏î‡πÄ‡∏£‡πá‡∏ß‡∏ú‡πà‡∏≤‡∏ô‡∏ó‡∏≤‡∏á\nhttps://twitter.com/kun_purich\n‡∏´‡∏£‡∏∑‡∏≠‡∏Å‡∏•‡∏∏‡πà‡∏° FACEBOOK ‡πÄ‡∏û‡∏∑‡πà‡∏≠‡∏≠‡πà‡∏≤‡∏ô‡∏ö‡∏ó‡∏Ñ‡∏ß‡∏≤‡∏°‡∏î‡∏µ‡πÜ ‡πÄ‡∏Å‡∏µ‡πà
https://www.tradingview.com/u/Kamolwech/,http://Kamolwech.com,https://www.youtube.com/channel/UCEGTV6EtIbZDu8WwqzBMs1w,https://twitter.com/kamolwech,‡∏Å‡∏°‡∏•‡πÄ‡∏ß‡∏ä ‡πÄ‡∏°‡∏∑‡∏≠‡∏á‡∏®‡∏£‡∏µ
https://www.tradingview.com/u/Worawut25/,,,,
https://www.tradingview.com/u/NatheeBunyanuwat/,,https://www.youtube.com/channel/UCM0s2q5X3tQ0t3wIq8_VJdg,https://twitter.com/XpowerT,
https://www.tradingview.com/u/mureangmao/,,,,
https://www.tradingview.com/u/empathicEagle11570/,,,https://twitter.com/IAMKAP_,
https://www.tradingview.com/u/ZoomerXeus/,,,,
https://www.tradingview.com/u/Alexis909/,,,,
https://www.tradingview.com/u/Mrballoon/,,,,
https://www.tradingview.com/u/theonepercentt3395/,,,,
https://www.tradingview.com/u/tOnLAk/,,,,
https://www.tradingview.com/u/dithchai/,,,,
https://www.tradingview.com/u/worapong1/,,,,
https://www.tradingview.com/u/MastreNome68/,,,,
https://www.tradingview.com/u/Exnesstrader999/,,,,
https://www.tradingview.com/u/Frank_Forex/,,,,
https://www.tradingview.com/u/QueenOfTrader/,,,,
https://www.tradingview.com/u/PacharaTantaragron/,,https://www.youtube.com/channel/UCJyeZGUM-taEYT55gOgISWQ,https://twitter.com/by_eaw,
https://www.tradingview.com/u/informalCraft79853/,,,https://twitter.com/kittiamonphat,
https://www.tradingview.com/u/Never-Ending/,,,,
https://www.tradingview.com/u/khame2522/,,,https://twitter.com/KhameWrd,
https://www.tradingview.com/u/Notjaa/,,,https://twitter.com/NotjaaRc,
https://www.tradingview.com/u/OctopusTrader/,,,,
https://www.tradingview.com/u/HUNDOa/,,,,
https://www.tradingview.com/u/thong_chai/,,,https://twitter.com/LP_4U,
https://www.tradingview.com/u/regret01/,,,,
https://www.tradingview.com/u/Sksurasak/,,,,
https://www.tradingview.com/u/MyfXthin/,,,,
https://www.tradingview.com/u/samitimed/,,,,
https://www.tradingview.com/u/Yuforia/,,,,
https://www.tradingview.com/u/kennkennntl/,,,,
https://www.tradingview.com/u/Bit_Doy_Trader/,,,,
https://www.tradingview.com/u/Alsava_Nego/,,,https://twitter.com/Alsavagu_Ozun,
https://www.tradingview.com/u/NattachaiSon/,,,,
https://www.tradingview.com/u/kittiampon/,,https://www.youtube.com/channel/UCBed33KRTS-lzcYQQIDEaQA,https://twitter.com/halamman,
https://www.tradingview.com/u/ZIKKY/,,,,
https://www.tradingview.com/u/kcaj_Jack/,,,,
https://www.tradingview.com/u/Worachet_2/,,,,
https://www.tradingview.com/u/anglesanrio/,,,,
https://www.tradingview.com/u/Somphichy/,,,,
https://www.tradingview.com/u/MKsince2022/,,,,
https://www.tradingview.com/u/UTimefx/,,,,
https://www.tradingview.com/u/pangzaiiz300/,,,,
https://www.tradingview.com/u/PinyoTikumpornTeerawong/,,https://www.youtube.com/channel/UCbADcwSouxI1Hu5V4DckdHw,,
https://www.tradingview.com/u/lakbangpu/,,,,
https://www.tradingview.com/u/Wilaiphat_a/,,,https://twitter.com/Wilaiphat_a,
https://www.tradingview.com/u/bboston/,,,,
https://www.tradingview.com/u/pond45797/,,,,
https://www.tradingview.com/u/Chanchai77/,,,,
https://www.tradingview.com/u/cheerfulCheeta61552/,,,,
https://www.tradingview.com/u/WeerayutKhonondaeng/,,,,
https://www.tradingview.com/u/yuttapongtrader/,,,,
https://www.tradingview.com/u/mos360/,,,,
https://www.tradingview.com/u/SAMORN333/,,,,
https://www.tradingview.com/u/Azaroc/,,,,
https://www.tradingview.com/u/artisticPie3622/,,,,
https://www.tradingview.com/u/tammikado17095/,,,,
https://www.tradingview.com/u/DetailTrader/,,,,
https://www.tradingview.com/u/Bedroom-Trader/,,,,
https://www.tradingview.com/u/noums1/,,https://www.youtube.com/channel/UC6qgjXOoQFk8FYFX4BHUdcA,,
https://www.tradingview.com/u/Tanayod/,,,,
https://www.tradingview.com/u/hoonruntrend/,https://www.hoonruntrend.com/,,https://twitter.com/natuchapong,
https://www.tradingview.com/u/prapon987/,,,,
https://www.tradingview.com/u/kreangkraithanuanram/,,https://www.youtube.com/channel/UCREQeNAV8iD_W0AH5qlGmMg,,
https://www.tradingview.com/u/bb24/,,,,
https://www.tradingview.com/u/Nirvana999/,,,,
https://www.tradingview.com/u/Rossi_Marquez/,,,,
https://www.tradingview.com/u/Mr_TraderBoiiz/,,,,
https://www.tradingview.com/u/natiqvim/,,https://www.youtube.com/channel/UC5-TgB_7NWOtGexTTvg6Qig,https://twitter.com/poysignology,
https://www.tradingview.com/u/SittinanKhumban/,,,,
https://www.tradingview.com/u/hearkrit1401/,,,,
https://www.tradingview.com/u/chayasoap/,,,,
https://www.tradingview.com/u/GMomentum/,,https://www.youtube.com/channel/UCgWA6lyc04vlZxXQDWOFTJQ,https://twitter.com/GMomentumfx,
https://www.tradingview.com/u/wathin_s/,,,,
https://www.tradingview.com/u/Hot_Trader/,,,,
https://www.tradingview.com/u/B-Stark/,,,,
https://www.tradingview.com/u/nikeofsamothrace99/,,,,
https://www.tradingview.com/u/Onerxlife/,,,,
https://www.tradingview.com/u/reddark906/,,,,
https://www.tradingview.com/u/JoNON23/,,,,
https://www.tradingview.com/u/Czhero_TH/,,,,
https://www.tradingview.com/u/Nimmano/,,,https://twitter.com/uttaya,
https://www.tradingview.com/u/Jumperboy/,,,https://twitter.com/jumperboyyy,
https://www.tradingview.com/u/LoVeHiP/,,,,
https://www.tradingview.com/u/JforexTH/,,https://www.youtube.com/channel/UCaoaTmvyBzYKQj5XxLVGwsA,,
https://www.tradingview.com/u/KAOWFX/,,,,
https://www.tradingview.com/u/KuanPutth/,,,https://twitter.com/bang999,
https://www.tradingview.com/u/anakkawit/,,,,
https://www.tradingview.com/u/sapperTH/,,,,
https://www.tradingview.com/u/mailan999/,,,,
https://www.tradingview.com/u/songproperty/,,,,
https://www.tradingview.com/u/Big_Boss_No-13/,,,https://twitter.com/DarthTrader246,
https://www.tradingview.com/u/aooddy/,,,,
https://www.tradingview.com/u/Cherdtrakoon809/,,,,
https://www.tradingview.com/u/WatanabeHideo/,,,https://twitter.com/HideoWatanabe15,
https://www.tradingview.com/u/visibleDove32002/,,,,
https://www.tradingview.com/u/Tradermaxthai/,,https://www.youtube.com/channel/UCFjc1Ypd_vPhpYP18v5Z-jg,,
https://www.tradingview.com/u/ForexMatter/,,,,
https://www.tradingview.com/u/Danuphong_ken/,,,,
https://www.tradingview.com/u/HumanGraphy/,,https://www.youtube.com/channel/UCg79DC9mmKzP4fm0x9_XYVQ,,
https://www.tradingview.com/u/Thhanarat/,,,,
https://www.tradingview.com/u/Professor_Nut/,,,,
https://www.tradingview.com/u/popularSuccess12075/,,,,
https://www.tradingview.com/u/Cristiano_Leo/,,,,
https://www.tradingview.com/u/CryptoBoyBTC200K/,,,https://twitter.com/AunoharaNara,
https://www.tradingview.com/u/msorawich/,,,,
https://www.tradingview.com/u/Roongee/,,,https://twitter.com/oakworksit,
https://www.tradingview.com/u/koban007nick/,,,,
https://www.tradingview.com/u/tshirtploysa/,,,,
https://www.tradingview.com/u/Cryptonice666/,,,,
https://www.tradingview.com/u/chanatip2459/,,,,
https://www.tradingview.com/u/goodGoode/,,,,
https://www.tradingview.com/u/buffet326/,,,,
https://www.tradingview.com/u/FOREXFusionTrading/,,https://www.youtube.com/channel/UCCOurjhUAeGO8liqGXJpeNw,,
https://www.tradingview.com/u/BASS_NRCK/,,,https://twitter.com/BASSNRCK,
https://www.tradingview.com/u/jackapp1441/,,,,
https://www.tradingview.com/u/t-nut/,,,,
https://www.tradingview.com/u/narongchangkong/,,,https://twitter.com/BASSNRCK,
https://www.tradingview.com/u/Good_Phongram/,,,https://twitter.com/@gooddy16,
https://www.tradingview.com/u/Fiat_Sittipond/,,,,
https://www.tradingview.com/u/DEKHLUNGHONG/,,,https://twitter.com/artaonfarm,
https://www.tradingview.com/u/Nicksry/,,,,
https://www.tradingview.com/u/guno0ji3/,,,,
https://www.tradingview.com/u/Crypto_Mooon/,,,,
https://www.tradingview.com/u/Meanful/,,,,
https://www.tradingview.com/u/winzanarak5/,,,,
https://www.tradingview.com/u/todzce/,,,https://twitter.com/todzce,
https://www.tradingview.com/u/BewAthisanan/,,https://www.youtube.com/channel/UC1kgQWFLXUtt1r7YlzX4WEA,,
https://www.tradingview.com/u/Mamafreedom/,,,,
https://www.tradingview.com/u/bnet17/,,,,
https://www.tradingview.com/u/AceKeta/,,,,
https://www.tradingview.com/u/poom2101/,,,,
https://www.tradingview.com/u/UnknownUnicorn6564267/,,,,
https://www.tradingview.com/u/punporn455/,,,,
https://www.tradingview.com/u/joeiji/,,,https://twitter.com/joeiji,
https://www.tradingview.com/u/ph_France/,,,,
https://www.tradingview.com/u/Parker_Trader/,,,,
https://www.tradingview.com/u/kit_fx/,,,,
https://www.tradingview.com/u/kunyaphattanutkunsard/,,,,
https://www.tradingview.com/u/chokieicee1/,,,,
https://www.tradingview.com/u/chaorua/,,,,
https://www.tradingview.com/u/ZeeGOD/,,,https://twitter.com/xgodzee,
https://www.tradingview.com/u/Heichou/,,,,
https://www.tradingview.com/u/chokieicee/,,,,
https://www.tradingview.com/u/Fame_Phumiphat/,,,,
https://www.tradingview.com/u/HappyCamel04/,,,,
https://www.tradingview.com/u/Maxwx/,,,,
https://www.tradingview.com/u/Traderdeer/,,,,
https://www.tradingview.com/u/Spectromic/,,,,
https://www.tradingview.com/u/jkthunder2523/,,,,
https://www.tradingview.com/u/chetathorn.songmuang/,,,,
https://www.tradingview.com/u/PTtrader_FThappier/,,,,
https://www.tradingview.com/u/veevarakorn/,,,,
https://www.tradingview.com/u/nameachii/,,,,
https://www.tradingview.com/u/KING_LION_FOREX/,,https://www.youtube.com/channel/UCVC83NfxbssbtJuJIPUnEGw,https://twitter.com/3king_Forex,
https://www.tradingview.com/u/Khunnatt/,,https://www.youtube.com/channel/UCTcGj7qZGbr4Y-OR_R870_Q,https://twitter.com/natt_trader,
https://www.tradingview.com/u/iTKz/,,,,
https://www.tradingview.com/u/AC789/,,,,
https://www.tradingview.com/u/bigbossphongphon/,,,https://twitter.com/chalit17711392,
https://www.tradingview.com/u/Karisma_VI/,,,https://twitter.com/NongBin3,
https://www.tradingview.com/u/M_Saran_Trader/,https://www.facebook.com/MlexTH/,,,
https://www.tradingview.com/u/mr-Krabue/,,,,
https://www.tradingview.com/u/tsksat/,,,,
https://www.tradingview.com/u/billabeamforex789/,,https://www.youtube.com/channel/UCyvIktCWbdrw9fjz7vtKVGA,,
https://www.tradingview.com/u/Kittitat_W/,,,,
https://www.tradingview.com/u/Pikachu-trader/,,,,
https://www.tradingview.com/u/curador13/,,,,
https://www.tradingview.com/u/AnuphapHamHam/,,,,
https://www.tradingview.com/u/aprilzazaza/,,,,
https://www.tradingview.com/u/Mr_Nai/,,,,
https://www.tradingview.com/u/virgo2610/,,,,
https://www.tradingview.com/u/AmyNichapath/,,,,
https://www.tradingview.com/u/Nattakarn_Larmee/,,,https://twitter.com/GgNatthakarn,
https://www.tradingview.com/u/Investor_View/,,,,
https://www.tradingview.com/u/Markettrading081/,,,,
https://www.tradingview.com/u/handsomeness/,,,,
https://www.tradingview.com/u/snatpy/,,,,
https://www.tradingview.com/u/Tarnoz/,,,,
https://www.tradingview.com/u/golfjgt/,,,,
https://www.tradingview.com/u/hellcatshow/,,,,
https://www.tradingview.com/u/UnknownUnicorn38042125/,,,,
https://www.tradingview.com/u/jaohamati/,,,,
https://www.tradingview.com/u/AnuponAng/,,,,
https://www.tradingview.com/u/farmsarawut/,,,,
https://www.tradingview.com/u/VeldoraTempesto/,,,,
https://www.tradingview.com/u/JARZK/,,,https://twitter.com/ArzK73955930,
https://www.tradingview.com/u/NUT9GAMING/,,,,
https://www.tradingview.com/u/NORNINEJIA1/,,,,
https://www.tradingview.com/u/Markkz/,,,,
https://www.tradingview.com/u/UneticB/,,,,
https://www.tradingview.com/u/asawinzz/,,,,
https://www.tradingview.com/u/pramwerayut/,,,https://twitter.com/pramwerayut,
https://www.tradingview.com/u/SnookFx/,,,https://twitter.com/TSattochat,
https://www.tradingview.com/u/narin936/,,,,
https://www.tradingview.com/u/Crazybas/,,,,
https://www.tradingview.com/u/ThiMars/,,,https://twitter.com/tatathiwa,
https://www.tradingview.com/u/MisterCN/,,,,
https://www.tradingview.com/u/XAUUSDGold/,,,,
https://www.tradingview.com/u/iice_nattaya/,,,,
https://www.tradingview.com/u/Thandanai/,,,,
https://www.tradingview.com/u/Bnak96x/,,,,
https://www.tradingview.com/u/jutipornlooknam/,,,,
https://www.tradingview.com/u/Surache/,,,https://twitter.com/SurachetLife,
https://www.tradingview.com/u/Nuttawut_Javisurt/,,,,
https://www.tradingview.com/u/younghealthy2020/,,,,
https://www.tradingview.com/u/nye1912/,,,https://twitter.com/ChamnanService,
https://www.tradingview.com/u/nianjunk2499/,,,,
https://www.tradingview.com/u/marpathan22/,,,,
https://www.tradingview.com/u/Po_popp/,,,,
https://www.tradingview.com/u/sittisak2520/,,,,
https://www.tradingview.com/u/Booksurachet/,,,,
https://www.tradingview.com/u/Mastering_EL523/,,,,
https://www.tradingview.com/u/mymemaaitee/,,,,
https://www.tradingview.com/u/EasyTraderElliottwave/,,,,
https://www.tradingview.com/u/nutboy02/,,,,
https://www.tradingview.com/u/sittinan28tum/,,,,
https://www.tradingview.com/u/Ipad05/,,,,
https://www.tradingview.com/u/Tradingman55/,,,,
https://www.tradingview.com/u/vikromZZA/,,,,
https://www.tradingview.com/u/linuxs2001s/,,,,
https://www.tradingview.com/u/Phachaaon/,,,,
https://www.tradingview.com/u/nsimax/,,,,
https://www.tradingview.com/u/yoga_lover/,,,https://twitter.com/pennyplaza,
https://www.tradingview.com/u/MuteruTrader/,,,,
https://www.tradingview.com/u/vimalisouk/,,,,
https://www.tradingview.com/u/Bosspiranh/,,,,
https://www.tradingview.com/u/Macgie/,,,,
https://www.tradingview.com/u/Chol_/,,,,
https://www.tradingview.com/u/Trustscore/,,,,
https://www.tradingview.com/u/UnknownUnicorn29033605/,,,,
https://www.tradingview.com/u/comprehensiveD49825/,,,,
https://www.tradingview.com/u/runsky6103/,,,,
https://www.tradingview.com/u/golflofter55/,,,,
https://www.tradingview.com/u/MonMillionaire/,,,,
https://www.tradingview.com/u/UnknownUnicorn29441797/,,,,
https://www.tradingview.com/u/providestrategy/,,https://www.youtube.com/channel/UCtSMBL_0q3Os0tgYoK_M4UQ,https://twitter.com/providestrateg3,
https://www.tradingview.com/u/pongpunsuv/,,,,
https://www.tradingview.com/u/kerdviboon1989/,,,,
https://www.tradingview.com/u/sophonspeedking3/,,,https://twitter.com/Sophon41330327,
https://www.tradingview.com/u/ktkratai3/,,,https://twitter.com/DARKFRAMMASTER1,
https://www.tradingview.com/u/hathathat126/,,,,
https://www.tradingview.com/u/jackyjackkkk/,,,,
https://www.tradingview.com/u/Vithaya_2003/,,,,
https://www.tradingview.com/u/lovemeplslove/,,,,
https://www.tradingview.com/u/SaenRayden/,,,,
https://www.tradingview.com/u/runsky03/,,,,
https://www.tradingview.com/u/PanusNB/,,,,
https://www.tradingview.com/u/robyapple6/,,,,
https://www.tradingview.com/u/zooman2541/,,,,
https://www.tradingview.com/u/Saruta_S/,,,https://twitter.com/Sherlock9999,
https://www.tradingview.com/u/sathitphonstp/,,,,
https://www.tradingview.com/u/todz2k/,,,,
https://www.tradingview.com/u/tawann123456/,,,,
https://www.tradingview.com/u/CoachPeak/,,,,
https://www.tradingview.com/u/JS-ChroNos/,,,,
https://www.tradingview.com/u/bewforex/,,,,
https://www.tradingview.com/u/ForexCryptoTJTrading/,,,,
https://www.tradingview.com/u/Aum_AraiJab_sampran/,,,,
https://www.tradingview.com/u/SmithandElliottWave/,,,,
https://www.tradingview.com/u/Atikan72/,,https://www.youtube.com/channel/UCP4Uhd7FNAKkQ6RUbF4-DfQ,,
https://www.tradingview.com/u/GuNuyI3a/,,,https://twitter.com/GuNuyl3a,
https://www.tradingview.com/u/OhManLan/,,,,
https://www.tradingview.com/u/HENMER/,,,,
https://www.tradingview.com/u/Thegoodman1983/,,,,
https://www.tradingview.com/u/Khemmakorn_K/,,,https://twitter.com/KhemmakornK,
https://www.tradingview.com/u/Seth_Thada/,,,,
https://www.tradingview.com/u/UnknownUnicorn23071355/,,,,
https://www.tradingview.com/u/Korehoon/,,,,
https://www.tradingview.com/u/ohmega86/,,,,
https://www.tradingview.com/u/PMS29fx/,,,,
https://www.tradingview.com/u/olipz/,,,,
https://www.tradingview.com/u/tansakunc/,,,,
https://www.tradingview.com/u/thiraphong31006/,,,,
https://www.tradingview.com/u/distinctDealer56635/,,,,
https://www.tradingview.com/u/Bumuii/,,,,
https://www.tradingview.com/u/worathin789/,,,,
https://www.tradingview.com/u/Knott542/,,,,
https://www.tradingview.com/u/patasss/,,,,
https://www.tradingview.com/u/kodchaporn-rai/,,,,
https://www.tradingview.com/u/Stock-Strike/,,https://www.youtube.com/channel/UCialo7wFOG9smIeUoCRHaqg,,
https://www.tradingview.com/u/peachpatipan09/,,,,
https://www.tradingview.com/u/Lyn1712/,,,,
https://www.tradingview.com/u/khompo0205268/,,,,
https://www.tradingview.com/u/Daliiz/,,,,
https://www.tradingview.com/u/Kittay0t/,,,,
https://www.tradingview.com/u/Maluxia/,,,,
https://www.tradingview.com/u/guide_kanchit/,,,,
https://www.tradingview.com/u/kamin456456/,,,,
https://www.tradingview.com/u/significantSta58623/,,,,
https://www.tradingview.com/u/Thanachart-Sutidhanakul/,,,,
https://www.tradingview.com/u/tsangsuw/,,,,
https://www.tradingview.com/u/yodubon13/,,,,
https://www.tradingview.com/u/Candlestick_flow/,,,,
https://www.tradingview.com/u/arabas_2/,,,,
https://www.tradingview.com/u/Naihoi_Tradethong/,,https://www.youtube.com/channel/UCm1Z_7gE1dJZaIOvMzF7kEA,https://twitter.com/trade_thong,
https://www.tradingview.com/u/flukgoza/,,,,
https://www.tradingview.com/u/LongtunHUB/,https://www.longtunhub.com,https://www.youtube.com/channel/UCYIbXPUMtdqgz43jjH7lmKA,https://twitter.com/@longtunhub,‡∏ï‡∏¥‡∏î‡∏ï‡∏≤‡∏°‡∏ä‡πà‡∏≠‡∏á‡∏ó‡∏≤‡∏á‡∏≠‡∏∑‡πà‡∏ô‡πÜ‡πÑ‡∏î‡πâ‡∏ó‡∏µ‡πà : \n\nFacebook : http://fb.me/longtunhub\n\nTwitter : https://twitter.com/longtunhub\n\nYoutube : https://bit.ly/2HWlWMc\n\n‡∏Ñ‡∏≠‡∏£‡πå‡∏™‡πÄ‡∏£‡∏µ‡∏¢‡∏ô : https://bit.ly/3um984d
https://www.tradingview.com/u/lapatsakrubngam/,,,,
https://www.tradingview.com/u/mig1040/,,,,
https://www.tradingview.com/u/ohmzterr/,,,,
https://www.tradingview.com/u/KittipongKeana1ce1c7629d54c54/,,,,
https://www.tradingview.com/u/dearcrub/,,,,
https://www.tradingview.com/u/chamnanwanchaem/,,,https://twitter.com/WanchaemChamnan,
https://www.tradingview.com/u/bljk467/,,,https://twitter.com/BLJK67,
https://www.tradingview.com/u/MingX1ng/,,,,
https://www.tradingview.com/u/Pinyotrading01/,,,,
https://www.tradingview.com/u/Puen_Forex03/,,,,
https://www.tradingview.com/u/nichamon018/,,,,
https://www.tradingview.com/u/Noppagon/,,,https://twitter.com/NMinercoin,
https://www.tradingview.com/u/GIman2022/,,,,
https://www.tradingview.com/u/jjiimint/,,,,
https://www.tradingview.com/u/coop3rxz/,,,,
https://www.tradingview.com/u/a1tz/,,,,
https://www.tradingview.com/u/kittikun.w/,,,,
https://www.tradingview.com/u/fxeview/,,,,
https://www.tradingview.com/u/MUKU1990/,,,,
https://www.tradingview.com/u/MoonFrist/,,,,
https://www.tradingview.com/u/areTrade811/,,,,
https://www.tradingview.com/u/bookhunter99/,,,,
https://www.tradingview.com/u/natchasilp/,,,,
https://www.tradingview.com/u/ChowderTrader/,,,,
https://www.tradingview.com/u/CJ_A/,,,,
https://www.tradingview.com/u/AmnartPoungmanee/,,,,
https://www.tradingview.com/u/XAU_FBC_Forecast/,,,https://twitter.com/GunerliveTrader,
https://www.tradingview.com/u/moolpia/,,,https://twitter.com/Kaw_Coin,
https://www.tradingview.com/u/Nuttawat2518/,,,,
https://www.tradingview.com/u/Thanasate_B/,,,,
https://www.tradingview.com/u/montianr/,,,,
https://www.tradingview.com/u/Parmote666/,,,https://twitter.com/Pramot385061,
https://www.tradingview.com/u/tawanseangtham/,,,,
https://www.tradingview.com/u/Pan-Elmo/,,,,
https://www.tradingview.com/u/HowToTradeStock/,,,,
https://www.tradingview.com/u/DayTradeSniperTH/,,,https://twitter.com/horohoroman_FX,
https://www.tradingview.com/u/RueangritRunan/,,,,
https://www.tradingview.com/u/KK_strategy/,,,,
https://www.tradingview.com/u/Pakhapon/,,,,
https://www.tradingview.com/u/tanum/,,,https://twitter.com/tanumgi,
https://www.tradingview.com/u/Panchaya_/,,,,
https://www.tradingview.com/u/LittleBoyExe/,,,,
https://www.tradingview.com/u/culturalFinanc10587/,,,,
https://www.tradingview.com/u/therichmantar/,,,,
https://www.tradingview.com/u/MINSIMO_Whaleshark/,,,https://twitter.com/VijakN,
https://www.tradingview.com/u/BOYBERM/,,,,
https://www.tradingview.com/u/parichet/,,,,
https://www.tradingview.com/u/fpjpfj/,,,,
https://www.tradingview.com/u/Pump1989/,,,,
https://www.tradingview.com/u/JobbZ11/,,,,
https://www.tradingview.com/u/Sniper51/,,,,
https://www.tradingview.com/u/chaninthut2520/,,,,
https://www.tradingview.com/u/Diamond9696/,,,,
https://www.tradingview.com/u/MamypokoTT/,,,,
https://www.tradingview.com/u/PKMan/,,,,
https://www.tradingview.com/u/AnnanaaAnnanaa/,,,,
https://www.tradingview.com/u/KRELAPUS/,,https://www.youtube.com/channel/UC6Mva55WLYmTC3k11VJrvtg,https://twitter.com/tabsupalerk,
https://www.tradingview.com/u/Adulvit/,,,,
https://www.tradingview.com/u/Yothinthin/,,,,
https://www.tradingview.com/u/exactingBook26730/,,,,
https://www.tradingview.com/u/WudseemseemSeema/,,,,
https://www.tradingview.com/u/johngoxis/,,,,
https://www.tradingview.com/u/cafeedim/,,,,
https://www.tradingview.com/u/THEW16/,,,https://twitter.com/TanTewS,
https://www.tradingview.com/u/hello_priya/,,,,
https://www.tradingview.com/u/pakily/,,,,
https://www.tradingview.com/u/BOYSXTrader/,,,,
https://www.tradingview.com/u/SaiditfSaiditf/,,,,
https://www.tradingview.com/u/D-Thanakorn/,,,,
https://www.tradingview.com/u/CryptoGuideThailand/,,https://www.youtube.com/channel/UCq4xWkCXsYP5EmXaAOf6sGw,https://twitter.com/cryptoguideth,Lovedogs‚ù§Ô∏èüê∂
https://www.tradingview.com/u/CatMission/,,,https://twitter.com/VMontri,
https://www.tradingview.com/u/zeldalove/,,,,
https://www.tradingview.com/u/ALPFOREX_TH/,https://www.alpforex.com/,,,
https://www.tradingview.com/u/kunanon1997/,,,,
https://www.tradingview.com/u/neotraderthailand/,,,,
https://www.tradingview.com/u/tamtana/,,,,
https://www.tradingview.com/u/NutaponKo/,,,,
https://www.tradingview.com/u/tanapol26/,,,,
https://www.tradingview.com/u/EarthSQ55/,,https://www.youtube.com/channel/UCz-FB3cJ8goQMASxSDfcNag,,
https://www.tradingview.com/u/Surachate/,,,,
https://www.tradingview.com/u/chippon89/,,,,
https://www.tradingview.com/u/jame3686/,,,,
https://www.tradingview.com/u/palabong99/,,,,
https://www.tradingview.com/u/Fukuiz/,,https://www.youtube.com/channel/UCa9Pkz4F8dzMhtkCmS3I1sg,https://twitter.com/fukuizzz,
https://www.tradingview.com/u/PunkPad/,,,,
https://www.tradingview.com/u/WayTrader09/,,,,
https://www.tradingview.com/u/CTSRramin/,,,,
https://www.tradingview.com/u/UnknownUnicorn31130363/,,,,
https://www.tradingview.com/u/puenforex01/,,,,
https://www.tradingview.com/u/Adisorn123456/,,,,
https://www.tradingview.com/u/toey1000coins/,,,,
https://www.tradingview.com/u/kantanist/,,,,
https://www.tradingview.com/u/Arkarapol_Turtle_Trading/,,,https://twitter.com/cyberworld2,
https://www.tradingview.com/u/Profes_Mojoh/,,,,
https://www.tradingview.com/u/Sarawut_78/,,,,
https://www.tradingview.com/u/AodTurbo-G/,,,https://twitter.com/TnmGold,
https://www.tradingview.com/u/jeanconan2/,,,,
https://www.tradingview.com/u/kidtrading/,,,,
https://www.tradingview.com/u/Mojave1712/,,,,
https://www.tradingview.com/u/mailtobmdtech01/,,,,
https://www.tradingview.com/u/Kuju-29/,,,,
https://www.tradingview.com/u/Chakornounc/,,,,
https://www.tradingview.com/u/Jay-Dalio/,,,,
https://www.tradingview.com/u/MMDXLIX-CCIX/,,,,
https://www.tradingview.com/u/competitiveChi72771/,,,,
https://www.tradingview.com/u/c02098ea106a451bb41f4d80715333/,,,,
https://www.tradingview.com/u/V91EW/,,,,
https://www.tradingview.com/u/Renestme/,,,,
https://www.tradingview.com/u/porbuzaa/,,,,
https://www.tradingview.com/u/Thanakrit_art/,,,,
https://www.tradingview.com/u/NLP_trader/,,,,
https://www.tradingview.com/u/ANARCHY666/,,,https://twitter.com/Anarchy_G6,
https://www.tradingview.com/u/Satitm/,,,,
https://www.tradingview.com/u/BomBayPobThorn/,,,,
https://www.tradingview.com/u/idbowdernew/,,,,
https://www.tradingview.com/u/Lek_Jikkew/,,,https://twitter.com/jk_lek,
https://www.tradingview.com/u/Cheevit_traders_byThongfah/,,,,
https://www.tradingview.com/u/kie_thida/,,,https://twitter.com/Mizz_Mysteriou9,
https://www.tradingview.com/u/golinkfx/,,https://www.youtube.com/channel/UC7qdTFWCT9nlvlhp4mEKjwg,https://twitter.com/golinkfx,
https://www.tradingview.com/u/Fortune-Cookie/,,,,
https://www.tradingview.com/u/Engkarat/,,,,
https://www.tradingview.com/u/Dom-EW/,,,,
https://www.tradingview.com/u/rew7535/,,,,
https://www.tradingview.com/u/tlekuku/,,,,
https://www.tradingview.com/u/TANKHUN_TRADER/,,,,
https://www.tradingview.com/u/Obixxxx/,,,,
https://www.tradingview.com/u/Obey369/,,,,
https://www.tradingview.com/u/phutthiphongmatsuk/,,,,
https://www.tradingview.com/u/parn0102/,,,,
https://www.tradingview.com/u/Warakorn_Sirisongkram/,,,,
https://www.tradingview.com/u/architect-analysis/,,,,
https://www.tradingview.com/u/Piyawish_P/,,,,
https://www.tradingview.com/u/wasan_p/,,,,
https://www.tradingview.com/u/WITTHAYA_BUNLOT/,,,,
https://www.tradingview.com/u/shatree_/,,,,
https://www.tradingview.com/u/Jakkrit_Fuwong/,,,,
https://www.tradingview.com/u/hirunrus/,,,,
https://www.tradingview.com/u/Tukungzzz/,,,,
https://www.tradingview.com/u/coumaew/,,,,
https://www.tradingview.com/u/OWNPMAN/,,https://www.youtube.com/channel/UCeCbjipxIz0IVSXh6f7EP5A,https://twitter.com/ownpman,
https://www.tradingview.com/u/Flukeprawit/,,,,
https://www.tradingview.com/u/kittipong53/,,,https://twitter.com/kittipong53,
https://www.tradingview.com/u/AlexB1337/,,https://www.youtube.com/channel/UCPOWBAgkbLH6033d-4NEh-Q,https://twitter.com/ThitikornPhumma,
https://www.tradingview.com/u/fxsniperzone/,,,https://twitter.com/gunsk_fx,
https://www.tradingview.com/u/Boon-Trader/,,,,
https://www.tradingview.com/u/Kenkunartch/,,,,
https://www.tradingview.com/u/ChatchawanSingprapan/,,,,
https://www.tradingview.com/u/pakiechelsea/,,,,
https://www.tradingview.com/u/Kritthana/,,,,
https://www.tradingview.com/u/practhaya/,,,,
https://www.tradingview.com/u/Hack_Trader_/,,,,
https://www.tradingview.com/u/SomP/,,,,
https://www.tradingview.com/u/Narit01/,,,,
https://www.tradingview.com/u/jakkraponza/,,,,
https://www.tradingview.com/u/Captain_Trading01/,,https://www.youtube.com/channel/UCmwLnxloCckJh4eNMP7yh6A,,
https://www.tradingview.com/u/tpnoonn/,,,,
https://www.tradingview.com/u/suriya598765/,,,,
https://www.tradingview.com/u/Thanapot_Ten/,,,,
https://www.tradingview.com/u/oheav3no/,,,,
https://www.tradingview.com/u/grimson43/,,,,
https://www.tradingview.com/u/chokangest/,,,,
https://www.tradingview.com/u/Totoh1Trillion/,,,https://twitter.com/@totoh_to,
https://www.tradingview.com/u/god2van/,,,,
https://www.tradingview.com/u/YURANAN_NANTHAISONG/,,,,
https://www.tradingview.com/u/terl1470/,,,,
https://www.tradingview.com/u/FullTime_RPG/,,,,
https://www.tradingview.com/u/Porncharoenyon/,,,https://twitter.com/junglai_ee27,
https://www.tradingview.com/u/Pplm5/,,,,
https://www.tradingview.com/u/cha-v/,,https://www.youtube.com/channel/UCrzaBHb5Zd-9ujfw7lg7i3g,,
https://www.tradingview.com/u/phinyo/,,,,
https://www.tradingview.com/u/EAGLEEYE_TH/,,,,
https://www.tradingview.com/u/KhunTC/,,,,
https://www.tradingview.com/u/Rocky-IN2/,,,,
https://www.tradingview.com/u/Home58/,,,,
https://www.tradingview.com/u/kapombibi/,,,,
https://www.tradingview.com/u/SamFck/,,,,
https://www.tradingview.com/u/AkkaphanS/,,,,
https://www.tradingview.com/u/onceneung/,,,,
https://www.tradingview.com/u/inkpan/,,,,
https://www.tradingview.com/u/Sayphone/,,,,
https://www.tradingview.com/u/UnknownUnicorn7590221/,,,,
https://www.tradingview.com/u/KunakornTantipanit/,,,,
https://www.tradingview.com/u/Pirapong_Sooksupana/,,,,
https://www.tradingview.com/u/villysony/,,,,
https://www.tradingview.com/u/dewder/,,,,
https://www.tradingview.com/u/supotmalewan/,,,,
https://www.tradingview.com/u/BillFXTrading/,,,,
https://www.tradingview.com/u/godendog/,,,,
https://www.tradingview.com/u/ZURABALA/,,,,
https://www.tradingview.com/u/Ochistz/,,,https://twitter.com/Ochitz1,
https://www.tradingview.com/u/jaraykwanmuang/,,,,
https://www.tradingview.com/u/rin19/,,,,
https://www.tradingview.com/u/puppup191/,,,,
https://www.tradingview.com/u/suchadalimkul23/,,,,
https://www.tradingview.com/u/SantitiC/,,,https://twitter.com/EMBHaa,
https://www.tradingview.com/u/ForayBTC/,,https://www.youtube.com/channel/UCjuKBBb92nShv3ZBU7xU3qw,https://twitter.com/ForayBTC,
https://www.tradingview.com/u/master64620/,,,,
https://www.tradingview.com/u/all7d/,,,,
https://www.tradingview.com/u/Phadungrak_h/,,,,
https://www.tradingview.com/u/Muyutsao/,,,,
https://www.tradingview.com/u/Thatchai789/,,,https://twitter.com/ditthanachot,
https://www.tradingview.com/u/torthanakit/,,,,
https://www.tradingview.com/u/UnknownUnicorn12301944/,,,,
https://www.tradingview.com/u/PuKaoSuayMarg/,,,,
https://www.tradingview.com/u/TequilaXLime/,,,,
https://www.tradingview.com/u/satjaandphitaya3/,,,,
https://www.tradingview.com/u/khanpop/,,,,
https://www.tradingview.com/u/impossiblemail007/,,,,
https://www.tradingview.com/u/nco14artillery/,,,,
https://www.tradingview.com/u/variousAccount3988/,,,,
https://www.tradingview.com/u/vrckvphj6n/,,,,
https://www.tradingview.com/u/BloodIndigO/,,,https://twitter.com/Q67TCNhQhm22zwN,
https://www.tradingview.com/u/bung3386/,,,,
https://www.tradingview.com/u/Goldman-FX/,,,,
https://www.tradingview.com/u/Tanakorn_Koomrampai_CMT_CFTe/,https://www.kobtanakorn.com,,,"Tanakorn Koomrampai ,CMT, CFTe\r\nFBpage(Thai) : www.facebook.com/graphtechnic\r\nFBpage(English):www.facebook.com/elliottwaveacademy/\r\nLine  @graphtechnic"
https://www.tradingview.com/u/anuchaandroid/,,,,
https://www.tradingview.com/u/babycat_th/,,,https://twitter.com/nontimenonlife,
https://www.tradingview.com/u/passutparty/,,,,
https://www.tradingview.com/u/BitcoinThai101/,,,https://twitter.com/mosalah_btc,
https://www.tradingview.com/u/sungogo123/,,,,
https://www.tradingview.com/u/TED0Title/,,,,
https://www.tradingview.com/u/thapanaphong/,,,,
https://www.tradingview.com/u/ThemeTrader/,,,,
https://www.tradingview.com/u/reasonableHeaD2513/,,,,
https://www.tradingview.com/u/Arcoy_/,,,,
https://www.tradingview.com/u/Chill-Trader/,,,,
https://www.tradingview.com/u/FXConquerror/,,,,
https://www.tradingview.com/u/supakit_bs6/,,,,
https://www.tradingview.com/u/PKKLL/,,,,
https://www.tradingview.com/u/pigaletz/,,,,
https://www.tradingview.com/u/Thai_Daytrade/,,https://www.youtube.com/channel/UCQ4k5tkvp4BBQD67ooZtozQ,,
https://www.tradingview.com/u/suwannamitn/,,,,
https://www.tradingview.com/u/Trader_Level_1/,,,https://twitter.com/Trader_Lv1,
https://www.tradingview.com/u/phploso/,,,,
https://www.tradingview.com/u/MaKaRoFPiMMy/,,,,
https://www.tradingview.com/u/jammy_da/,,,,
https://www.tradingview.com/u/Siwat_Sroisuwan/,,,,
https://www.tradingview.com/u/moounne/,,,,
https://www.tradingview.com/u/pethnsnine/,,,,
https://www.tradingview.com/u/AunZzZ/,,,,
https://www.tradingview.com/u/NubtangATC/,,,,
https://www.tradingview.com/u/MildsetTrade/,,,,
https://www.tradingview.com/u/wasantunkula/,,,,
https://www.tradingview.com/u/ney999977/,,,,
https://www.tradingview.com/u/Worawut_wwp/,,,,
https://www.tradingview.com/u/VK8989/,,,,
https://www.tradingview.com/u/ake9522/,,,,
https://www.tradingview.com/u/NUMBER_4_NAT/,,,,
https://www.tradingview.com/u/Falam_Fam/,,,,
https://www.tradingview.com/u/AnubanTrader/,,,,
https://www.tradingview.com/u/coach_pn/,,,,
https://www.tradingview.com/u/WOLFSNIP3R/,,,,
https://www.tradingview.com/u/BeeWarun/,,,,
https://www.tradingview.com/u/CHAMP-FUTURES/,,,,
https://www.tradingview.com/u/prajobv/,,,,
https://www.tradingview.com/u/Metawee_W/,,,,
https://www.tradingview.com/u/nengsri1761/,,,,
https://www.tradingview.com/u/Thos_Trader/,,https://www.youtube.com/channel/UCYpfklvhESzfU9p4vgYmezg,https://twitter.com/prwtrader,
https://www.tradingview.com/u/Unsophisticated/,,,https://twitter.com/kOn_bA,
https://www.tradingview.com/u/Hundred_Signals/,,https://www.youtube.com/channel/UC7vLE2EdKmVHwXS8FQbDVnQ,https://twitter.com/Ex_FIS,
https://www.tradingview.com/u/RBCEasy4Money/,,,https://twitter.com/ToW28718597,
https://www.tradingview.com/u/twwttwwt/,,,,
https://www.tradingview.com/u/AnneHDM/,,,,
https://www.tradingview.com/u/santikaewbua/,,,,
https://www.tradingview.com/u/FameMaya/,,,,
https://www.tradingview.com/u/PWK11/,,,,
https://www.tradingview.com/u/Qantar/,,,,
https://www.tradingview.com/u/MeowMeow_Trader/,,,,
https://www.tradingview.com/u/NormalTraders/,,https://www.youtube.com/channel/UCSc6CdyJhEmdLzYORVP1sSA,,
https://www.tradingview.com/u/taekiiz41974/,,,,
https://www.tradingview.com/u/rakcom/,,,,
https://www.tradingview.com/u/premchai/,,,,
https://www.tradingview.com/u/Ghilzo/,,,,
https://www.tradingview.com/u/SayHelloMama/,,,,
https://www.tradingview.com/u/significantFla89917/,,,,
https://www.tradingview.com/u/Naphaktrader/,,,https://twitter.com/wanjeab52816900,
https://www.tradingview.com/u/Thanarat-S/,,,,
https://www.tradingview.com/u/SLAMTD/,,,,
https://www.tradingview.com/u/Natthasit18/,,,,
https://www.tradingview.com/u/kamonnapat/,,,,
https://www.tradingview.com/u/faname_narakk/,,,,
https://www.tradingview.com/u/kamonpunnawarat1/,,,,
https://www.tradingview.com/u/SatitLaopaiboonpipat/,,https://www.youtube.com/channel/UC8EKzNekh1eyCzT2hjRmO6Q,,
https://www.tradingview.com/u/TCtrader/,,,,
https://www.tradingview.com/u/OsasInwza/,,,,
https://www.tradingview.com/u/fornaruk/,,,,
https://www.tradingview.com/u/payungsakforex/,,,,
https://www.tradingview.com/u/watersomnuek/,,,,
https://www.tradingview.com/u/WaitforWin/,,,,
https://www.tradingview.com/u/decqlin/,,,,
https://www.tradingview.com/u/BENZ_BTC/,,,,
https://www.tradingview.com/u/pasujarak/,,,,
https://www.tradingview.com/u/Phruk_911/,,,,
https://www.tradingview.com/u/Labeller/,,,,
https://www.tradingview.com/u/KittipongTD/,,,,
https://www.tradingview.com/u/joe888shop/,,,https://twitter.com/Joe888S,
https://www.tradingview.com/u/siamkosi/,,,https://twitter.com/SiAmKoSi,
https://www.tradingview.com/u/Mamarladej/,,,,
https://www.tradingview.com/u/mr_kaset/,,,,
https://www.tradingview.com/u/BorntoTreade/,,,https://twitter.com/ToW28718597,
https://www.tradingview.com/u/aonphetmongkolza/,,,,
https://www.tradingview.com/u/pongcddnakhonsawan/,,,,
