https://www.tradingview.com/u/authaingoc21051987/,,,,
https://www.tradingview.com/u/Wonderful2660/,,,,
https://www.tradingview.com/u/HarryDamThanhHiepNWG/,,,,link youtube: https://bit.ly/2Q8Gaqe\r\nlink tiktok: https://bit.ly/3NfNrND\r\nlink  facebook 1: https://bit.ly/3d45JBR\r\nlink facebook 2 : https://bit.ly/3z8oxeo\r\nlink zalo: https://zalo.me/g/lhdudk894\r\nlink nhÃ³m cá»™ng Ä‘á»“ng tele: https://bit.ly/3tM7x7W
https://www.tradingview.com/u/TienHoangTrader/,https://zalo.me/g/mrxohm074,,,Tham gia nhoÌm coÌ£Ì‚ng Ä‘oÌ‚Ì€ng Ä‘eÌ‚Ì‰ Ä‘uÌ›oÌ›Ì£c hoÌ‚Ìƒ troÌ›Ì£ cÃ¡c lá»‡nh Scalping ngáº¯n vÃ  chieÌ‚Ìn luÌ›oÌ›Ì£c giao diÌ£ch soÌ›Ìm nhaÌ‚Ìt nhÃ©!\r\n\r\nâœ… Kiáº¿n thá»©c Trading\r\nâœ… Há»— trá»£ TÃ­n hiá»‡u giao dá»‹ch Free\r\nhttps://zalo.me/g/mrxohm074
https://www.tradingview.com/u/HOAIGOLD/,,,,âœ… SDT liÃªn há»‡ Ä‘á»ƒ cÃ³ kÃ¨o tá»‘t hÆ¡n : 0397008712\r\nâœ… zalo tham kháº£o kÃ¨o : https://zalo.me/g/ylmjhk784\r\nâœ… youtube phÃ¢n tÃ­ch tá»«ng tuáº§n : https://www.youtube.com/channel/UCjZzxLbQnS9lvzPBm8WyOlw
https://www.tradingview.com/u/NgocDuongTrading/,https://zalo.me/g/leboho348,,,Tham gia nhoÌm coÌ£Ì‚ng Ä‘oÌ‚Ì€ng Ä‘eÌ‚Ì‰ Ä‘uÌ›oÌ›Ì£c hoÌ‚Ìƒ troÌ›Ì£ cÃ¡c lá»‡nh Scalping ngáº¯n vÃ  chieÌ‚Ìn luÌ›oÌ›Ì£c giao diÌ£ch soÌ›Ìm nhaÌ‚Ìt nhÃ©!\r\n\r\nâœ… Kiáº¿n thá»©c Trading\r\nâœ… Há»— trá»£ TÃ­n hiá»‡u giao dá»‹ch Free\r\n\r\nNhÃ³m ZALO: https://zalo.me/g/leboho348
https://www.tradingview.com/u/Elio_Le_111199/,https://www.facebook.com/TamSuNgheTraders/,,https://twitter.com/trendisyourbud1,ğŸ”¥ğŸ”¥ ğŠğ¡ğ¨ğšÌ‰ğ§ğ  ğœğšÌğœğ¡ ğ ğ¢ğ®Ì›Ìƒğš ğ­ğ¨Ì‚ğ¢ ğ¯ğšÌ€ ğ›ğšÌ£ğ§ ğœğ¡ğ¢Ì‰ ğ¥ğšÌ€ ğŸ ğœğ®Ì ğœğ¥ğ¢ğœğ¤ ğœğ¡ğ®ğ¨Ì£Ì‚ğ­: \r\n\r\nâ­â­â­ ğ—§ğ—˜ğ—Ÿğ—˜ğ—šğ—¥ğ—”ğ— : https://t.me/Shindo711\r\nâ­ï¸â­ï¸â­ï¸ ğ—šğ—¿ğ—¼ğ˜‚ğ—½ ğ—­ğ—®ğ—¹ğ—¼ ğ˜ğ—µğ—®Ì‰ğ—¼ ğ—¹ğ˜‚ğ—®Ì£Ì‚ğ—»: https://zalo.me/g/wlcqio692
https://www.tradingview.com/u/linhkt18/,,,,
https://www.tradingview.com/u/ecomic/,,,https://twitter.com/hungphuquoc,
https://www.tradingview.com/u/DinhhongTrader/,https://zalo.me/g/leboho348,,,Tham gia nhoÌm coÌ£Ì‚ng Ä‘oÌ‚Ì€ng Ä‘eÌ‚Ì‰ Ä‘uÌ›oÌ›Ì£c hoÌ‚Ìƒ troÌ›Ì£ cÃ¡c lá»‡nh Scalping ngáº¯n vÃ  chieÌ‚Ìn luÌ›oÌ›Ì£c giao diÌ£ch soÌ›Ìm nhaÌ‚Ìt nhÃ©!\r\n\r\nâœ… Kiáº¿n thá»©c Trading\r\nâœ… Há»— trá»£ TÃ­n hiá»‡u giao dá»‹ch Free\r\n\r\nNhÃ³m ZALO: https://zalo.me/g/leboho348\r\nLH: 0909941329 ( Mr. Brian)
https://www.tradingview.com/u/tradom-priceaction/,,,,
https://www.tradingview.com/u/FAST-TRADING/,,,https://twitter.com/fast_sig,FAST TRADING\r\nTham gia channel phÃ¢n tÃ­ch GOLD: https://t.me/FASTGolddd
https://www.tradingview.com/u/NewWorldGroupVN/,,,,link youtube: https://bit.ly/3aMdk9H\r\nlink tiktok: https://bit.ly/3NfNrND\r\nlink  facebook 1: https://bit.ly/3d45JBR\r\nlink facebook 2 : https://bit.ly/3z8oxeo\r\nlink zalo: https://zalo.me/g/lhdudk894\r\nlink nhÃ³m cá»™ng Ä‘á»“ng tele: https://bit.ly/3tM7x7W
https://www.tradingview.com/u/Duyvinhtrader/,https://zalo.me/g/ismjlk988,,,Tham gia nhoÌm coÌ£Ì‚ng Ä‘oÌ‚Ì€ng Ä‘eÌ‚Ì‰ Ä‘uÌ›oÌ›Ì£c hoÌ‚Ìƒ troÌ›Ì£ vaÌ€ chia seÌ‰ kieÌ‚Ìn thuÌ›Ìc nheÌ !\r\n\r\nï¸ğŸ¥‡ Giao lÆ°u há»c há»i kiáº¿n thá»©c thá»‹ trÆ°á»ng \r\nï¸ğŸ¥‡ Há»— trá»£ tÃ­n hiá»‡u giao dá»‹ch Free\r\nï¸ğŸ¥‡ Group Zalo : https://zalo.me/g/ismjlk988\r\n\r\nâ˜ï¸ LH: 0978117258 ( Coach Henry )
https://www.tradingview.com/u/BeeThuTrader/,https://zalo.me/g/ismjlk988,,,Tham gia nhoÌm coÌ£Ì‚ng Ä‘oÌ‚Ì€ng Ä‘eÌ‚Ì‰ Ä‘uÌ›oÌ›Ì£c hoÌ‚Ìƒ troÌ›Ì£ vaÌ€ chia seÌ‰ kieÌ‚Ìn thuÌ›Ìc nheÌ !\r\n\r\nï¸ğŸ¥‡ Giao lÆ°u há»c há»i kiáº¿n thá»©c thá»‹ trÆ°á»ng \r\nï¸ğŸ¥‡ Há»— trá»£ tÃ­n hiá»‡u giao dá»‹ch Free\r\nï¸ğŸ¥‡ Group Zalo :  https://zalo.me/g/ismjlk988
https://www.tradingview.com/u/DubaiSC/,https://zalo.me/g/ismjlk988,,,Tham gia nhoÌm coÌ£Ì‚ng Ä‘oÌ‚Ì€ng Ä‘eÌ‚Ì‰ Ä‘uÌ›oÌ›Ì£c hoÌ‚Ìƒ troÌ›Ì£ vaÌ€ chia seÌ‰ kieÌ‚Ìn thuÌ›Ìc nheÌ !\r\n\r\nğŸ”± Giao lÆ°u há»c há»i kiáº¿n thá»©c thá»‹ trÆ°á»ng\r\nğŸ”± Há»— trá»£ tÃ­n hiá»‡u giao dá»‹ch Free\r\nğŸ”– Group Zalo :  https://zalo.me/g/ismjlk988
https://www.tradingview.com/u/HoangMinhchannel/,https://www.facebook.com/FASTVNIndex,,,HoÃ ng Minh\r\nContact: 0941.14.8679\r\nNhÃ³m phÃ¢n tÃ­ch ngÃ nh: https://t.me/FASTVNINDEX\r\nFanpage: https://www.facebook.com/FASTVNIndex
https://www.tradingview.com/u/Gold-Invest/,https://zalo.me/g/mrxohm074,,,Tham gia nhoÌm coÌ£Ì‚ng Ä‘oÌ‚Ì€ng Ä‘eÌ‚Ì‰ Ä‘uÌ›oÌ›Ì£c hoÌ‚Ìƒ troÌ›Ì£ tÃ­n hiá»‡u vá» VÃ ng vÃ  chieÌ‚Ìn luÌ›oÌ›Ì£c giao diÌ£ch soÌ›Ìm nhaÌ‚Ìt nhÃ©!\r\n\r\nâœ… ÄÃ o táº¡o kiáº¿n thá»©c free\r\nâœ… Há»— trá»£ TÃ­n hiá»‡u giao dá»‹ch Free\r\nhttps://zalo.me/g/mrxohm074
https://www.tradingview.com/u/PhamVanHocTrader/,https://zalo.me/g/htcddo989,,,Tham gia nhoÌm chuyÃªn sÃ¢u GOLD Ä‘á»ƒ cáº­p nháº­t tÃ­n hiá»‡u tá»‘t nháº¥t vÃ  chia sáº» kiáº¿n thá»©c.\r\n\r\nğŸ… Giao lÆ°u há»c há»i kiáº¿n thá»©c thá»‹ trÆ°á»ng\r\n\r\nï¸ğŸ… Há»— trá»£ tÃ­n hiá»‡u giao dá»‹ch Miá»…n PhÃ­ \r\n\r\nï¸ğŸ… Group Zalo : https://zalo.me/g/htcddo989\r\n\r\nğŸ“±  LH: 0968266683 (ANDY TONY )
https://www.tradingview.com/u/Trader-Viet/,http://www.traderviet.com,https://www.youtube.com/channel/UCDFF5E_Z8wpRlifbx0TMWZA,,â¡ï¸ ğ—¦ğ—”Ìğ—–ğ—› ğ—§ğ—¢ğ—£ ğŸ­ ğ—§ğ—”Ì‚ğ—  ğ—Ÿğ—¬Ì ğ—©ğ—”Ì€ ğ—ğ—¬Ì‰ ğ—Ÿğ—¨ğ—”Ì£Ì‚ğ—§ ğ—§ğ—¥ğ—¢ğ—¡ğ—š ğ—§ğ—¥ğ—”ğ——ğ—œğ—¡ğ—š: https://bit.ly/trading-in-the-zone-6\r\nğ—§ğ—¿ğ—®ğ—±ğ—²ğ—¿ğ—©ğ—¶ğ—²ğ˜: https://traderviet.com\r\nYoutube: http://bit.ly/yttdv\r\nFacebook Group: http://bit.ly/groupfbtdv
https://www.tradingview.com/u/TakeProfitGroup/,,,,
https://www.tradingview.com/u/NgocHaiPearlie/,https://iasignals.com/,https://www.youtube.com/channel/UCLIeJVykckaOF0g-67i_RhQ,,Website: https://iasignals.com/\r\nBlog: https://dinhngochai.com/\r\nChannel: https://t.me/iasignals
https://www.tradingview.com/u/Pho_Tai_Chinh/,,,,
https://www.tradingview.com/u/GIAOANXAUUSD/,,,,
https://www.tradingview.com/u/Than_Vang/,https://zalo.me/g/ycvqyc991,https://www.youtube.com/channel/UCdDjeJY564RE_MdK2B__jVA,,"Há»— trá»£ cá»©u chÃ¡y tÃ i khoáº£n, gá»¡ tÃ i khoáº£n káº¹t lá»‡nh miá»…n phÃ­.\r\nGroup chuyÃªn sÃ¢u tÃ­n hiá»‡u vÃ ng: https://zalo.me/g/ycvqyc991 (ko duyá»‡t IB)\r\nLiÃªn há»‡ : 0983502552 ( Sam )"
https://www.tradingview.com/u/NgocSon_SM/,https://zalo.me/g/wfzchq313,,,âœ… Giao lÆ°u há»c há»i kiáº¿n thá»©c thá»‹ trÆ°á»ng\nâœ…  Há»— trá»£ tÃ­n hiá»‡u giao dá»‹ch Free \nâ›”ï¸ Group Zalo :\nhttps://zalo.me/g/wfzchq313\nâ›”ï¸ KÃªnh Youtube :\nhttps://www.youtube.com/channel/UCdDjeJY564RE_MdK2B__jVA?sub_confirmation=1\n\nâ˜ï¸ LH: 0904689619 ( Tony)
https://www.tradingview.com/u/FXGOLD_Global/,,,,"Há»— trá»£ cá»©u chÃ¡y tÃ i khoáº£n, gá»¡ tÃ i khoáº£n káº¹t lá»‡nh miá»…n phÃ­.\nGroup chuyÃªn sÃ¢u tÃ­n hiá»‡u vÃ ng: https://zalo.me/g/ycvqyc991\nKÃªnh youtube Ä‘Ã o táº¡o kÄ© thuáº­t: https://www.youtube.com/channel/UCdDjeJY564RE_MdK2B__jVA?sub_confirmation=1\nLiÃªn há»‡ : 0983502552 ( Sam )"
https://www.tradingview.com/u/BestSC/,https://chuyensaugold.com,https://www.youtube.com/channel/UCw3IT6mtFwpL0nbHkvxoYyA,https://twitter.com/MnhHng31306794,"CSG khÃ´ng pháº£i má»™t kÃªnh tÆ° váº¥n tÃ­n hiá»‡u, khuyáº¿n nghá»‹ Ä‘áº§u tÆ° - giao dá»‹ch hay huy Ä‘á»™ng vá»‘n trÃ¡i phÃ©p.\r\n\r\nFB: https://www.facebook.com/lemanhhungcsg/\r\nWebsite: https://chuyensaugold.com\r\nGroup: www.facebook.com/groups/chuyensaugold"
https://www.tradingview.com/u/TradeProPremium/,https://tradepro.edu.vn/,,https://twitter.com/PremiumSignalTP,â¡ï¸ Tham gia ngay há»‡ sinh thÃ¡i TradePro\r\n\r\nğŸ“³ Channel Telegram: https://t.me/TradeProEduvn\r\nğŸ“ Fanpage : https://www.facebook.com/TradePro.edu.vn/\r\nğŸŒ Web: Http://tradepro.edu.vn
https://www.tradingview.com/u/lethang93tv/,,,,
https://www.tradingview.com/u/HuuKhanh_IWT/,,,,
https://www.tradingview.com/u/tradafx/,https://tradafx.net,https://www.youtube.com/channel/UCvSR4slnUiIgEZovtZ34WVQ,https://twitter.com/Tradafx1,Discord : https://discord.gg/5HTtehrJVK\nWebsite: https://tradafx.net/\nYoutube: https://www.youtube.com/c/TradaFXForexTrading\nâ¤\nFacebook: https://www.facebook.com/tradafx\nInstagram: https://www.instagram.com/tradafx1/\nTwitter: https://twitter.com/Tradafx1
https://www.tradingview.com/u/locpersistence/,,,,
https://www.tradingview.com/u/DangPM-BTC/,,,https://twitter.com/0xcjmwards,
https://www.tradingview.com/u/tomcan1/,,,,
https://www.tradingview.com/u/LeMinh_300QG/,,,,
https://www.tradingview.com/u/NhatHoai/,https://t.me/bobvolmanpriceaction,https://www.youtube.com/channel/UCbxGW7bnp6PmNNuKqS8BnNg,https://twitter.com/hoailai1010,Youtube https://bit.ly/3I9ocuG\r\nTelegram https://t.me/bobvolmanpriceaction\r\nFacebook https://www.facebook.com/NhatHoaiTrader\r\nMá»Ÿ TK Bybit nháº­n 3k bonus: https://bit.ly/3yLn6kq
https://www.tradingview.com/u/Tungbet888/,https://t.me/+QXKldelYBq0xYTI1,,,KÃªnh tÃ­n hiá»‡u | \r\nhttps://t.me/+QXKldelYBq0xYTI1
https://www.tradingview.com/u/Trongvinh-FA25/,https://t.me/Trongvinh_FA25,https://www.youtube.com/channel/UCX2OaCvGz1dugfxlTQYqFMA,https://twitter.com/trongvinhfa25,---------------------------------------------------------\nğŸ”´ YouTube: https://www.youtube.com/c/TrongvinhFA25\nğŸŸ¢ TA Education: https://t.me/trongvinhFA25\nğŸŸ¡ Community: https://t.me/Trongvinh_FA25\nğŸŸ£ Premium Newsletter: https://dubaotiente.com/
https://www.tradingview.com/u/GAMOFX/,,https://www.youtube.com/channel/UCCykSfqiVQs4jYHs-ri9qMw,,
https://www.tradingview.com/u/ThotradeTFC/,,https://www.youtube.com/channel/UC724kNLByi2HvlzEtlHOjMw,https://twitter.com/NktShatoshi,
https://www.tradingview.com/u/thanhnc85/,,,https://twitter.com/thanhnc85,"Trader cÅ©ng giá»‘ng nhÆ° vÃµ sÄ©. KhÃ´ng chá»‹u luyá»‡n táº­p mÃ  cá»© lao lÃªn Ä‘Ã i, thÃ¬ trÆ°á»›c sau gÃ¬ cÅ©ng bá»‹ Ä‘áº­p cho vá»¡ má»“m."
https://www.tradingview.com/u/LongG/,,,,
https://www.tradingview.com/u/CeoAcengyVuMKT/,https://www.forexfactoryvn.com/,https://www.youtube.com/channel/UCPuLz_ApxU9_JS6sdVR1gqA,https://twitter.com/PhngVnV4,"Hello World ! PhÃ¹ng VÄƒn VÅ© \""VÅ© MKT\"" LÃ  Broker chÃ¢n chÃ­nh,Láº­p trÃ¬nh viÃªn,nhÃ¢n viÃªn bÃ¡n hÃ ng,vÃ  diá»…n thuyáº¿t, mentor, vÃ  bÃ¢y giá» tÃ´i láº¡i tiáº¿p tá»¥c xuáº¥t hiá»‡n TradingView\r\nMy home : https://forexfactoryvn.com"
https://www.tradingview.com/u/dinhtho48/,,,,
https://www.tradingview.com/u/Wendy01/,,https://www.youtube.com/channel/UCSyK9XgqmOd5TPuzykxNC2A,https://twitter.com/thethien95,
https://www.tradingview.com/u/vntoplink/,,,,
https://www.tradingview.com/u/quyhoa/,,,,
https://www.tradingview.com/u/chutung/,https://t.me/bluetradinggroups,,https://twitter.com/Bluesky83994,
https://www.tradingview.com/u/traderthang72020/,,,,
https://www.tradingview.com/u/Trader_Gold_Pro/,,,,Tham gia nhoÌm coÌ£Ì‚ng Ä‘oÌ‚Ì€ng Ä‘eÌ‚Ì‰ Ä‘uÌ›oÌ›Ì£c hoÌ‚Ìƒ troÌ›Ì£ vaÌ€ chia seÌ‰ kieÌ‚Ìn thuÌ›Ìc nheÌ !\r\n\r\nï¸ğŸ¥‡ Giao lÆ°u há»c há»i kiáº¿n thá»©c thá»‹ trÆ°á»ng\r\nï¸ğŸ¥‡ Há»— trá»£ tÃ­n hiá»‡u giao dá»‹ch Free\r\nï¸ğŸ¥‡ Group Zalo : https://zalo.me/g/etpmiy695\r\n\r\nâ˜ï¸ LH : 0773238123 Admin
https://www.tradingview.com/u/NguyenQuangHien/,,,,
https://www.tradingview.com/u/batlavi1/,,,,
https://www.tradingview.com/u/kenypt/,,,,
https://www.tradingview.com/u/dautukyluat/,,https://www.youtube.com/channel/UC3nzc5L7qyOrb695ZtIoGNQ,,
https://www.tradingview.com/u/xuandieutnct/,,,,
https://www.tradingview.com/u/MichaelDuc/,,,https://twitter.com/Ducnun,
https://www.tradingview.com/u/HieuXoanWyckoffian/,,https://www.youtube.com/channel/UC1_FVBpKoqpbu1uZEy5a-6Q,,
https://www.tradingview.com/u/vqecamranh/,,,,
https://www.tradingview.com/u/minhtq4321/,,,,
https://www.tradingview.com/u/AmberForexGold/,,,,
https://www.tradingview.com/u/Tungle111/,,https://www.youtube.com/channel/UCMT4B_ste0vx4-mJDdKLDsw,https://twitter.com/Tung02704355,
https://www.tradingview.com/u/MyFriendFun/,,,https://twitter.com/pvt91,
https://www.tradingview.com/u/mapnhatrang79/,,,,
https://www.tradingview.com/u/thien.ite/,,https://www.youtube.com/channel/UCvbi9268r_4mJjRQ-ccARDA,,
https://www.tradingview.com/u/SKYinvestment_global/,,,,
https://www.tradingview.com/u/tradewithme99/,https://9xtrading.net/,https://www.youtube.com/channel/UCJxv7y7QhrR0kZRZaTHAz6w,,ğŸ”¥ Telegram: https://t.me/channel9xtrading\r\nğŸ”¥ Channel thÃ´ng bÃ¡o: https://t.me/channel9xtrading\r\nğŸ”¥ Quá»¹ MFF: https://myforexfunds.com/?wpam_id=454978 \r\nğŸ“± MÃ£ Coupon giáº£m giÃ¡ MFF ğŸ‘‰ 9Z9NUJ3K
https://www.tradingview.com/u/mithang/,,,,
https://www.tradingview.com/u/Hungsatoshi/,,,,
https://www.tradingview.com/u/TonyL0ng/,,,,
https://www.tradingview.com/u/Minh_Invest/,,https://www.youtube.com/channel/UCqTZSpI6K1w980GW9m0E57w,,
https://www.tradingview.com/u/Hong_Hoang_Trading_Group/,https://honghoanggroup.com,https://www.youtube.com/channel/UCvJdaFwRX_qfmwGtV4pBZcg,,ğŸ’¥  Free tÃ­n hiá»‡uğŸ’¥ https://bit.ly/32BFWhB\r\nCÃ¹ng tháº£o luáº­n táº¡i:\r\nğŸ‘‰ Telegram: https://t.me/Channel_Hong_Hoang \r\n                ğŸ‘‰ https://t.me/Hong_Hoang\r\nğŸ‘‰ Fanpage: https://bit.ly/3zV36vG\r\nğŸ‘‰ Group: https://bit.ly/3foWCMc\r\nğŸ‘‰ Hotline: 0866.4848.78
https://www.tradingview.com/u/BlockInfo/,,,https://twitter.com/eosioio,
https://www.tradingview.com/u/WolfGEGF/,,,,
https://www.tradingview.com/u/sktt1levi99/,,,,
https://www.tradingview.com/u/theha02021982/,,,,
https://www.tradingview.com/u/ThomasLe1994/,,https://www.youtube.com/channel/UCzrK5X9ud1N64aWwHJcF14w,https://twitter.com/ThomasLe1011,
https://www.tradingview.com/u/theanh3884/,,https://www.youtube.com/channel/UCiXxwxHe7aiWKfsdb0xE-JQ,,
https://www.tradingview.com/u/hoangcongdanh7297/,,,,
https://www.tradingview.com/u/davidtran1990/,,,,
https://www.tradingview.com/u/naulNG7996/,,,,
https://www.tradingview.com/u/JL_NPT/,,,,
https://www.tradingview.com/u/khangleqn/,,,,
https://www.tradingview.com/u/tohaitrieu/,,https://www.youtube.com/channel/UC9opfnyq3gt5tK74YwPbJ9g,https://twitter.com/tohaitrieu,
https://www.tradingview.com/u/A_Luan26/,,,https://twitter.com/TongLuan,
https://www.tradingview.com/u/VFSTMX/,,,,
https://www.tradingview.com/u/Legend_invester/,,,,Telegram trao Ä‘á»•i Crypto: https://t.me/Investercryptochanel\r\nTelegram Channel Crypto: https://t.me/kenhdautugroup\r\nTelegram Channe Chá»©ng khoÃ¡n: https://t.me/happyinveststock
https://www.tradingview.com/u/leductruong/,,,https://twitter.com/https://twitter.com/akiralee6789,
https://www.tradingview.com/u/edwardtran97/,,https://www.youtube.com/channel/UCfTbwZOgdk6KWaMGJ9HBYRQ,https://twitter.com/viniumcapital,
https://www.tradingview.com/u/NguyenManhforex/,,https://www.youtube.com/channel/UCTL29mkOa4XwGaPLTF9VgcA,,
https://www.tradingview.com/u/ThanhJanuary171/,,,,
https://www.tradingview.com/u/Forexbro111/,,,,âœ…  Há»— trá»£ tÃ­n hiá»‡u giao dá»‹ch Free \r\nâ›”ï¸ Group Zalo :\r\nhttps://zalo.me/g/wmqnne084\r\nâ›”ï¸ KÃªnh Youtube :\r\nhttps://www.youtube.com/channel/UCdDjeJY564RE_MdK2B__jVA?sub_confirmation=1\r\n\r\nâ˜ï¸ LH: 0865858690 ( Äáº¡t)\r\nZalo 0916625641
https://www.tradingview.com/u/RioNguyenCFD/,,https://www.youtube.com/channel/UCueTs7JVr3sEs2VLcwUpdig,,
https://www.tradingview.com/u/Rhyminal/,,,,
https://www.tradingview.com/u/Hoangpham88/,,,,
https://www.tradingview.com/u/galvin5/,,,,
https://www.tradingview.com/u/civil_worker/,,,,
https://www.tradingview.com/u/VuHungFX/,,,,
https://www.tradingview.com/u/smallturtle/,,,,
https://www.tradingview.com/u/tranxuannhat/,,,,
https://www.tradingview.com/u/moonskygcm/,,,https://twitter.com/VenturesBc,
https://www.tradingview.com/u/Giang_Bui/,,,,
https://www.tradingview.com/u/VuNguyenATFX/,,,,
https://www.tradingview.com/u/khoahuynh/,,,,
https://www.tradingview.com/u/Vn-Invest/,,,,
https://www.tradingview.com/u/nguyenduytam27/,,https://www.youtube.com/channel/UCsGtSIHkdeKB1SG9rlbDpOA,,
https://www.tradingview.com/u/VinaTrading/,,,,
https://www.tradingview.com/u/johnny-nguyen586888/,https://setuptrading.com/,https://www.youtube.com/channel/UChmzuYRd0-KgqYbGZRk-6eQ,https://twitter.com/nducanh189,
https://www.tradingview.com/u/Vo-Minh-Nhut/,,,,
https://www.tradingview.com/u/efficientBus39245/,,,,
https://www.tradingview.com/u/JQKforex/,,https://www.youtube.com/channel/UC_TbWy75vlaifWrEmVzY00Q,,
https://www.tradingview.com/u/qtranhtc/,,,,
https://www.tradingview.com/u/EricGoldHunter/,,,,
https://www.tradingview.com/u/GROWRICH_VN/,,https://www.youtube.com/channel/UC4y4GKlmsK1I4DGRZLyg3Xg,,
https://www.tradingview.com/u/ngocv9256/,,,,
https://www.tradingview.com/u/2phanvien/,,,,
https://www.tradingview.com/u/boykiemtienonline/,,,,
https://www.tradingview.com/u/MEDITATION_TRADE_VN/,,,,
https://www.tradingview.com/u/giaodichsong/,,https://www.youtube.com/channel/UClt4AVqEJrQSXmXxVcPce3g,https://twitter.com/giaodichsong,
https://www.tradingview.com/u/Pinv-Trader/,,https://www.youtube.com/channel/UCTrSgM2nmfEYwgfVs88v3qA,,
https://www.tradingview.com/u/vingocthaivks/,,,https://twitter.com/vingocthai,
https://www.tradingview.com/u/violetsunset911/,,,,
https://www.tradingview.com/u/ThanUnique/,,,,
https://www.tradingview.com/u/NamLeVan/,,,https://twitter.com/nghigiaulamgiau,
https://www.tradingview.com/u/utah0104/,,,https://twitter.com/QuangNg87702373,
https://www.tradingview.com/u/lamngoc4886/,,,,
https://www.tradingview.com/u/hrtrmcdd9j/,,,,
https://www.tradingview.com/u/KhoaiTei/,,,,
https://www.tradingview.com/u/phucngvn/,,,,
https://www.tradingview.com/u/NguyenDuyCuong19/,,,,
https://www.tradingview.com/u/NguyenHongQuang/,,,,
https://www.tradingview.com/u/HoanganhObg/,,,,
https://www.tradingview.com/u/VuVanTien94hd/,,https://www.youtube.com/channel/UCRQEm4Quble__ff1YiT5DXg,,
https://www.tradingview.com/u/daututiendientu/,,,,
https://www.tradingview.com/u/yanghooh09/,,,https://twitter.com/QucThn5,
https://www.tradingview.com/u/thoadq/,,,https://twitter.com/DangQuangThoa1,
https://www.tradingview.com/u/PA_Official/,,,,
https://www.tradingview.com/u/Binhes16190/,,,,
https://www.tradingview.com/u/conkien9211/,,,https://twitter.com/conkien92,
https://www.tradingview.com/u/HuynhSang-Forex/,,https://www.youtube.com/channel/UCs_rPe3frPEHpUVA1YC7urA,,
https://www.tradingview.com/u/SamVincent6d/,,,,
https://www.tradingview.com/u/centerforever/,,,,
https://www.tradingview.com/u/SieuTradervn/,,,,
https://www.tradingview.com/u/The-Money-Fool/,,,,
https://www.tradingview.com/u/ngobao1975/,,,,
https://www.tradingview.com/u/thaikhuongnuce/,,,,
https://www.tradingview.com/u/ThangLeViet/,,https://www.youtube.com/channel/UCCEFYzv06rwRzSfJ5ybqwTw,,
https://www.tradingview.com/u/BLOGFOREXVIET/,,,https://twitter.com/trantanfx,
https://www.tradingview.com/u/ahcomputer/,,,,
https://www.tradingview.com/u/tienminhnguyen/,,,https://twitter.com/mrtienminh,
https://www.tradingview.com/u/ThinhNgoAmatuer/,,,,
https://www.tradingview.com/u/howtotradeblog/,https://howtotradeblog.com,https://www.youtube.com/channel/UCxdOHIyo4wwfBRKumiAfA_Q,https://twitter.com/howtotradeblog,Zalo: https://zalo.me/g/dhokhg326\r\nTelegram: https://t.me/Jokerteamchannel\r\nKiáº¿n thá»©c: https://t.me/jqkaforexacademy\r\nKáº¿t quáº£ giao dá»‹ch: https://t.me/jokertradinghistory\r\nQuáº£n lÃ½ vá»‘n: https://exnessguide.com/vi/huong-dan-quan-ly-von-channel-joker-vip/
https://www.tradingview.com/u/duckhoa.nguyen/,,,,
https://www.tradingview.com/u/Mrtap/,,,https://twitter.com/Justin_LeeNFT,
https://www.tradingview.com/u/leogiophotography/,,,,
https://www.tradingview.com/u/Kienthucforex/,https://kienthucforex.com/,https://www.youtube.com/channel/UCd3ag0yFr6K4rnBaSr2e9xg,https://twitter.com/kienthucforex,KÃªnh tÃ­n hiá»‡u telegram: https://t.me/ktforexsignals\r\nHomepage: https://kienthucforex.com\r\nDanh sÃ¡ch sÃ n forex uy tÃ­n: https://kienthucforex.com/top-san-forex-uy-tin-va-tot-nhat-o-viet-nam/\r\nTop Forex Brokers: https://sanforex.com
https://www.tradingview.com/u/Daohantindung/,,,https://twitter.com/dangkhoacrr,
https://www.tradingview.com/u/TradeProEdu/,,,https://twitter.com/@PremiumSignalTP,
https://www.tradingview.com/u/duchieupttrading/,,,,
https://www.tradingview.com/u/EricNguyenICA/,,,,
https://www.tradingview.com/u/Nhut_lee123/,,,,
https://www.tradingview.com/u/dongtc103/,,,,
https://www.tradingview.com/u/ducthinhckbk/,,,,
https://www.tradingview.com/u/truongdathuong/,,,https://twitter.com/truongdathuong,
https://www.tradingview.com/u/Phamdong1969/,https://saigontradecoin.com/,https://www.youtube.com/channel/UC2fNzNOjCvOaqW-n5Q58eIQ,https://twitter.com/imphamdong,
https://www.tradingview.com/u/levanlinhepi/,,,,
https://www.tradingview.com/u/tradingpro2012/,,,https://twitter.com/hungpv1983,
https://www.tradingview.com/u/vietnamstocks/,,,,
https://www.tradingview.com/u/URIFX/,,,,
https://www.tradingview.com/u/edutrade77/,,,,
https://www.tradingview.com/u/binancash/,,,https://twitter.com/socbaseme,
https://www.tradingview.com/u/khoaimo/,,,,
https://www.tradingview.com/u/hnam230594/,,,,
https://www.tradingview.com/u/gucci61/,,,,
https://www.tradingview.com/u/EllinacciHomma/,,,,
https://www.tradingview.com/u/hieutran207/,,,,
https://www.tradingview.com/u/Tran_Hieu/,http://htpinvest.vn/?us=hieutv,,,"ğŸµï¸ Group Tele há»— trá»£ NÄT thá»‹ trÆ°á»ng Coin, Forex: \r\nhttps://t.me/Coin_Forex_SonicR_Trading\r\nğŸµï¸ Group zalo há»— trá»£ tÃ­n hiá»‡u giao dá»‹ch NÄT thá»‹ trÆ°á»ng Forex,coin:\r\nhttps://zalo.me/g/cpgugz149\r\n\r\nâ˜ï¸ TÆ° váº¥n & há»— trá»£ 24/24"
https://www.tradingview.com/u/sufficientLiza48116/,,,,
https://www.tradingview.com/u/FT2304/,,,,
https://www.tradingview.com/u/thewindt4/,,,,
https://www.tradingview.com/u/hoangphu2151/,,,,
https://www.tradingview.com/u/TonyFx_Trader/,,,,
https://www.tradingview.com/u/huynhhoangnam2629/,,,https://twitter.com/huynhhongnam,
https://www.tradingview.com/u/Dhphu/,,,,
https://www.tradingview.com/u/JueRZ/,,,https://twitter.com/quyet37913653,
https://www.tradingview.com/u/gianghaianh032/,,,,
https://www.tradingview.com/u/TinhK/,,,,
https://www.tradingview.com/u/congnguyenvo/,,,,
https://www.tradingview.com/u/Annboswell/,,,,
https://www.tradingview.com/u/linhnguyenduc1211/,,,,
https://www.tradingview.com/u/vothien/,,,,
https://www.tradingview.com/u/caophongfx123/,,,https://twitter.com/HoangMinh13689,
https://www.tradingview.com/u/toanpmo123/,,,,
https://www.tradingview.com/u/anhluancongnghe/,,,,
https://www.tradingview.com/u/Warenbocphet/,,https://www.youtube.com/channel/UCZkq8QHEXbtMA79yo0rQsOQ,,
https://www.tradingview.com/u/phoenixdnvn/,,,,
https://www.tradingview.com/u/hoanghocaobinh/,,,,
https://www.tradingview.com/u/Max0909/,,,,
https://www.tradingview.com/u/Clevermonkey/,,,,
https://www.tradingview.com/u/tryharder97/,,,,
https://www.tradingview.com/u/vantung050397/,,,,
https://www.tradingview.com/u/toansystem/,,https://www.youtube.com/channel/UCEPUEb8owqRXhPvkFDMZnuw,https://twitter.com/ToanSystem,
https://www.tradingview.com/u/Qtrade-vn/,,,,
https://www.tradingview.com/u/hoangvudb/,,,,
https://www.tradingview.com/u/QuangMinh1992/,,,,
https://www.tradingview.com/u/practicalBook44674/,,,,
https://www.tradingview.com/u/phanmanhungqbe/,,,,
https://www.tradingview.com/u/quangdai0892/,,,,
https://www.tradingview.com/u/Hoang0007/,,,,
https://www.tradingview.com/u/NguyenVietHuynh97/,,,,
https://www.tradingview.com/u/daututhucchien2021/,,https://www.youtube.com/channel/UCtR-phV-ItytbUp0AxDi4WA,https://twitter.com/Daututhucchien,
https://www.tradingview.com/u/JackpotVN/,,,,
https://www.tradingview.com/u/vn511189/,,,,
https://www.tradingview.com/u/LiZiLong/,,,,
https://www.tradingview.com/u/nhinguyenminh1/,,,,
https://www.tradingview.com/u/DanKwan1/,,,,
https://www.tradingview.com/u/Nuatxcryp/,,,,
https://www.tradingview.com/u/hehehehehe1011/,,,,
https://www.tradingview.com/u/GVF_Trading/,,,,
https://www.tradingview.com/u/Nguyen_Trung_Chinh/,,,,
https://www.tradingview.com/u/luanruby/,,,,
https://www.tradingview.com/u/sssphungthanhsss/,,,,
https://www.tradingview.com/u/Forexmansignal/,https://t.me/forexmansignal,https://www.youtube.com/channel/UCZFazUttJGEKhDKVn0IshOg,,"Äá»ƒ cáº­p nháº­t Ä‘iá»ƒm vÃ o lá»‡nh/thoÃ¡t lá»‡nh linh hoáº¡t nháº¥t, anh em hÃ£y tham gia kÃªnh Telegram cá»§a mÃ¬nh:\r\nTelegram Channel: https://t.me/forexmansignal\r\nYoutube: https://www.youtube.com/c/ForexManSignal"
https://www.tradingview.com/u/NguyenNhatHoan_Crypto/,,,,
https://www.tradingview.com/u/daindh79/,,,https://twitter.com/VietNam_MrNgo,
https://www.tradingview.com/u/CHNTeam/,,https://www.youtube.com/channel/UCQfKhhDbsOOjLZQYCAB1ajw,https://twitter.com/tientrong94,
https://www.tradingview.com/u/GDLongVN/,,,,
https://www.tradingview.com/u/Chayjade25/,,,,
https://www.tradingview.com/u/KhiemNI/,,,,
https://www.tradingview.com/u/badboy_9999/,,,,
https://www.tradingview.com/u/UnknownUnicorn39155565/,,,,
https://www.tradingview.com/u/volvo889/,,,,
https://www.tradingview.com/u/minhquanngnguyen/,,https://www.youtube.com/channel/UCS2ssCE9KOWGn7ntQSSYEXA,,
https://www.tradingview.com/u/UnknownUnicorn36205219/,,,,
https://www.tradingview.com/u/phamthehien/,,,,
https://www.tradingview.com/u/TradingFree122/,,,,
https://www.tradingview.com/u/HauTruc/,,,,
https://www.tradingview.com/u/phillipnguyen1912/,,,,
https://www.tradingview.com/u/ouynguyen/,,,,
https://www.tradingview.com/u/inno14/,,,,
https://www.tradingview.com/u/Hung-JK/,,,,
https://www.tradingview.com/u/Naka_Forex/,,,https://twitter.com/nakaforex,
https://www.tradingview.com/u/fthai36/,,,,
https://www.tradingview.com/u/XTBVietnam/,,https://www.youtube.com/channel/UCzwgwjs8-6Yj3Qx9AkYFn6w,,
https://www.tradingview.com/u/Linda369/,,https://www.youtube.com/channel/UC5xWdaA-GWc0YhUEkGvxNtQ,,
https://www.tradingview.com/u/UnknownUnicorn38787683/,,,,
https://www.tradingview.com/u/CPAPhuongDong/,,,,
https://www.tradingview.com/u/FSFI/,,,,
https://www.tradingview.com/u/SpecializationFx/,,,,
https://www.tradingview.com/u/CaptainTeamFX/,,,,
https://www.tradingview.com/u/huanquang0112/,,,,
https://www.tradingview.com/u/anhle97/,,https://www.youtube.com/channel/UCaPjRVVf4fkp9ctrOxqoRog,https://twitter.com/anhleeeee7,
https://www.tradingview.com/u/HungRSI/,,,https://twitter.com/Hungnv,
https://www.tradingview.com/u/trangquynhvu21/,,,,
https://www.tradingview.com/u/kiennguyen21907/,,,,
https://www.tradingview.com/u/MasterQ-QTCrypto/,,,,
https://www.tradingview.com/u/UnknownUnicorn38777376/,,,,
https://www.tradingview.com/u/TranHoaiNam2111/,,,,
https://www.tradingview.com/u/startryu/,,,,
https://www.tradingview.com/u/tongthanhq/,,,,
https://www.tradingview.com/u/rty81682/,,,,
https://www.tradingview.com/u/thanhlocfx01/,,,,
https://www.tradingview.com/u/terrancrypt/,,,https://twitter.com/CoinMegabucks,
https://www.tradingview.com/u/hihohi8589/,,,,
https://www.tradingview.com/u/Dragon_Heart/,,,,
https://www.tradingview.com/u/khanhdat/,,,https://twitter.com/forextrend4h,
https://www.tradingview.com/u/thucthao239/,,,,
https://www.tradingview.com/u/tradewithhihi/,,,,
https://www.tradingview.com/u/CongdongDaututaichinhtaman/,,,,
https://www.tradingview.com/u/ad61402/,,,,
https://www.tradingview.com/u/Micheal_hongvu/,,,,
https://www.tradingview.com/u/CongNgheALJ/,,,,
https://www.tradingview.com/u/NguyenDuc555/,,,,
https://www.tradingview.com/u/Dautusieude_Official/,,https://www.youtube.com/channel/UCE0uu_7Na_JJFKS594FIL9Q,https://twitter.com/dautusieude,
https://www.tradingview.com/u/AndyTran1996/,,,https://twitter.com/txb20041996,
https://www.tradingview.com/u/rty81979/,,,,
https://www.tradingview.com/u/MexcieZ/,,,,
https://www.tradingview.com/u/bhtrader_VN/,,,https://twitter.com/bh_trader_,
https://www.tradingview.com/u/tradefund1/,,,,
https://www.tradingview.com/u/khangthanh/,,,https://twitter.com/KhangThnh2,
https://www.tradingview.com/u/dinhtruongan/,,,,
https://www.tradingview.com/u/Ly_Hoang_Official/,,https://www.youtube.com/channel/UCKXUNC8T0-GeKD8qJVr805w,,
https://www.tradingview.com/u/NhanTam/,,,,
https://www.tradingview.com/u/F186/,,,,
https://www.tradingview.com/u/NgheTrader/,,https://www.youtube.com/channel/UCCmgMySTC0tDnR7O0RQcEvw,,
https://www.tradingview.com/u/tranquangtuong33675/,,,,
https://www.tradingview.com/u/Harry2k/,,,,
https://www.tradingview.com/u/kubin2015/,,,https://twitter.com/@tuan79745600,
https://www.tradingview.com/u/ichimokuK/,,,,
https://www.tradingview.com/u/NTABOSS/,,,,
https://www.tradingview.com/u/TrongLe/,,,,
https://www.tradingview.com/u/hoanglong9207/,,,,
https://www.tradingview.com/u/ttbac05/,,,,
https://www.tradingview.com/u/willfx_vn/,,,https://twitter.com/Willfx1,
https://www.tradingview.com/u/nguyenphuchao19/,,,,
https://www.tradingview.com/u/LEE_NGUYEN_/,,https://www.youtube.com/channel/UC_u9fMVrJK5Y65HdE3v46lQ,https://twitter.com/LeeEtcVn,
https://www.tradingview.com/u/trungvt90/,,,https://twitter.com/trungvt90,
https://www.tradingview.com/u/manhthuyet/,,,,
https://www.tradingview.com/u/Whale-D/,,,https://twitter.com/dat16477402,
https://www.tradingview.com/u/Marker93/,,,,
https://www.tradingview.com/u/anhnguyet95/,,https://www.youtube.com/channel/UCqsN1T1Nfvc0q4Kr9hje1mQ,,
https://www.tradingview.com/u/Gold-Trading-VN/,https://zalo.me/g/dsnrak005,,,âœ…CÃ¡c Ä‘iá»ƒm Ä‘áº£o chiá»u / Ä‘iá»ƒm há»“i cá»§a cáº·p tiá»n XAU/USD liÃªn tá»¥c Ä‘Æ°á»£c cáº­p nháº­t táº¡i:\r\nhttps://zalo.me/g/dsnrak005
https://www.tradingview.com/u/seo3men/,,,,
https://www.tradingview.com/u/wapita8660/,,,,
https://www.tradingview.com/u/HaTrung/,,,,
https://www.tradingview.com/u/Vukhuong1989/,,,,
https://www.tradingview.com/u/nguyenhuuphuc0905/,,,,
https://www.tradingview.com/u/Dr_Thanh/,,https://www.youtube.com/channel/UCr5vRb5Tsq7EnTPaE5e0OJg,,
https://www.tradingview.com/u/Trader-Pro-48/,,,,
https://www.tradingview.com/u/ctynoithat/,,,,
https://www.tradingview.com/u/TradeToRich/,,,,
https://www.tradingview.com/u/MrauruM/,,,,
https://www.tradingview.com/u/nbhoang/,,,https://twitter.com/nguyenbahoang21,
https://www.tradingview.com/u/xuanbang/,,,,
https://www.tradingview.com/u/Quangkyoto/,,,,
https://www.tradingview.com/u/rty13292/,,,,
https://www.tradingview.com/u/atm_analytics/,https://marginatm.com,https://www.youtube.com/channel/UCpMoIawPtfyAUroQUOM3YSw,https://twitter.com/@marginatm,
https://www.tradingview.com/u/jtphamphuchautfs/,,,,
https://www.tradingview.com/u/KenhTrading/,https://t.me/ktsignal,https://www.youtube.com/channel/UCw-Lu3VbEjO6AkHHnYyLiwA,https://twitter.com/kenhtrading,---------------------------------------------------------------\nCáº­p nháº­t Bitcoin má»›i nháº¥t: https://t.me/ktsignal\nGroup: https://t.me/kenhtrading
https://www.tradingview.com/u/RYOGIN/,,,https://twitter.com/mr_phuocan,
https://www.tradingview.com/u/anhtranvt/,,,,
https://www.tradingview.com/u/MUNC/,,,https://twitter.com/MinUye0812,
https://www.tradingview.com/u/VietPhong101/,,,,
https://www.tradingview.com/u/tontri0007/,,,,
https://www.tradingview.com/u/ZanShinPA-DN/,,,,
https://www.tradingview.com/u/Trading5656/,,,,
https://www.tradingview.com/u/NoyPriceaction/,,,,
https://www.tradingview.com/u/B2MCapital/,,,,
https://www.tradingview.com/u/yeus777/,,,,
https://www.tradingview.com/u/Quangna91/,,,,
https://www.tradingview.com/u/Minh-Long/,,https://www.youtube.com/channel/UC32-xQsSLBDx5hxs96W5zvg,,
https://www.tradingview.com/u/maihoangyen10121988/,,,,
https://www.tradingview.com/u/phamkha163274882/,,,,
https://www.tradingview.com/u/ck_tudien_info/,,,,
https://www.tradingview.com/u/forex2403/,,,,
https://www.tradingview.com/u/huongnd/,,,https://twitter.com/O978XXX000,
https://www.tradingview.com/u/avata423/,,,,
https://www.tradingview.com/u/TonyTMT/,,,,
https://www.tradingview.com/u/ducphung27/,,,,
https://www.tradingview.com/u/ngocbaomh3/,,,,
https://www.tradingview.com/u/TopC20/,,,,
https://www.tradingview.com/u/Zetsu13/,,,,
https://www.tradingview.com/u/Logcoc/,,,,
https://www.tradingview.com/u/tradeviet123/,,,,
https://www.tradingview.com/u/Thanh_Elliot/,,,https://twitter.com/ThanhSTB,
https://www.tradingview.com/u/TranVu111/,,,,
https://www.tradingview.com/u/TranQuocViet8b/,,,,
https://www.tradingview.com/u/ngyvan11/,,,,
https://www.tradingview.com/u/Quitran678/,,,https://twitter.com/tranvanqui678,
https://www.tradingview.com/u/Vgolddn38/,,,https://twitter.com/Vgolddn38,
https://www.tradingview.com/u/typhuonline2021/,,,,
https://www.tradingview.com/u/tuyenngac1976/,,,,
https://www.tradingview.com/u/nguyenvanloc12a3nh2020/,,,,
https://www.tradingview.com/u/ngocthachtdac/,,,,
https://www.tradingview.com/u/GauPhoWall/,,,,
https://www.tradingview.com/u/phuongthuytrader/,,,,
https://www.tradingview.com/u/americanfx88/,,,,
https://www.tradingview.com/u/lienhehtgtrading/,,,,
https://www.tradingview.com/u/XiaoWeii/,,,,
https://www.tradingview.com/u/Chiducvt/,,,,
https://www.tradingview.com/u/Jack_Dawson/,,https://www.youtube.com/channel/UCSaf0AxbDghGnc3JNdxYw8w,https://twitter.com/JD_CRC,
https://www.tradingview.com/u/bobbiboy8x/,,,,
https://www.tradingview.com/u/rty8762/,,,,
https://www.tradingview.com/u/duynguyen191/,,,,
https://www.tradingview.com/u/dphong2710/,,,,
https://www.tradingview.com/u/MinhINVEST/,,https://www.youtube.com/channel/UCQCMbtkPA_-kW3xpQR_9XrA,,
https://www.tradingview.com/u/manhthanghd34/,,,https://twitter.com/huyentamdev,
https://www.tradingview.com/u/LuongDinhVan/,,,,
https://www.tradingview.com/u/TranLamCrypto/,,,https://twitter.com/TranLeDienLam,
https://www.tradingview.com/u/Tuannt991/,,,https://twitter.com/thaibinhduong34,
https://www.tradingview.com/u/Shin_ichimoku369/,,,,
https://www.tradingview.com/u/ForexGoldSignals/,,https://www.youtube.com/channel/UCdDjeJY564RE_MdK2B__jVA,,
https://www.tradingview.com/u/Forex-YouCan_BanCoThe/,,https://www.youtube.com/channel/UCwV6kkQuE3VDR-lNvnOFMMQ,,
https://www.tradingview.com/u/TradinV85/,,,https://twitter.com/tradinv85,
https://www.tradingview.com/u/jimmyle1804/,,,,
https://www.tradingview.com/u/tabaytrading/,,,https://twitter.com/tungdpham,
https://www.tradingview.com/u/iamminhng/,,,,
https://www.tradingview.com/u/tannq121/,,,,
https://www.tradingview.com/u/ninhtienit/,,,https://twitter.com/ninhtienit,
https://www.tradingview.com/u/Rise-N-Shine/,,,,
https://www.tradingview.com/u/hieuthuan290996/,,,,
https://www.tradingview.com/u/facific9x/,,,,
https://www.tradingview.com/u/chinhhntc2020/,,,,
https://www.tradingview.com/u/diamond2368/,,,https://twitter.com/hoangmai61,
https://www.tradingview.com/u/stcrio1813/,,,,
https://www.tradingview.com/u/NCN_VN/,,,,
https://www.tradingview.com/u/nguyenductrong142/,,,,
https://www.tradingview.com/u/nguyentrungtin067/,,,,
https://www.tradingview.com/u/Wave_Tracker/,,https://www.youtube.com/channel/UCmRsmuwVQuUjBlOFc_Y5GNA,https://twitter.com/Wave_Tracker95,
https://www.tradingview.com/u/TheVisioner/,,,https://twitter.com/anhtbvn,
https://www.tradingview.com/u/PHAMSYTRUNG/,,,,
https://www.tradingview.com/u/Auragold/,,https://www.youtube.com/channel/UCGJfkT46CGAAQgMi_WbLJbw,,
https://www.tradingview.com/u/tradelive93/,,,,
https://www.tradingview.com/u/AnPhng/,,,,
https://www.tradingview.com/u/jsc_cong/,,,https://twitter.com/JscCong,
https://www.tradingview.com/u/live_indicators/,https://safetrading.io,https://www.youtube.com/channel/UCDWS2UyVMzzRfl1TyT3JHuA,,ChÃºng tÃ´i táº¡o ra SafeTrading Toolkitâ„¢ - Bá»™ chá»‰ bÃ¡o giao dá»‹ch Ä‘Æ°á»£c tin dÃ¹ng bá»Ÿi 6.800+ nhÃ  Ä‘áº§u tÆ° kháº¯p tháº¿ giá»›i: https://safetrading.io
https://www.tradingview.com/u/Dolaus/,,,,
https://www.tradingview.com/u/Jackson_hathientrinh/,,,,
https://www.tradingview.com/u/Mrhoang1450/,,,,
https://www.tradingview.com/u/KirkBarton/,,,,
https://www.tradingview.com/u/ThienDong/,,,https://twitter.com/Thiendong2,
https://www.tradingview.com/u/UnknownUnicorn35029135/,,,,
https://www.tradingview.com/u/duckienyhn1/,,,https://twitter.com/duckienyhn1,
https://www.tradingview.com/u/hungtran001/,,,,
https://www.tradingview.com/u/GMcrt/,,,,
https://www.tradingview.com/u/vnquyy/,,,https://twitter.com/NgcQu27602274,
https://www.tradingview.com/u/Anleehuynh/,,,,
https://www.tradingview.com/u/phamtamiwai/,,,,
https://www.tradingview.com/u/minhcuong1812coin/,,,,
https://www.tradingview.com/u/hoanglinh91/,,,,
https://www.tradingview.com/u/Minhtx/,,,,
https://www.tradingview.com/u/hatduaphatdat/,,,,
https://www.tradingview.com/u/dcdafn/,,,,
https://www.tradingview.com/u/Radar-crypto/,,,,
https://www.tradingview.com/u/Trade4You88/,,https://www.youtube.com/channel/UCEQFBYW-oArg19s4wQTqptA,,
https://www.tradingview.com/u/luckyseven98/,,,,
https://www.tradingview.com/u/jungyuongrin08/,,,,
https://www.tradingview.com/u/Kgold_vn/,https://kgold.vn,,,Website : https://kgold.vn\r\nGroup : https://fb.com/groups/kgrouptrader
https://www.tradingview.com/u/Shin_ichimoku/,,https://www.youtube.com/channel/UC9IP7R3Dufnx_OcVxKQvk5A,https://twitter.com/CIchimoku,
https://www.tradingview.com/u/Le_Thanh_Tung/,,,,
https://www.tradingview.com/u/johnnybao1999/,,https://www.youtube.com/channel/UCJ8c6vrKrei2Qa8KlbyEHaw,https://twitter.com/JohnnyBao_1999,
https://www.tradingview.com/u/hyr_96/,,,,
https://www.tradingview.com/u/hothanhhao9999/,,,,
https://www.tradingview.com/u/minh1402/,,,,
https://www.tradingview.com/u/hoangxuan168/,,,,
https://www.tradingview.com/u/SweetBull2020/,,,,
https://www.tradingview.com/u/kendallorain12/,,,,
https://www.tradingview.com/u/JasonNguyen28/,,https://www.youtube.com/channel/UC74vUW5MWAfBG1PfKQBWGHw,https://twitter.com/Jason_Nguyen28,
https://www.tradingview.com/u/Web_9xTrading/,,,,
https://www.tradingview.com/u/SharkFollow/,,,https://twitter.com/haiaubay,
https://www.tradingview.com/u/suutyr/,,,,
https://www.tradingview.com/u/HieuWinTraider/,,,,
https://www.tradingview.com/u/nguyennghia68/,,,,
https://www.tradingview.com/u/trader9999999998989/,,,,
https://www.tradingview.com/u/tangocgiau80/,,,,
https://www.tradingview.com/u/trum98pk/,,,https://twitter.com/thuyvuo12827948,
https://www.tradingview.com/u/ducvip10a4/,,,,
https://www.tradingview.com/u/THITRUONGDAUTU_VN/,,https://www.youtube.com/channel/UCwDU7Xi3vb8XxqHvA7atmGg,https://twitter.com/thitruongdautu,
https://www.tradingview.com/u/TuanBird/,,,https://twitter.com/tuanvni,
https://www.tradingview.com/u/lanhtran134/,,,,
https://www.tradingview.com/u/Darius-Lee/,,,,
https://www.tradingview.com/u/Sparta_Academi/,,,,
https://www.tradingview.com/u/lion_fly/,,,,
https://www.tradingview.com/u/khuong091095/,,,,
https://www.tradingview.com/u/TranCongMD/,,,,
https://www.tradingview.com/u/Manhcapital/,,https://www.youtube.com/channel/UCdOMqeMHzWVBEYZ43QQKSvw,https://twitter.com/002cia,
https://www.tradingview.com/u/coicoicoiga300885/,,,,
https://www.tradingview.com/u/Linhsea/,,,,
https://www.tradingview.com/u/Sparta_Academy/,,,,
https://www.tradingview.com/u/masterpip105/,,,,
https://www.tradingview.com/u/HienPhu1986/,,,,
https://www.tradingview.com/u/manhchien94/,,,,
https://www.tradingview.com/u/canhlinh/,,,https://twitter.com/canhlinh11,
https://www.tradingview.com/u/jtphamphuchau25/,,,,
https://www.tradingview.com/u/hoangha89tn/,,,https://twitter.com/HaTrader8x,
https://www.tradingview.com/u/TuLeeAT/,,,https://twitter.com/TLee59359184,
https://www.tradingview.com/u/Mr_Bull_Mrs_Bear/,,,,
https://www.tradingview.com/u/pd41801/,,,https://twitter.com/tran_salem,
https://www.tradingview.com/u/dothietcuong1996/,,,,
https://www.tradingview.com/u/chuchhcc3/,,,,
https://www.tradingview.com/u/lunemice/,,,,
https://www.tradingview.com/u/xuanchangfx720/,,,,
https://www.tradingview.com/u/migepeh974/,,,,
https://www.tradingview.com/u/AT_KD-Cryptocurrency-Capital/,,,,
https://www.tradingview.com/u/Chien_Hung_PA/,,,https://twitter.com/hungfifacs24,
https://www.tradingview.com/u/cikacademy/,,,,
https://www.tradingview.com/u/vip90404/,,,,
https://www.tradingview.com/u/TamTue/,,,,
https://www.tradingview.com/u/votiensanh/,http://tiensanh.com,https://www.youtube.com/channel/UCHOdVHbpFZ_J6DSR-zH7IEA,https://twitter.com/TienSanhFx,"TiÃªn Sanh Forex - Káº» sÄƒn CÃ¡ Máº­p\r\n\r\n\""ÄÃ¡m Ä‘Ã´ng khÃ´ng tá»‘t cÅ©ng khÃ´ng xáº¥u\r\nNhÆ°ng há» chá»‰ lÃ  quÃ¢n tá»‘t trÃªn bÃ n cá»\"""
https://www.tradingview.com/u/leekhenk1122/,,,,
https://www.tradingview.com/u/Jackbuon/,,,,
https://www.tradingview.com/u/DolphinisDHA/,,,,
https://www.tradingview.com/u/doancuong93.davinci/,,,,
https://www.tradingview.com/u/vuongdq2121/,,https://www.youtube.com/channel/UCCKsmrkFTvcJNpxcEAB1pXA,https://twitter.com/vdq_btc,
https://www.tradingview.com/u/NguyenQuocVu/,,,,
https://www.tradingview.com/u/SharkteamPower/,,,https://twitter.com/namvu156,HaÌƒy LIKE baÌ‚Ìm FOLLOW Ä‘eÌ‚Ì‰ nhaÌ£Ì‚n phaÌ‚n tiÌch moÌ›Ìi moÌ‚Ìƒi ngaÌ€y.\nNeÌ‚Ìu coÌ giÌ€ thaÌ†Ìc maÌ†Ìc haÌƒy comment cho miÌ€nh bieÌ‚Ìt nheÌ. \n ğŸ‘‰ KÃªnh Channel mÃ¬nh cáº­p nháº­t theo thá»‹ trÆ°á»ng cho ae : https://t.me/joinchat/HVaGHdqpXkBkNzJl
https://www.tradingview.com/u/triple1trading/,,,https://twitter.com/triple1trading,
https://www.tradingview.com/u/Kai_Jun/,,,,
https://www.tradingview.com/u/quangtvht/,,,,
https://www.tradingview.com/u/hnguyen090909/,,,,
https://www.tradingview.com/u/phamhiep/,,,https://twitter.com/ERIC13331513,
https://www.tradingview.com/u/TNBroker/,,,,
https://www.tradingview.com/u/KangKang288/,,,,
https://www.tradingview.com/u/Henry_Tran/,,,,
https://www.tradingview.com/u/thinhntls/,,,https://twitter.com/ThnhNgu59683457,
https://www.tradingview.com/u/Okunguyen/,,,,
https://www.tradingview.com/u/foti_vanlan_trader/,,,,
https://www.tradingview.com/u/Nvn-1992/,,,,
https://www.tradingview.com/u/abtrader59/,,,,
https://www.tradingview.com/u/OzymandiasK/,,,,
https://www.tradingview.com/u/Nguyennampci/,,,,
https://www.tradingview.com/u/avata575/,,,,
https://www.tradingview.com/u/hungnguyen48917/,,,,
https://www.tradingview.com/u/chindk1510/,,,,
https://www.tradingview.com/u/Tudotaichinh1010/,,,,
https://www.tradingview.com/u/cheerfulSnow29011/,,,,
https://www.tradingview.com/u/phamsinh127/,,,https://twitter.com/MTiger127,
https://www.tradingview.com/u/ceotrinhhuyhoang1999/,,,,
https://www.tradingview.com/u/BachTuyet/,,https://www.youtube.com/channel/UCTaaoeNLs72MRLhnYCQulOg,,
https://www.tradingview.com/u/I_am_not_robot/,,,https://twitter.com/ewfbman,
https://www.tradingview.com/u/tyty81878/,,,,
https://www.tradingview.com/u/avata589/,,,,
https://www.tradingview.com/u/MonMon00/,,,,
https://www.tradingview.com/u/longgaru/,,,,
https://www.tradingview.com/u/TyphuPhamThanhBien/,,,https://twitter.com/bienptvn,
https://www.tradingview.com/u/truongson89/,,,,
https://www.tradingview.com/u/PuppyGold/,,,,
https://www.tradingview.com/u/UnknownUnicorn33751040/,,,,
https://www.tradingview.com/u/Shin_ichimoku0/,,,,
https://www.tradingview.com/u/Sownka/,,,,
https://www.tradingview.com/u/boquangyeumonxinh/,,,,
https://www.tradingview.com/u/NguyenHoangNguyen/,,,,
https://www.tradingview.com/u/phenolphenic/,,,,
https://www.tradingview.com/u/thiencrypto/,,,,
https://www.tradingview.com/u/pppxd11db01/,,,,
https://www.tradingview.com/u/minhducls311/,,,,
https://www.tradingview.com/u/Ichimoker-Tanjin/,,,,
https://www.tradingview.com/u/letrung98/,,,,
https://www.tradingview.com/u/amusedAntelope43860/,,,,
https://www.tradingview.com/u/Dat_FOMO/,,https://www.youtube.com/channel/UCfal3K9o9asqf6rM8nA4HXg,https://twitter.com/datthamhb,
https://www.tradingview.com/u/TungNgo99/,,,,
https://www.tradingview.com/u/JameHold/,,,https://twitter.com/FxTiep,
https://www.tradingview.com/u/nolonger1/,,,,
https://www.tradingview.com/u/Leadership/,https://tradingshop.io/,,,Group: https://www.facebook.com/groups/tradingview.vn\r\nFanpage: https://www.facebook.com/tradingviewvietnam
https://www.tradingview.com/u/Forex9999/,,,,
https://www.tradingview.com/u/edmontonbepque/,,,,
https://www.tradingview.com/u/trongvinh0403/,,,,
https://www.tradingview.com/u/hh52012/,,,https://twitter.com/JuDas98675524,
https://www.tradingview.com/u/Puddin2904/,,,,
https://www.tradingview.com/u/minhtu071991/,,,,
https://www.tradingview.com/u/phanthanhlamfx/,,,,
https://www.tradingview.com/u/KTradervn/,,,https://twitter.com/KTradervn,
https://www.tradingview.com/u/mrhenry/,,,https://twitter.com/https://twitter.com/coin2021f1,
https://www.tradingview.com/u/YOLO_Forex/,,,,
https://www.tradingview.com/u/KimNhatVN/,,,https://twitter.com/nguyennhatkim,
https://www.tradingview.com/u/linhberty/,,,,
https://www.tradingview.com/u/Blackwhisky69/,,,,
https://www.tradingview.com/u/buitrihung21041995/,,,,
https://www.tradingview.com/u/ca52901/,,,,
https://www.tradingview.com/u/langlesapa0105/,,,,
https://www.tradingview.com/u/vj60302/,,,,
https://www.tradingview.com/u/vip28061/,,,,
https://www.tradingview.com/u/kts.hungpham/,,,https://twitter.com/Pham_Chan_Phong,
https://www.tradingview.com/u/Zoele/,,,,
https://www.tradingview.com/u/phammanhhung13x3cbkdn/,,,,
https://www.tradingview.com/u/GOLD_BTC_GU/,,,,
https://www.tradingview.com/u/chienvp15/,,,,
https://www.tradingview.com/u/tuyenhp87/,,,,
https://www.tradingview.com/u/Tulamai/,,,,
https://www.tradingview.com/u/UnknownUnicorn19493224/,,,,
https://www.tradingview.com/u/hoangthinktv/,,,,
https://www.tradingview.com/u/nhokmapcute/,,,,
https://www.tradingview.com/u/avata248/,,,,
https://www.tradingview.com/u/NQThieu/,,,,
https://www.tradingview.com/u/beclever16/,,,,
https://www.tradingview.com/u/lucasvenus2020/,,,,
https://www.tradingview.com/u/jkyokovu/,,,,
https://www.tradingview.com/u/Mrleea94/,,,,
https://www.tradingview.com/u/vip128151/,,,,
https://www.tradingview.com/u/nghiamy/,,,,
https://www.tradingview.com/u/VuDucFx/,,,,
https://www.tradingview.com/u/GVF34/,,,,
https://www.tradingview.com/u/FXVN-Trader/,,,,
https://www.tradingview.com/u/tranhoang2th/,,,,
https://www.tradingview.com/u/Samurai_FX_VN/,,,,
https://www.tradingview.com/u/HUNG_PHE/,,,,
https://www.tradingview.com/u/dragon92022/,,,,
https://www.tradingview.com/u/VictorHua/,,,,
https://www.tradingview.com/u/soi0012022/,,,,
https://www.tradingview.com/u/dolphlundgren2314/,,,,
https://www.tradingview.com/u/SOT_Indie/,,,,
https://www.tradingview.com/u/hangnq0846123366/,,,https://twitter.com/HangMessi,
https://www.tradingview.com/u/Nhut4gs/,,,https://twitter.com/nhutg4s,
https://www.tradingview.com/u/ultimatehp/,,https://www.youtube.com/channel/UC-7B6XOL4Zt4oR6SKZPQhtA,,
https://www.tradingview.com/u/doanninhthanh/,,,,
https://www.tradingview.com/u/khucgiaomua2008/,,,,
https://www.tradingview.com/u/lelamceo/,,,https://twitter.com/Philipplamh,
https://www.tradingview.com/u/hoanganhchu/,,,https://twitter.com/ChuHoangAnh7,
https://www.tradingview.com/u/Bebicon/,,,,
https://www.tradingview.com/u/raypb/,,,,
https://www.tradingview.com/u/Trinhvanhiep/,,,,
https://www.tradingview.com/u/SP_GAMOFX/,,https://www.youtube.com/channel/UCCykSfqiVQs4jYHs-ri9qMw,,
https://www.tradingview.com/u/DTH-PA/,,,,
https://www.tradingview.com/u/eleccrypto/,,,https://twitter.com/eleccrypto,
https://www.tradingview.com/u/vinhnguyen259/,,,,
https://www.tradingview.com/u/huythanh_hvtc/,,,,
https://www.tradingview.com/u/erviop/,,,,
https://www.tradingview.com/u/nhatdang156/,,,https://twitter.com/Nhat49884211,
https://www.tradingview.com/u/DUCKHUONG87/,,,,
https://www.tradingview.com/u/tantuong1803/,,,https://twitter.com/Tantuong1803,
https://www.tradingview.com/u/duyhungeuh88/,,,,
https://www.tradingview.com/u/duchoc32/,,,https://twitter.com/Oppisus,
https://www.tradingview.com/u/s2phalais2/,,,,
https://www.tradingview.com/u/ElecLam/,,,,
https://www.tradingview.com/u/Cocacolacocacola/,,,,
https://www.tradingview.com/u/hoangtuanvn/,,,,
https://www.tradingview.com/u/phamminhtrilop12a5/,,,,
https://www.tradingview.com/u/Bitcoin-Talk/,,,,
https://www.tradingview.com/u/HaleyPhun/,,,https://twitter.com/haleyphun,
https://www.tradingview.com/u/nguyenvantiep140991/,,,,
https://www.tradingview.com/u/hadinhhung34/,,,,
https://www.tradingview.com/u/TraderPharm/,,,,
https://www.tradingview.com/u/Bjvu/,,,,
https://www.tradingview.com/u/gatrader97/,,,,
https://www.tradingview.com/u/VnRebates/,,,https://twitter.com/@vnrebates_net,
https://www.tradingview.com/u/vehaize/,,,,
https://www.tradingview.com/u/Tomasz_FXtrader/,,,,
https://www.tradingview.com/u/GNV811/,,https://www.youtube.com/channel/UCyBaOa1YweUZ2Sy03hkjn1g,,
https://www.tradingview.com/u/akira_bitcoinvn/,,https://www.youtube.com/channel/UC5NmvoldP4JTpnay3qQet-g,,
https://www.tradingview.com/u/TiieuMaifx/,,https://www.youtube.com/channel/UCvtgRjqQ21WAx3gCFDBUuzg,https://twitter.com/@TieumaiFX,
https://www.tradingview.com/u/pvhoangtue/,,,,
https://www.tradingview.com/u/henbui312000/,,,,
https://www.tradingview.com/u/longngoctuan97/,,,,
https://www.tradingview.com/u/kipi0811/,,,,
https://www.tradingview.com/u/Thang_HT/,,,,
https://www.tradingview.com/u/blickiez/,,,,
https://www.tradingview.com/u/duongquoc94/,,,,
https://www.tradingview.com/u/UnknownUnicorn33462838/,,,,
https://www.tradingview.com/u/Signal_Fishiny/,,,,
https://www.tradingview.com/u/Easy_Trading_Channel/,,,,
https://www.tradingview.com/u/QuanLH/,,,,
https://www.tradingview.com/u/sonmax93/,,,,
https://www.tradingview.com/u/satthubeophi/,https://www.facebook.com/profile.php?id=100014336437756,https://www.youtube.com/channel/UCKfwG05OgkLP-97XLO0SaBw,,Theo dÃµi nháº­n Ä‘á»‹nh hÃ ng ngÃ y qua:\r\n+ Facebook: https://www.facebook.com/profile.php?id=100014336437756\r\n+ YouTube : https://www.youtube.com/channel/UCKfwG05OgkLP-97XLO0SaBw
https://www.tradingview.com/u/anhchauhd2/,,,,
https://www.tradingview.com/u/daututhongminh1/,,https://www.youtube.com/channel/UCN2V-bwwtyDxIhdGZEH9vJQ,,
https://www.tradingview.com/u/VBCAPITAL/,,,,
https://www.tradingview.com/u/hg8816/,,,,
https://www.tradingview.com/u/ScorkingBig/,,,https://twitter.com/Scorking3,
https://www.tradingview.com/u/hanadao88/,,,,
https://www.tradingview.com/u/fi92112/,,,,
https://www.tradingview.com/u/hastag_provincialist/,,,,
https://www.tradingview.com/u/QuachKimPhong/,,,https://twitter.com/QuachKimPhong,
https://www.tradingview.com/u/KeTromSach/,,,,
https://www.tradingview.com/u/huyenlee1996/,,,,
https://www.tradingview.com/u/traderbaby_13/,,,https://twitter.com/hanguyentq,
https://www.tradingview.com/u/JL-NPT/,,,,
https://www.tradingview.com/u/dautucoin16042020/,,,,
https://www.tradingview.com/u/haianhjx/,,https://www.youtube.com/channel/UCZDnhNGNQvwi4rQiUmIqJDw,https://twitter.com/nguyenhaianh139,
https://www.tradingview.com/u/HarryDamThanhHiep/,,,,
https://www.tradingview.com/u/thehuy/,,,,
https://www.tradingview.com/u/Graveyard2020/,,,,
https://www.tradingview.com/u/Thanh1802/,,,,
https://www.tradingview.com/u/LaDuyWriter/,,,https://twitter.com/CoffeeCryptoo,
https://www.tradingview.com/u/david90ha/,,,,
https://www.tradingview.com/u/IamDecimo/,,,,
https://www.tradingview.com/u/hungtm313/,,,,
https://www.tradingview.com/u/langaking/,,,,
https://www.tradingview.com/u/phanvinhhai/,,,,
https://www.tradingview.com/u/vietdungvp1994/,,,,
https://www.tradingview.com/u/Hoa_Nguyen/,,,https://twitter.com/HoaNguyenFIN,
https://www.tradingview.com/u/donidaine/,,,,
https://www.tradingview.com/u/vin000901/,,,,
https://www.tradingview.com/u/eaabram/,,,,
https://www.tradingview.com/u/huan162/,,,,
https://www.tradingview.com/u/nguyenthanhphong049529/,,,,
https://www.tradingview.com/u/jb11712/,,,,
https://www.tradingview.com/u/mrkhoapy/,,,,
https://www.tradingview.com/u/DONGHO2703/,,,https://twitter.com/LngH77606983,
https://www.tradingview.com/u/tunght1991/,,,,
https://www.tradingview.com/u/hoangdiep2015sg/,,,,
https://www.tradingview.com/u/black0hackers/,,,,
https://www.tradingview.com/u/nongthevinhflp/,,,https://twitter.com/NongTheVinh2,
https://www.tradingview.com/u/Crocodie/,,,https://twitter.com/bachberry123,
https://www.tradingview.com/u/crypto_switchboard/,,,,
https://www.tradingview.com/u/tongocdung91/,,,,
https://www.tradingview.com/u/harryvn31/,,,,
https://www.tradingview.com/u/tuanvu847/,,,,
https://www.tradingview.com/u/Tsima/,,,,
https://www.tradingview.com/u/DavidDevos/,,https://www.youtube.com/channel/UC_41ZFeOW3L139jNtiK9kUg,,
https://www.tradingview.com/u/quyenvt12345/,,,,
https://www.tradingview.com/u/leducdat231197/,,,,
https://www.tradingview.com/u/GiangMa/,,,,
https://www.tradingview.com/u/kimvanmuu/,,,,
https://www.tradingview.com/u/Theanh2201/,,,,
https://www.tradingview.com/u/CaptainWilliam/,https://quandautu.com/,https://www.youtube.com/channel/UCPOIRKfq8kcgp6VcYKg5WDA,https://twitter.com/trungdung1991,"QuÃ¡n Äáº§u TÆ° Ä‘Æ°á»£c thÃ nh láº­p tá»« nÄƒm 2015 Vá»›i Sá»© Má»‡nh Cao Cáº£ \r\n\"" Chia Sáº» CÆ¡ Há»™i , Lá»£i Ãch Bá»n LÃ¢u \"" Tá»›i ToÃ n Thá»ƒ Cá»™ng Äá»“ng Trader !\r\nWebsite : Quandautu.com\r\nKÃªnh chiáº¿n lÆ°á»£c : https://t.me/QuanDauTu\r\nKÃªnh Chat  : https://t.me/QuanDauTuDamDao"
https://www.tradingview.com/u/kimochi704/,,,,
https://www.tradingview.com/u/3ab4c16299cb461988d32ba579fc70/,,,,
https://www.tradingview.com/u/bhbokinhvan/,,,,
https://www.tradingview.com/u/haphucqh2021/,,,,
https://www.tradingview.com/u/tonyminh001/,,,,
https://www.tradingview.com/u/dquangduy19998/,,,,
https://www.tradingview.com/u/Naked_Traderr/,,,,
https://www.tradingview.com/u/NgocThanh179/,,,https://twitter.com/Ngocthanh_chhp,
https://www.tradingview.com/u/Steven_Luu/,,,,
https://www.tradingview.com/u/CaoPhanVmex/,,,,
https://www.tradingview.com/u/Kiemcao/,,,,
https://www.tradingview.com/u/kendytran/,,,https://twitter.com/KendyFx,
https://www.tradingview.com/u/TungNguyenHiTrade/,,,,
https://www.tradingview.com/u/thieuan85/,,,,
https://www.tradingview.com/u/ovlhieuchuoi/,,,,
https://www.tradingview.com/u/Anhtv2268/,,,,
https://www.tradingview.com/u/KeruTrader/,,,https://twitter.com/kerupham,
https://www.tradingview.com/u/DoodleProf/,,,,
https://www.tradingview.com/u/nguyenanhquan1/,,,,
https://www.tradingview.com/u/LeQuocMinh1996/,,,,
https://www.tradingview.com/u/dfsdfadf/,,,,
https://www.tradingview.com/u/thuyennguyen2011/,,,,
https://www.tradingview.com/u/Traderkfc1/,,,,
https://www.tradingview.com/u/CaoDien/,,,,
https://www.tradingview.com/u/Vuthuydxtq34/,,https://www.youtube.com/channel/UCAT6vsTq1N1gQuMFjhOVN0Q,,
https://www.tradingview.com/u/anduc18/,,,,
https://www.tradingview.com/u/NamDaoFX/,,,https://twitter.com/namdaohputc,
https://www.tradingview.com/u/skywayngocbich/,,,,
https://www.tradingview.com/u/Kimtram1317/,,,,
https://www.tradingview.com/u/TradingSignalsVN/,,,https://twitter.com/vToan2T,
https://www.tradingview.com/u/nguyenkimmfg/,,,,
https://www.tradingview.com/u/kpwzto/,,,,
https://www.tradingview.com/u/hanhnv/,,,,
https://www.tradingview.com/u/ngdinhhaison/,,,,
https://www.tradingview.com/u/thachvanlanh/,,,,
https://www.tradingview.com/u/Davic-H/,,,,
https://www.tradingview.com/u/tidgog326/,,,,
https://www.tradingview.com/u/kimochi307/,,,,
https://www.tradingview.com/u/relevantFinanc36755/,,,,
https://www.tradingview.com/u/MrVuongFinancy/,,https://www.youtube.com/channel/UCNKF_ErZSyAcNmnTORjrOTg,,
https://www.tradingview.com/u/Metautu/,,,,
https://www.tradingview.com/u/minhviet1441/,,,,
https://www.tradingview.com/u/nguyenthithuhuyen1902/,,,,
https://www.tradingview.com/u/dinhquanglong/,,,https://twitter.com/quanglong6688,
https://www.tradingview.com/u/DUCRYO/,,,,
https://www.tradingview.com/u/hi-Ran/,,,,
https://www.tradingview.com/u/lonelyRider23706/,,,,
https://www.tradingview.com/u/pubviet/,,,,
https://www.tradingview.com/u/winpro999/,,,,
https://www.tradingview.com/u/Finnews24/,,,,
https://www.tradingview.com/u/dangminhvu92st/,,,,
https://www.tradingview.com/u/kienxoayls/,,,,
https://www.tradingview.com/u/HongLinhFX/,,,,
https://www.tradingview.com/u/DangMinhVuHTMN/,,,,
https://www.tradingview.com/u/FOREXDIGI/,,,,
https://www.tradingview.com/u/WLTheTrader/,,,,
https://www.tradingview.com/u/Becamex/,,,,
https://www.tradingview.com/u/andreisphan/,,https://www.youtube.com/channel/UCSK376IRyXLW3KkjQVqjXwA,,
https://www.tradingview.com/u/kimochi97/,,,,
https://www.tradingview.com/u/Deptraikhoaito/,,,,
https://www.tradingview.com/u/gilole7165/,,,,
https://www.tradingview.com/u/ngothachhuy/,,,,
https://www.tradingview.com/u/ryan027/,,,,
https://www.tradingview.com/u/linhngocteddy94690/,,,,
https://www.tradingview.com/u/UnknownUnicorn28720704/,,,,
https://www.tradingview.com/u/Blogngoaihoi/,,,,
https://www.tradingview.com/u/victornguyen0801/,,,,
https://www.tradingview.com/u/john_lee/,,,,
https://www.tradingview.com/u/RichPhu/,,,,
https://www.tradingview.com/u/QuanDuiHoa/,,https://www.youtube.com/channel/UCXCdo3dpDgsJrpUUfo59Zlw,https://twitter.com/QuanDuiHoa_FX,
https://www.tradingview.com/u/nguyentuongluan79/,,,https://twitter.com/Sakura6886,
https://www.tradingview.com/u/UnknownUnicorn10479353/,,,,
https://www.tradingview.com/u/tungsoaiiiii/,,,,
https://www.tradingview.com/u/mazo429/,,,,
https://www.tradingview.com/u/utminh176/,,,https://twitter.com/lethaidung2003,
https://www.tradingview.com/u/huyenhuyen16051605/,,,,
https://www.tradingview.com/u/Rebe253/,,,,
https://www.tradingview.com/u/fotik7/,,,,
https://www.tradingview.com/u/ngocson123/,,,,
https://www.tradingview.com/u/hooangg/,,,https://twitter.com/hooangg,
https://www.tradingview.com/u/PCChannel/,,https://www.youtube.com/channel/UCDm3JARiRNHYlvT8otNWAmg,https://twitter.com/PhamCuong_vn,
https://www.tradingview.com/u/Victor_Pham/,,,,
https://www.tradingview.com/u/ThaiPhanBui/,,,,
https://www.tradingview.com/u/OneEntryPerDay/,,,,
https://www.tradingview.com/u/JayTiun/,,,https://twitter.com/JayTiun,
https://www.tradingview.com/u/kienchua/,,,,
https://www.tradingview.com/u/Tung0951030328/,,,,
https://www.tradingview.com/u/phongson/,,,,
https://www.tradingview.com/u/MultichainVC/,,,,
https://www.tradingview.com/u/zxzxzx_33/,,,,
