https://www.tradingview.com/u/SIKMUL/,,,,
https://www.tradingview.com/u/fasthoony/,,https://www.youtube.com/channel/UCu4KY4xFHT_HeBfFBf4e6pg,,
https://www.tradingview.com/u/BITSEONGWOO/,,,,
https://www.tradingview.com/u/ender2000/,,,,
https://www.tradingview.com/u/mellifluous_lee84/,,https://www.youtube.com/channel/UChqS6DnHlkrJlb7eYIA64wA,,
https://www.tradingview.com/u/BeastTrading_Sehyun/,,,,
https://www.tradingview.com/u/Nameillu/,,,,
https://www.tradingview.com/u/Kdog9929/,,,,
https://www.tradingview.com/u/kbj20020119/,,,,
https://www.tradingview.com/u/Leo_Khall/,https://t.me/leokhall_public,,https://twitter.com/KhallLeo,ğŸŒTelegram\r\nhttps://t.me/leokhall_public\r\n\r\nğŸŒTwitter (Leo Khall) \r\nhttps://twitter.com/KhallLeo
https://www.tradingview.com/u/goldenlady810/,,,,
https://www.tradingview.com/u/NioctiB-/,https://t.me/nybhc,,,"NYBH - Next Year Buy Home\n\ní…”ë ˆê·¸ë¨ : https://t.me/nybhc\n\nì±„íŒ…ë°© ì°¸ê°€ ì‹ ì²­ì„œ : https://forms.gle/VFC1NwWS59n3cmsGA\n(ë°”ì´ë¹—, Bitget, MEXC)\n(MEXC ì´ë²¤íŠ¸ ì§„í–‰ì¤‘!)"
https://www.tradingview.com/u/K_lass/,,,https://twitter.com/CryptT7,
https://www.tradingview.com/u/nalsae66/,https://blog.naver.com/nalsae6,,,"â˜…ê¸°ìˆ ì  ë¶„ì„ìœ¼ë¡œ ì†Œí†µí•˜ê³  ì‹¶ì€ \""ë‹¥í„°ì¼€ì´\""â˜…\r\n\r\nâ˜…#FXë§ˆì§„#í•´ì™¸ì„ ë¬¼#ì£¼ì‹#ì±„ê¶Œ#ë¹„íŠ¸ì½”ì¸ ì°¨íŠ¸ë¶„ì„ ì œê³µâ˜…\r\n \r\nâ˜…ë°´ë“œì†Œí†µë°© : https://band.us/@dk66\r\n  \r\nâ˜…ì™¸í™˜(FX)ê±°ë˜ ë¸Œë¡œì»¤â˜…\r\n https://user.dooprime.kr/signup/F5406371-k01\r\nê³ ê°Â ê°œì¸Â ì „ì†Â ì¦ê¶ŒÂ ì¤‘ê°œìƒ\r\n-Â í•˜ë‚˜ì˜Â ê³„ì¢Œë¡œÂ ì„¸ê³„Â 6ëŒ€Â ì‹œì¥ê±°ë˜\r\n-Â 10,000+Â ì´ìƒì˜Â CFDÂ ì°¨ìµê³„ì•½ìƒí’ˆ\r\n-Â ì…ì¶œê¸ˆì´Â ììœ ë¡­ê³ Â í¸ë¦¬í•œÂ ìµœìƒì˜Â ë¸Œë¡œì»¤"
https://www.tradingview.com/u/SongGIRin/,,,https://twitter.com/giraffeking16,
https://www.tradingview.com/u/rablood1/,,,,
https://www.tradingview.com/u/ATWAY/,,https://www.youtube.com/channel/UCGk8XauauOzgeEIAnu5K5zA,,https://kr.tradingview.com/gopro/?share_your_love=ATWAY\r\níŠ¸ë ˆì´ë”©ë·° ìœ ë£Œí”Œëœ ê°€ì…ì‹œ ìµœëŒ€ $30ì œê³µ\r\n\r\nhttps://www.youtube.com/channel/UCGk8XauauOzgeEIAnu5K5zA\r\nìœ íŠœë¸Œ: Crypto Pathfinder\r\n\r\në¬¸ì˜: https://open.kakao.com/o/sLsFjaZb
https://www.tradingview.com/u/Sean_Angel/,,,,
https://www.tradingview.com/u/EtoshiNinja/,,,,
https://www.tradingview.com/u/JJAEPHO/,,,,
https://www.tradingview.com/u/trader_fractal/,,,,
https://www.tradingview.com/u/YoutubeBdulgi/,,https://www.youtube.com/channel/UCxJl4Y3F2EKmnoUadR4pz_Q,,ë¹„íŠ¸ì½”ì¸ ë¬´ë£Œì‹œí™©ë°© ë§í¬\r\nhttps://open.kakao.com/o/g7wInbpe\r\n\r\në¹„íŠ¸ì½”ì¸ ìœ íŠœë¸Œ ë§í¬\r\nhttps://www.youtube.com/channel/UCxJl4Y3F2EKmnoUadR4pz_Q\r\n\r\në¹„ë‘˜ê¸° ë¹„íŠ¸ì½”ì¸ í…”ë ˆê·¸ë¨\r\nhttps://t.me/Bdulgizzang\r\n\r\në¹„íŠ¸ê²Ÿ ëª¨ë°”ì¼ ê°€ì…ë§í¬(ìˆ˜ìˆ˜ë£Œ 40%í• ì¸)\r\nhttps://partner.bitget.com/bg/7j2QZj
https://www.tradingview.com/u/the-end/,,,,
https://www.tradingview.com/u/SHC-M/,,,,
https://www.tradingview.com/u/jokerstair/,,,,
https://www.tradingview.com/u/holyline/,,,,
https://www.tradingview.com/u/icy4rex/,,,,
https://www.tradingview.com/u/The_Rising_of_the_Shield_Hero/,,,,
https://www.tradingview.com/u/LeeChangwook/,,,,
https://www.tradingview.com/u/notableman1104/,,,,
https://www.tradingview.com/u/HanaGlobalDerivatives/,,,,
https://www.tradingview.com/u/Keroro_BTC/,,,,
https://www.tradingview.com/u/Oppa_Nice-Short/,,,,
https://www.tradingview.com/u/boriddong/,,,,
https://www.tradingview.com/u/Skove36/,,,,
https://www.tradingview.com/u/butterya/,,,,
https://www.tradingview.com/u/W_M358/,,https://www.youtube.com/channel/UCBXqM4S_k8Lc-QI2TnlOiAA,,â—†ììœ ì†Œí†µ & ê´€ì ê³µìœ ë°©â—†\r\nhttps://url.kr/97sufw\r\n\r\nâ—†ì½”ì¸ ì„ ë¬¼ ì¶”ì²œ ê±°ë˜ì†Œ (ìµœëŒ€ í˜œíƒ & ìˆ˜ìˆ˜ë£Œ ìµœëŒ€ í• ì¸ ë³´ì¥)â—†\r\nhttps://url.kr/6dl4xi
https://www.tradingview.com/u/chlqudrnjs97/,,,,
https://www.tradingview.com/u/doj-rader/,,,,
https://www.tradingview.com/u/jirisan_straw_cutter/,,,,
https://www.tradingview.com/u/littlewolves/,https://t.me/Lwtrading,,https://twitter.com/LittleWolvesLW,íŠ¸ë ˆì´ë”©ë°© ë§í¬ - https://t.me/Lwtrading\r\në¬¸ì˜í† ë¡ ë°© ë§í¬ - https://t.me/freechatlw\r\në¸”ë¡œê·¸ ì£¼ì†Œ ë§í¬ - https://blog.naver.com/want__you\r\në©¤ë²„ì‰½ ê°€ì… í¼ ì‘ì„± ë§í¬ - https://forms.gle/XdUhn9kmHi2x9ouN8
https://www.tradingview.com/u/T_JACK/,,,,
https://www.tradingview.com/u/sunu1211/,,,,
https://www.tradingview.com/u/nakji/,https://linktr.ee/nakjitrading,,https://twitter.com/nakjitrading,
https://www.tradingview.com/u/Ktw3389/,,,,
https://www.tradingview.com/u/ssongzzi/,,,,ë¸”ë¡œê·¸ ì£¼ì†Œ \nhttps://blog.naver.com/ansong10
https://www.tradingview.com/u/movida/,,https://www.youtube.com/channel/UCKBJsjMXmBg8o5NISSIevdA,https://twitter.com/JY78430079,â˜•ì˜¤í”ˆì±„íŒ… (ì°¸ì—¬ì½”ë“œ: 3907)\r\nhttps://open.kakao.com/o/gknon49d\r\n\r\nâ˜•Discord\r\nhttps://discord.gg/fFuGrnJ5Jf\r\n\r\nâ˜•Bybit ìˆ˜ìˆ˜ë£Œí• ì¸ ë§í¬ (Bybit Discount)\r\nwww.bybit.com/en-US/depositblastoff/?affiliate_i\r\n\r\nâ˜•Youtube\r\nhttps://www.youtube.com/channel/UCKBJsjMXmBg8o5NISSIevdA
https://www.tradingview.com/u/gani_so/,https://open.kakao.com/o/giuqXbHd,,https://twitter.com/answerbit,ì¹´í†¡ ì‹œí™©ë°© : https://open.kakao.com/o/gJxvbRhe (ë¹„ë²ˆ0382)\r\n\r\në¹„íŠ¸ê²Ÿìˆ˜ìˆ˜ë£Œ ìµœëŒ€í• ì¸ ë§í¬ : https://partner.bitget.com/bg/1L52Q6 (ë³´ë„ˆìŠ¤ max 500usdt) \r\n\r\në¹™ë³¸ ìµœëŒ€ ìˆ˜ìˆ˜ë£Œ í• ì¸: https://bingx.com/invite/DDLEPG9O (120usdt)\r\nyoutube : https://www.youtube.com/watch?v=j0QXGWff9KI&t=293s
https://www.tradingview.com/u/Joes_Crypto/,,https://www.youtube.com/channel/UCku70-0ytyxgKsBU8L9M4Yw,https://twitter.com/JOE_lIIIlI,
https://www.tradingview.com/u/CJTAGBAE/,,,,
https://www.tradingview.com/u/K_Ronies/,,,,
https://www.tradingview.com/u/elkaso1945/,,,,
https://www.tradingview.com/u/joyghn/,,,,
https://www.tradingview.com/u/H-Gyu/,,,https://twitter.com/Gyu57047273,
https://www.tradingview.com/u/jhnee/,,,,
https://www.tradingview.com/u/eunsa/,https://t.me/BitTeacher,https://www.youtube.com/channel/UCNfLyfYe5qyV6uHKH3dbaGQ,,"â–¶ ìœ íŠœë¸Œ Liveë°©ì†¡ ì±„ë„ :\r\nhttps://www.youtube.com/c/ì€ì‚¬TV\r\nâ–¶ í…”ë ˆê·¸ë¨ ì±„ë„, ì°¸ì—¬í•˜ê¸°\r\nhttps://t.me/BitTeacher"
https://www.tradingview.com/u/JBF_Korea/,,,,
https://www.tradingview.com/u/livermorekim/,,,https://twitter.com/kim_perp,
https://www.tradingview.com/u/jangjorim128/,,,,
https://www.tradingview.com/u/camellee/,,,,
https://www.tradingview.com/u/sawatdi80/,,,,
https://www.tradingview.com/u/Trader_BIN/,,,,
https://www.tradingview.com/u/Black_Chart/,,,,
https://www.tradingview.com/u/FLEX_BIT/,https://open.kakao.com/o/gOQLXalc,,,ìë¹„ìŠ¤ ì§€í‘œëŠ” ë©”ì‹œì§€ë¡œ ë¬¸ì˜ì£¼ì‹­ì‡¼~!\n\níƒ€ì  ê³µìœ í•˜ëŠ” ì •ë³´ê³µìœ  í†¡ì˜¤í”ˆë°©(ê´‘ê³ ìŸì´ ì»·!!)(ìœ ë£Œë°©ë”°ìœ„ ì•ˆí•©ë‹ˆë‹¤.)\nhttps://open.kakao.com/o/gOQLXalc (í˜„ë¬¼)\nhttps://open.kakao.com/o/g7oRUZed (ì„ ë¬¼)\n\n(ì…ì¥ 1:1í†¡ì£¼ì„¸ìš”\nhttps://open.kakao.com/o/s6zGoTfc 1:1í†¡ ì¡°ê±´x)\n\n\në¹™ë³¸ : https://invite.bingbon.com/EGPGV6\níŒ”ë¡œìš° : COINFLEX
https://www.tradingview.com/u/seeonn/,,,,
https://www.tradingview.com/u/Topy_heun/,,https://www.youtube.com/channel/UC5dHJvbD9GGkxAN992HaFnA,,
https://www.tradingview.com/u/PODOIN/,,,,
https://www.tradingview.com/u/kingshort/,,,,
https://www.tradingview.com/u/MARUKO99/,,,,
https://www.tradingview.com/u/iihit/,https://bit.ly/3rqjUqz,https://www.youtube.com/channel/UC-unM7touB_ltVj3Vo-8p9A,,â— ìœ íŠœë¸Œ ì±„ë„ (ì°¨íŠ¸ë¶„ì„ ë° ë§¤ë§¤ê¸°ë²• ë°°ìš°ê¸°)\r\nhttps://bit.ly/3I6CB9S\r\n\r\nâ— í…”ë ˆê·¸ë¨ ì±„ë„ (ê¸°íƒ€ ì•„ì´ë””ì–´)\r\nhttps://bit.ly/3rqjUqz\r\n\r\nâ— ì¹´ì¹´ì˜¤í†¡ ë§ˆì§„ë°© (2018ë…„ 7ì›” ìƒì„±)\r\nhttps://bit.ly/397C1wz\r\n\r\nâ— ë¹„íŠ¸ê²Ÿ ê±°ë˜ì†Œ (50% ìˆ˜ìˆ˜ë£Œ í• ì¸)\r\nhttps://bit.ly/3GRF5re\r\n\r\nâ— ë‹¤ì´ë ‰íŠ¸ ë©”ì‹œì§€ ë³´ë‚´ê¸°\r\nhttps://t.me/iihit
https://www.tradingview.com/u/ssufoss/,,,,
https://www.tradingview.com/u/AntLover/,,,,
https://www.tradingview.com/u/coatfiphone/,https://t.me/CoffCoor,,,Coff Coor Channel : https://t.me/+Fyh6FT-muzw0ZWZl\r\n\r\nCoff Coor Open Chatting  : https://open.kakao.com/o/gtvp6o4d\r\n\r\nâœ…ë¹„íŠ¸ê²Ÿ ìˆ˜ìˆ˜ë£Œ 50% í• ì¸âœ…: https://partner.bitget.com/bg/T3D66K
https://www.tradingview.com/u/pupucat/,,,https://twitter.com/LUVPART1,
https://www.tradingview.com/u/Eurekaaaaa/,,,,
https://www.tradingview.com/u/Sirikit/,,,,
https://www.tradingview.com/u/Master_Chartistlab/,https://www.chartistlab.com,,https://twitter.com/chartistlab,â—ˆ í™ˆí˜ì´ì§€ : http://www.chartistlab.com\r\nâ—ˆ ë””ìŠ¤ì½”ë“œ : https://discord.gg/8uFBFvnQAt (ê³µê°œì‹ í˜¸)\r\nâ—ˆ ì˜¤í”ˆì±„íŒ… : http://open.kakao.com/o/gKPJMCad (ë¹„ë°€ë²ˆí˜¸ : chartist)
https://www.tradingview.com/u/NEM_NEW/,,,,
https://www.tradingview.com/u/hjwhjh332/,,,,
https://www.tradingview.com/u/Aqua_D/,https://open.kakao.com/o/sGgk7knd,,,ì¢‹ì•„ìš” íŒ”ë¡œì‰ ë¶€íƒë“œë¦½ë‹ˆë‹¤^^\r\n\r\n* ë‹¨í†¡ë°© ì°¸ì—¬ \r\n(ì¡°ê±´ : kycì¸ì¦ ëœ ì¶”ì²œì¸ê³„ì • ê°€ì… ë¹„íŠ¸ê²Ÿ or ë°”ì´ë‚¸ìŠ¤)\r\nhttps://open.kakao.com/o/stosQz7d\r\n\r\n* ìœ íŠœë¸Œ ë§í¬(ì§€ë‚œ ì˜ìƒì€ ë‹¨í†¡ë°© ì¸ì›ë§Œ ë‹¤ì‹œë³´ê¸° ê°€ëŠ¥)\r\nhttps://www.youtube.com/channel/UC_68MmG1_r4Z7061iSqLA4g/videos
https://www.tradingview.com/u/wounga2000/,,,,
https://www.tradingview.com/u/leJav/,,,,
https://www.tradingview.com/u/DSNDSN/,,,,
https://www.tradingview.com/u/madscoin/,https://cafe.naver.com/loanlife82,https://www.youtube.com/channel/UClOabDpPZ3QLNlJQMgv5njg,,*ë¹™ì—‘ìŠ¤ BingX í‰ìƒ 50%í• ì¸ +$120ë³´ë„ˆìŠ¤\r\nhttps://bit.ly/3vQgxLN\r\në ˆí¼ëŸ´ì½”ë“œ : AP9LWZ\r\nìˆ˜ìˆ˜ë£Œ ì²­ì‚°ì‹œì—ë§Œ 1ë²ˆ ë¶€ê³¼ë˜ëŠ” ìˆ˜ìˆ˜ë£Œê°€ ì €ë ´í•œ ê±°ë˜ì†Œ \r\n\r\n*ê³µì‹ì¹´í˜ Naver Cafe -  \r\nhttps://cafe.naver.com/loanlife82/\r\n\r\n*ê³µì‹í…”ë ˆê·¸ë¨ Telegram\r\nhttps://t.me/BTG_Group\r\n\r\n*ë§ˆì½” ë¸”ë¡œê·¸ \r\nhttps://blog.naver.com/onlyforyousa
https://www.tradingview.com/u/GRATOS/,,,https://twitter.com/slee_g,
https://www.tradingview.com/u/RhortCraftsman_HS/,,,,
https://www.tradingview.com/u/sealcrypto1055/,,,,
https://www.tradingview.com/u/eoosj/,,,,
https://www.tradingview.com/u/premier_83/,,,,
https://www.tradingview.com/u/Retro0516/,,,,
https://www.tradingview.com/u/dourden93/,,,,
https://www.tradingview.com/u/she/,,,,
https://www.tradingview.com/u/BABYSLEEP-/,https://bit.ly/3LNZIbd,,,í•˜ëª¨ë‹‰íŠ¸ë ˆì´ë”© ë…¸í•˜ìš° ì „ìì±…\r\nhttps://bit.ly/39CUocz\r\níŠ¸ë ˆì´ë”© ì¼ì§€\r\nhttps://bit.ly/3LNZIbd\r\në¸”ë¡œê·¸\r\nhttps://bit.ly/3sbVdQ0
https://www.tradingview.com/u/PADO_/,,,,
https://www.tradingview.com/u/jtein/,https://dreambigi.tistory.com/,https://www.youtube.com/channel/UC5mUp02XdmcvDekIuZ8tEBw,,ìœ íˆ¬ë¸Œ ì±„ë„ : ê¿ˆì´í°ì•„ì´\r\nhttps://www.youtube.com/channel/UC5mUp02XdmcvDekIuZ8tEBw\r\në¸”ë¡œê·¸ ì£¼ì†Œ: https://dreambigi.tistory.com/\r\ní…”ë ˆê·¸ë¨ : https://t.me/dreambigi\r\nMEXC: https://www.mexc.com/ko-KR/register?inviteCode=mexc-1RERU\r\në¹„íŠ¸ê²Ÿ(BITGET) í• ì¸\r\nhttps://bit.ly/3CZMV0D
https://www.tradingview.com/u/xansk/,,,,
https://www.tradingview.com/u/spkmicusb/,,,,
https://www.tradingview.com/u/hmlee9494/,,,,
https://www.tradingview.com/u/SASUKETRADING/,https://t.me/sasuketrading,https://www.youtube.com/channel/UC9QLJ93MmIijoqNJGotIFrg,https://twitter.com/SASUKETRADING,DERIBIT ì˜µì…˜ ê±°ë˜ íšŒì›ê°€ì…\nhttps://www.deribit.com/?reg=17031.283\n\nTRADING ACADEMY íŠ¸ë ˆì´ë”© ì•„ì¹´ë°ë¯¸\nhttps://patreon.com/sasuketrading\n\nANYTHING ì•„ë¬´ê±°ë‚˜ ì˜¬ë¦¬ëŠ” ì±„ë„\nhttps://t.me/SASUKECLUSTER\n\nYOUTUBE ë¼ì´ë¸Œ ìŠ¤íŠ¸ë¦¬ë° ì±„ë„\nhttps://youtube.com/c/SASUKETRADING
https://www.tradingview.com/u/qlxmtmdgns/,,,,
https://www.tradingview.com/u/CATfeed/,,,,
https://www.tradingview.com/u/THE_DIAMOND/,,,,
https://www.tradingview.com/u/KorSatoshi2025/,,,,
https://www.tradingview.com/u/hayan88hayan/,,,,
https://www.tradingview.com/u/REAL_BLACK_COW/,,,,
https://www.tradingview.com/u/SGLee/,,,,
https://www.tradingview.com/u/son2418/,,,,
https://www.tradingview.com/u/MINOSSINCE2006/,,,,
https://www.tradingview.com/u/BITZZA/,,,,
https://www.tradingview.com/u/L_12/,https://open.kakao.com/o/gA3aEuje,https://www.youtube.com/channel/UCTWNsSbK8yELlYjm68eWv0w,,https://open.kakao.com/o/gA3aEuje\r\n\r\n-ë¹„íŠ¸ê²Ÿ-\r\n[ ëª¨ë°”ì¼ ê°€ì… ë§í¬ ]\r\n https://partner.bitget.com/bg/Bnii6f\r\n[ PC  ê°€ì… ë§í¬ ]\r\nhttps://partner.bitget.com/bg/uy2mqa\r\n-ë°”ì´ë¹„íŠ¸-\r\nhttps://partner.bybit.com/b/L12\r\n-Zoomex-\r\nhttps://partner.zoomex.com/aff/zx33762
https://www.tradingview.com/u/New_Order/,,,,
https://www.tradingview.com/u/Takoab/,,,,
https://www.tradingview.com/u/impossibleKing77159/,,,,
https://www.tradingview.com/u/CynicalPark/,,https://www.youtube.com/channel/UCLrOKq5Bl3QcdUaKGXLsLMg,,â–£ìš´ì˜ì±„ë„\r\nâ–¶(í…”ë ˆê·¸ë¨) https://t.me/CPsBasic\r\nâ–¶(ìœ íŠœë¸Œ) https://url.kr/g7hrek\r\n\r\nâ–£í• ì¸ë§í¬\r\nâ–¶(FTX) https://han.gl/PiYYt\r\nâ–¶(ë¹„íŠ¸ê²Ÿ) https://url.kr/a8pxgw
https://www.tradingview.com/u/lightZero/,,,,
https://www.tradingview.com/u/xrp_ansan_blakcCOW_upzae/,,,,
https://www.tradingview.com/u/YaDoRang/,,,,
https://www.tradingview.com/u/HARMORIN/,https://toon.at/donate/harmorin,https://www.youtube.com/channel/UCWDz7oSwrt4caYw0dnojAlQ,,ğŸ˜í•˜ëª¨ë¦° ìœ íŠœë¸Œ\r\nhttps://youtu.be/PUcxzTdm62o\r\n\r\nğŸ’¥íŠ¸ë ˆì´ë”©ë·°ì½”ë¦¬ì•„\r\nhttps://www.youtube.com/watch?v=cnNOBXwZ88Q\r\n\r\nâ¤ï¸íŠ¸ë ˆì´ë”©ë·°ì½”ë¦¬ì•„ ê³µì‹ ëŒ€í•œë¯¼êµ­ íŠ¸ìœ„í„° https://twitter.com/kr_tradingview\r\n\r\nğŸ’ í•˜ëª¨ë‹‰ì´ë¡  ê³µë¶€ë°© ì¹´ì¹´ì˜¤í†¡ ğŸ’\r\nhttps://open.kakao.com/o/g6ENJRGd\r\në¹„ë²ˆ: 0886
https://www.tradingview.com/u/ekzm9354/,,,https://twitter.com/ekzm9354,
https://www.tradingview.com/u/Bear_ANT/,,,,
https://www.tradingview.com/u/letmymoneyback/,,,,
https://www.tradingview.com/u/vacation1022/,,,,
https://www.tradingview.com/u/Buille/,,,https://twitter.com/yonaaaaaaa_a,
https://www.tradingview.com/u/LKLoad/,,,,
https://www.tradingview.com/u/bongg/,,,,
https://www.tradingview.com/u/Daven_Moon/,,https://www.youtube.com/channel/UCkStVA_9WAddEKuaPKPiMyw,,
https://www.tradingview.com/u/FAT_ANT/,,,,
https://www.tradingview.com/u/YOOKUKU/,,,,
https://www.tradingview.com/u/HummingBird-/,,,,
https://www.tradingview.com/u/Seohakant/,https://www.seohakant.com/,,,ì„œí•™ê°œë¯¸ íˆ¬ìí¬ëŸ¼\nhttps://www.seohakant.com/\n\n\nì„œí•™ê°œë¯¸ í…”ë ˆê·¸ë¨\nhttps://t.me/seohakant
https://www.tradingview.com/u/Momantic_FX/,https://cafe.naver.com/loveyyt,,,*ëª¨ë§¨í‹±\r\në„¤ì´ë²„ ì¹´í˜: https://cafe.naver.com/loveyyt\r\nì˜¤í”ˆ ì¹´í†¡ë°© : https://open.kakao.com/o/gzjstrPc\r\nFX ìë™ë§¤ë§¤ ìˆ˜ìµì¸ì¦ (EA)\r\n : https://blog.naver.com/PostList.naver?blogId=fin1st010&from=postList&categoryNo=79\r\n\r\n\r\n*FX í˜‘ë ¥ì‚¬\r\nTraumFX partner : https://www.traumfx.com
https://www.tradingview.com/u/Family_BK/,,,,
https://www.tradingview.com/u/Petit_iwnl/,,,,
https://www.tradingview.com/u/madpi/,,,,
https://www.tradingview.com/u/Veigalove/,,,,
https://www.tradingview.com/u/J_Bit/,,,,
https://www.tradingview.com/u/kse8781/,,,,
https://www.tradingview.com/u/bnmmv818/,,,,
https://www.tradingview.com/u/GoToTheNeptune/,,,,ì¹´ì¹´ì˜¤í†¡ ì†Œí†µë°© : https://open.kakao.com/o/gQzFnlie\r\n\r\në‹¤ìŒ ë¸”ë¡œê·¸ : https://blog.daum.net/btc-story
https://www.tradingview.com/u/Christian_Bale/,,,,
https://www.tradingview.com/u/PlayIist/,,,,
https://www.tradingview.com/u/Dokdo_Uri_Ddang/,,,,
https://www.tradingview.com/u/donate-bitcoin/,,,,
https://www.tradingview.com/u/pork_cutlet/,,,,
https://www.tradingview.com/u/son-nasdaq/,,,,
https://www.tradingview.com/u/MLuAu/,,,,
https://www.tradingview.com/u/minimon_k_ey/,,,https://twitter.com/mongbit,
https://www.tradingview.com/u/freless2/,,,,
https://www.tradingview.com/u/cyh850228/,,,,
https://www.tradingview.com/u/sse0727/,,,,
https://www.tradingview.com/u/UBERMENSCH_TRADER/,,,https://twitter.com/imnitzsche,
https://www.tradingview.com/u/chunjs0701/,,,,
https://www.tradingview.com/u/ksj901008/,,,,
https://www.tradingview.com/u/yuzuppaa/,https://partner.bybit.com/b/yuzuppaa,https://www.youtube.com/channel/UC2zshq733TuHAp3utuwGVlQ,,
https://www.tradingview.com/u/wkd0719/,,,,
https://www.tradingview.com/u/ChassXBT/,https://t.me/chasstrading,https://www.youtube.com/channel/UCYe2GW6dknhtFoa8-65rGSQ,https://twitter.com/chassXBT,ì±„ë„ ë§í¬íŠ¸ë¦¬ (êµ¬ë…) | The Everlasting Survivor ğŸ†\r\n\r\nTelegram | Public Channel\r\nhttps://t.me/chasstrading\r\n\r\nTwitter | @chassXBT\r\nhttps://twitter.com/chassXBT\r\n\r\nInstagram | @chassforex\r\nhttps://www.instagram.com/chassforex/
https://www.tradingview.com/u/sebs-journey/,,,,
https://www.tradingview.com/u/wraith_113/,,,,
https://www.tradingview.com/u/SuperYangBong/,,,,
https://www.tradingview.com/u/jaeil/,,,,
https://www.tradingview.com/u/eggma/,,,,
https://www.tradingview.com/u/yoonyk23232/,,,,
https://www.tradingview.com/u/Impulse_Cat/,,,,
https://www.tradingview.com/u/Tae_jong/,,,,
https://www.tradingview.com/u/Soboro_Trader/,,,,
https://www.tradingview.com/u/banbird/,,,,
https://www.tradingview.com/u/shuethern/,,,,
https://www.tradingview.com/u/Likeamoonintheclouds/,,,,ì£¼ë¡œ ë¹„íŠ¸ì½”ì¸ ìœ„ì£¼ë¡œ ì°¨íŠ¸ ë¶„ì„ í•˜ê³  ìˆìŠµë‹ˆë‹¤. \r\n- ì´í•˜ í…”ë ˆê·¸ë¨ ì±„ë„ -\r\n* ì‹œí™© : t.me/Moonlightpaintedbyclouds\r\n* ì±„íŒ…ë°© : t.me/Moonlightpaintedclouds\r\n* ê¸€ëª¨ìŒ :  t.me/Likeamoonintheclouds
https://www.tradingview.com/u/Moon_Pig/,https://open.kakao.com/o/gAUTMLfe,,,MoonPig ì†Œí†µë°©\r\nhttps://open.kakao.com/o/gAUTMLfe\r\n\r\nMoonPig ë¸”ë¡œê·¸\r\nhttps://blog.naver.com/moonpig321\r\n\r\nì´ì™¸ì— ë”°ë¡œ ìš´ì˜í•˜ëŠ” ê±´ ì—†ìŠµë‹ˆë‹¤.
https://www.tradingview.com/u/NO_biber/,,,,
https://www.tradingview.com/u/teem-Innerpeace/,,,,
https://www.tradingview.com/u/superpowerkyu/,,,,
https://www.tradingview.com/u/Goodcoff/,,,,
https://www.tradingview.com/u/yjpassion/,,,,
https://www.tradingview.com/u/kasiraaaa/,,,,
https://www.tradingview.com/u/a025mm/,,,,
https://www.tradingview.com/u/cassia6316/,,,,
https://www.tradingview.com/u/BITZEROCOLA2/,,,,
https://www.tradingview.com/u/humumhumum/,,,,
https://www.tradingview.com/u/kangchunsam_95year/,,,,
https://www.tradingview.com/u/hongjunki/,,,,
https://www.tradingview.com/u/prenia/,,,https://twitter.com/prenia2013,
https://www.tradingview.com/u/JJucifer/,,,,
https://www.tradingview.com/u/LoopTheWave/,,,,
https://www.tradingview.com/u/Alan_Style/,,,,
https://www.tradingview.com/u/jejuman/,,,,
https://www.tradingview.com/u/MKS-/,,,,
https://www.tradingview.com/u/Hedge_Trader/,,,,
https://www.tradingview.com/u/navi1103/,,,,
https://www.tradingview.com/u/JM_makingbullish/,,,,
https://www.tradingview.com/u/Echosig/,https://t.me/Echofreesignals,https://www.youtube.com/channel/UCo0m1Z2lTgxFzBBgnYXxE8Q,,í…”ë ˆê·¸ë¨ : https://t.me/KimEchoSignal\r\nì¹´í†¡ë°© : https://open.kakao.com/o/g6oMkz4d\r\nìœ íŠœë¸Œ : https://www.youtube.com/channel/UCo0m1Z2lTgxFzBBgnYXxE8Q\r\në¸”ë¡œê·¸ : https://blog.naver.com/dsw1357\r\në””ìŠ¤ì½”ë“œ : https://discord.gg/GkxDCDpxnF
https://www.tradingview.com/u/POP_corn/,,,,
https://www.tradingview.com/u/snow_hae/,,,,
https://www.tradingview.com/u/LeeHyun1/,,,,
https://www.tradingview.com/u/CatFighter/,,,,
https://www.tradingview.com/u/druther34/,,,https://twitter.com/ChartistDruther,
https://www.tradingview.com/u/KIMCHUNSAM_58year/,,,,
https://www.tradingview.com/u/hemannkim/,,,https://twitter.com/hemannkim,
https://www.tradingview.com/u/LovelyCia/,,,,
https://www.tradingview.com/u/bj2no3/,,,,
https://www.tradingview.com/u/CoinKing777/,,,,
https://www.tradingview.com/u/Twogudat/,,,,
https://www.tradingview.com/u/coma_6464/,,,,
https://www.tradingview.com/u/dddeundeun/,,,,
https://www.tradingview.com/u/Hongsi_/,,,,
https://www.tradingview.com/u/keto-top/,,,https://twitter.com/ketotop_trading,
https://www.tradingview.com/u/pjh980820/,,,,
https://www.tradingview.com/u/NNYG/,,,,
https://www.tradingview.com/u/ll-Sanul-ll/,,,,
https://www.tradingview.com/u/botong/,http://www.botong.site/,https://www.youtube.com/channel/UCgkSf37DkeXdmu94I-E082A,,ğŸ”´í‹°ìŠ¤í† ë¦¬ ë¸”ë¡œê·¸ğŸ”´\r\nhttps://gi-bon.tistory.com/\r\n\r\nğŸŸ ì›¨ì¼ê³  ì‹œê·¸ë„ë´‡ í…”ë˜ê·¸ë¨ğŸŸ \r\nhttps://t.me/botong2\r\n\r\nğŸŸ¢ê³µì‹ ìœ íŠ¸ë¸ŒğŸŸ¢\r\nhttps://www.youtube.com/c/ì›¨ì¼ì›¨ê±´WhaleWagonBitcoin\r\n\r\nğŸ”µVIP ë¸Œë¦¬í•‘ğŸ”µ\r\nhttp://www.botong.site/VIP\r\n\r\nğŸŸ£ë¹„íŠ¸ê²Ÿ 50% ìˆ˜ìˆ˜ë£Œ í• ì¸ğŸŸ£\r\nhttps://partner.bitget.com/bg/YrQZ7n
https://www.tradingview.com/u/marketshutting/,,,,
https://www.tradingview.com/u/Playingwithpower/,,,,
https://www.tradingview.com/u/CHONG_CHONG/,,,,íˆ¬ìëŠ” ì†Œì‹ ê»í•©ì‹œë‹¤.
https://www.tradingview.com/u/deokcopy/,,,,
https://www.tradingview.com/u/litecoinlion1/,,,,
https://www.tradingview.com/u/DOGEKIN/,,,,
https://www.tradingview.com/u/CHANJOO/,,,,
https://www.tradingview.com/u/secx/,,,,
https://www.tradingview.com/u/jwon19160/,,,,
https://www.tradingview.com/u/Wenry_Song/,,,https://twitter.com/dntwenry,
https://www.tradingview.com/u/gnahc/,,,,
https://www.tradingview.com/u/prea/,,,,
https://www.tradingview.com/u/pointchsu/,,,,
https://www.tradingview.com/u/pureminsu/,,,,
https://www.tradingview.com/u/G15980/,,,,
https://www.tradingview.com/u/Bye_Bye_Whale/,,,,
https://www.tradingview.com/u/drkonghh/,,,,
https://www.tradingview.com/u/cash_or_die/,,,,
https://www.tradingview.com/u/huinso/,,,,
https://www.tradingview.com/u/ksoochul/,,,,
https://www.tradingview.com/u/Flag_man/,,,,
https://www.tradingview.com/u/Alexander_Andersen/,,,,
https://www.tradingview.com/u/skyisland99/,,,,
https://www.tradingview.com/u/hellooooooo/,,,,
https://www.tradingview.com/u/cepheidstar/,,,,
https://www.tradingview.com/u/mimi210811/,,,,
https://www.tradingview.com/u/basically98/,https://blog.naver.com/basically98,,,https://open.kakao.com/o/gZvJm06c\r\nì°¨íŠ¸í† ë¡ ë°© (ì•”í˜¸ : 0000)\r\n\r\nhttps://url.kr/fzj2an\r\n(ì¶”ì„¸ì„  êµìœ¡ ìë£Œ)\r\n\r\nhttps://t.me/basixally98\r\n(ë¯¸ê³µê°œ ë¶„ì„ ë° íŠ¸ë·° ì•Œë¦¼ ì±„ë„)\r\n\r\nhttps://url.kr/vuhipj\r\n(ë¹„íŠ¸ê²Ÿ ìˆ˜ìˆ˜ë£Œ 50% í• ì¸)\r\n\r\nhttps://url.kr/7pe8vk\r\n(MEXC ìˆ˜ìˆ˜ë£Œ 10% ìºì‹œë°±)
https://www.tradingview.com/u/DBknife/,,,,
https://www.tradingview.com/u/WeMakePrice/,https://cafe.naver.com/waveittradingacademy,https://www.youtube.com/channel/UC31SQgPHjVcNEk3CsCiryVw,,"99ëª…ì˜ ì‚¬ëŒë“¤ì€ ì œ ê¸€ê³¼ ì˜ìƒì„ ë³´ê³  ì½”ì›ƒìŒì„ ì¹©ë‹ˆë‹¤. \r\nì´ ì‹œì¥ì—ì„œ ì•„ì§ë„ ëˆì„ ëª» ë²Œê³  ìˆìœ¼ë©´ ë‹¹ì‹ ì€ 99ëª… ì¤‘ í•œ ëª…ì¼ ê°€ëŠ¥ì„±ì´ ë†’ìŠµë‹ˆë‹¤. \r\në‹¹ì‹ ì´ ëª°ëë˜, ê·¸ë¦¬ê³  ì•ìœ¼ë¡œë„ ëª¨ë¥¼ íŠ¸ë ˆì´ë”©ì˜ ì‹ ì„¸ê³„ê°€ ìˆìŠµë‹ˆë‹¤. \r\nìƒìœ„ 0.0001%ì˜ íŠ¸ë ˆì´ë”© ì§ì ‘ ë³´ê³  íŒë‹¨í•´ ë³´ì‹­ì‹œì˜¤.\r\n\r\nhttps://cafe.naver.com/waveittradingacademy"
https://www.tradingview.com/u/MarketObserverK/,,,https://twitter.com/MarketObserverK,
https://www.tradingview.com/u/Trendde/,,,,
https://www.tradingview.com/u/GoldenAnts/,,,,
https://www.tradingview.com/u/kim_long_short/,,,,
https://www.tradingview.com/u/Segeun/,,,,
https://www.tradingview.com/u/VEW_JI_VEW/,,,https://twitter.com/wlsqo136,
https://www.tradingview.com/u/GaZuaoaoaoa/,,,https://twitter.com/ggndde,
https://www.tradingview.com/u/INSAK/,,,,
https://www.tradingview.com/u/JSH33/,,,,
https://www.tradingview.com/u/ubqts/,,,,
https://www.tradingview.com/u/DooBooABBY/,https://t.me/+xruZFGPENXk3Yjk1,,,
https://www.tradingview.com/u/gg0522/,,,,
https://www.tradingview.com/u/Elliot-Worm/,,,,
https://www.tradingview.com/u/BTT_Aion/,,,,
https://www.tradingview.com/u/gmsailcom1/,,,,
https://www.tradingview.com/u/STPANO/,http://t.me/STPANO_ch,,https://twitter.com/stpano_tw,ì œíœ´í˜œíƒğŸ‘\r\n\r\nğŸ˜FTX : http://bit.ly/pano_ftx\r\n\r\nğŸ˜Phemex : https://bit.ly/stpano_Phemex\r\n\r\nğŸ˜Bybit : https://bit.ly/stpano_bybit\r\n\r\nğŸ˜Bitget : https://bit.ly/pano_bitget
https://www.tradingview.com/u/KongPro/,,,,"\""Successful investing is anticipating the anticipations of others.\"" -John Maynard Keynes"
https://www.tradingview.com/u/lliia/,,,,
https://www.tradingview.com/u/rogengine/,,,,
https://www.tradingview.com/u/byHRG/,,,,
https://www.tradingview.com/u/Boocap/,,,https://twitter.com/Boo7cap,ì¹´í†¡ë°© :  https://open.kakao.com/o/gGEu4GWd 2ê¸°ë°© \r\në¹„íŠ¸ê²Ÿ ìˆ˜ìˆ˜ë£Œ í• ì¸  ë§í¬ :   https://bit.ly/3DiW58D\r\n(50%ìˆ˜ìˆ˜ë£Œí• ì¸+ ìˆ˜ìˆ˜ë£Œ ì¿ í° 580$)\r\n1:1 ë¬¸ì˜  : https://open.kakao.com/o/sOczfLmd\r\nì„ ë¬¼ë°© ë¬¸ì˜(ë¬´ë£Œ) : https://open.kakao.com/o/sOczfLmd
https://www.tradingview.com/u/lovely_ham/,,,,
https://www.tradingview.com/u/BIT_Invest_/,,,,TEAM TELEGRAM\r\nhttps://t.me/BITINVEST_Future_kr\r\n\r\nMEXC :\r\nhttps://www.mexc.com/ko-KR/register?inviteCode=mexc-1Q53H\r\n\r\nBitget :\r\nhttps://partner.bitget.com/bg/32398Y
https://www.tradingview.com/u/yuzuyu023/,,,,
https://www.tradingview.com/u/Harryporter/,,,,
https://www.tradingview.com/u/kkebi/,,,,
https://www.tradingview.com/u/Jason_Kim/,,,,
https://www.tradingview.com/u/imgumx/,,,,
https://www.tradingview.com/u/CRYPTOPATH_L/,,,,
https://www.tradingview.com/u/niceZebra48270/,,,,
https://www.tradingview.com/u/DEN-Z/,,,,
https://www.tradingview.com/u/kgkgkgkr23/,,,,
https://www.tradingview.com/u/masterblueroom7/,,,,
https://www.tradingview.com/u/crypto_sexy/,,,,
https://www.tradingview.com/u/RETXED/,,,,
https://www.tradingview.com/u/All_Seeing_Eye/,,,,
https://www.tradingview.com/u/fivebilion/,,,,
https://www.tradingview.com/u/Heathcliff177/,,,,
https://www.tradingview.com/u/I_love_y0u/,,,,
https://www.tradingview.com/u/XBT_Laps/,,,,
https://www.tradingview.com/u/dongche/,,,,
https://www.tradingview.com/u/ROK-SF/,,,,
https://www.tradingview.com/u/TEEEEEEEEEAK/,,,,
https://www.tradingview.com/u/Popeye_H/,,,,
https://www.tradingview.com/u/tradingjungseok/,,,,
https://www.tradingview.com/u/canopus1212/,,,,
https://www.tradingview.com/u/plusFind/,,,https://twitter.com/plusFindCrypto,
https://www.tradingview.com/u/yeops11/,,,,
https://www.tradingview.com/u/Feel_Long_KIM/,https://open.kakao.com/o/gb6IxAae,https://www.youtube.com/channel/UCCFuHl9Ax52U3yddaqrayrA,,ì¶”ì²œí•  ë§Œí•œ ì§€í‘œ ì„¸íŒ… ì„¤ì •ê°’ì´ ìˆë‹¤ë©´ <ì›¹ì‚¬ì´íŠ¸>ë¥¼ ëˆŒëŸ¬ ì˜¤í”ˆ í†¡ë°©ì—ì„œ ê³µìœ í•´ì£¼ì„¸ìš”.
https://www.tradingview.com/u/NSWS/,,,,
https://www.tradingview.com/u/Chart_Riderrr/,,,,
https://www.tradingview.com/u/Alvin-/,,,,
https://www.tradingview.com/u/bset123424/,,,,
https://www.tradingview.com/u/Poincareconjecture/,,https://www.youtube.com/channel/UCzZCGaStWJ5ELc-yEejeZ6Q,,
https://www.tradingview.com/u/litldg143/,,,,
https://www.tradingview.com/u/Pessimistic_investor/,,,,
https://www.tradingview.com/u/DAENGZA/,,,,
https://www.tradingview.com/u/Bellaaaaaaa/,,,,
https://www.tradingview.com/u/White_light_/,,,,
https://www.tradingview.com/u/kidcoom07/,,,,
https://www.tradingview.com/u/UnknownUnicorn33346715/,,,,
https://www.tradingview.com/u/cheerupjoon_/,,,,
https://www.tradingview.com/u/StartAE/,,,,
https://www.tradingview.com/u/arkp9999/,,,,
https://www.tradingview.com/u/Manji/,,,,
https://www.tradingview.com/u/ShortHuntsMan/,,,,
https://www.tradingview.com/u/mainchain95/,,,,
https://www.tradingview.com/u/woodmakeboy/,,,,
https://www.tradingview.com/u/vetdj/,,,,
https://www.tradingview.com/u/harusal/,,,,
https://www.tradingview.com/u/BAMBI_/,,,,
https://www.tradingview.com/u/chyeok/,,,,
https://www.tradingview.com/u/hohohoman/,,,,
https://www.tradingview.com/u/Trader_Piper/,,,https://twitter.com/Trader_Piper,
https://www.tradingview.com/u/byoungs/,,,,
https://www.tradingview.com/u/hawlgaram/,,,https://twitter.com/hanlgaram,
https://www.tradingview.com/u/OWO_ZZ/,,,,
https://www.tradingview.com/u/hyunbin8963/,,,,
https://www.tradingview.com/u/guidegame0098/,,,,
https://www.tradingview.com/u/Sin1111/,,,,
https://www.tradingview.com/u/abosco0722/,,,,
https://www.tradingview.com/u/CIANBLUE/,,,,
https://www.tradingview.com/u/7777samcigi/,,,,
https://www.tradingview.com/u/googokboy/,,,,
https://www.tradingview.com/u/Jolts/,,,,
https://www.tradingview.com/u/hahakjs/,,,,
https://www.tradingview.com/u/fggfd1324/,,,,
https://www.tradingview.com/u/tigeruse/,,,,
https://www.tradingview.com/u/Luis_Alexander/,,https://www.youtube.com/channel/UCPGp1hO5e7aUZb-px0dMDTw,https://twitter.com/EAdxcA1JHtoK2gi,ìœ íŠœë¸Œ\r\nhttps://www.youtube.com/channel/UCPGp1hO5e7aUZb-px0dMDTw/videos\r\n\r\ní…”ë ˆê·¸ë¨\r\nhttps://t.me/L_alex_crypto
https://www.tradingview.com/u/Raccoonnman/,,,,
https://www.tradingview.com/u/ParkAeGyo/,,,,
https://www.tradingview.com/u/PancakeMISA/,,,https://twitter.com/bitdamii,
https://www.tradingview.com/u/Tick_Pip/,,,,ì±„ë„: https://bit.ly/TnP_briefing\r\nì±„íŒ…ë°©: https://bit.ly/TnP_chat\r\nVIP ë¬¸ì˜: https://bit.ly/TnP_VIP
https://www.tradingview.com/u/rbws/,,,,
https://www.tradingview.com/u/good_edening_btc/,,,,
https://www.tradingview.com/u/svsivsv/,,,,
https://www.tradingview.com/u/irashymasse/,,,,
https://www.tradingview.com/u/Saengchae_boxer_4YEAR/,,,,
https://www.tradingview.com/u/wjsfndl/,,,https://twitter.com/LnaFKlzkB2bOfJZ,
https://www.tradingview.com/u/ghostcoinking/,,,,
https://www.tradingview.com/u/william789500/,,,,
https://www.tradingview.com/u/kdmlwn/,,,,
https://www.tradingview.com/u/LEEWAY_886/,,,,
https://www.tradingview.com/u/DoNotFomo7/,,,,
https://www.tradingview.com/u/jubal_/,,,,
https://www.tradingview.com/u/dayyaKID/,,,,
https://www.tradingview.com/u/utsby/,,,,
https://www.tradingview.com/u/BIT_SHOT/,,,,
https://www.tradingview.com/u/Koreanbeef/,,,,
https://www.tradingview.com/u/qwa806/,,,,
https://www.tradingview.com/u/BTCKRW/,,,,
https://www.tradingview.com/u/letsplayants/,,,,
https://www.tradingview.com/u/ProfessionalBagHolder/,,,https://twitter.com/rooftoptoken,
https://www.tradingview.com/u/doll1bang/,,https://www.youtube.com/channel/UCkNNTjdnv_DsUP5_CsaxsYQ,,
https://www.tradingview.com/u/Zeus_Snow/,,,,
https://www.tradingview.com/u/Purple_line/,,,,
https://www.tradingview.com/u/Gwaill_Juseyo/,,,,
https://www.tradingview.com/u/DOUBLESHOT119/,,,,
https://www.tradingview.com/u/Ebifry777/,,,,
https://www.tradingview.com/u/HeavensQ/,,,,ì±„ë„
https://www.tradingview.com/u/haeni/,,,,
https://www.tradingview.com/u/dog62/,,,,
https://www.tradingview.com/u/I_1_Run_Musk/,,,,
https://www.tradingview.com/u/Pocal/,,,,
https://www.tradingview.com/u/Visiona/,,,,
https://www.tradingview.com/u/laya888/,https://t.me/bitain,https://www.youtube.com/channel/UCD6vWupLJnie8Rr6nWXCAJg,,í…”ë ˆê·¸ë¨ : https://t.me/bitain
https://www.tradingview.com/u/dickdo/,,https://www.youtube.com/channel/UC_Xmcy7jxlxdcXg30RMry4g,,
https://www.tradingview.com/u/GNTO/,,,https://twitter.com/Godbitt,
https://www.tradingview.com/u/emhwang3/,,,https://twitter.com/bangbaedong2,
https://www.tradingview.com/u/one_scoop/,,,,
https://www.tradingview.com/u/dkjin102/,,https://www.youtube.com/channel/UCHvHftLnWtoQCcqeab37wAw,https://twitter.com/dkjin102,
https://www.tradingview.com/u/goyang2/,,,,
https://www.tradingview.com/u/an_old_gossip/,,,,
https://www.tradingview.com/u/MUK1028/,,,,
https://www.tradingview.com/u/ehdgns999999/,,,,
https://www.tradingview.com/u/coecoecoffee/,,,,
https://www.tradingview.com/u/Bit_12K_Short/,,,,
https://www.tradingview.com/u/dorang91/,,,,
https://www.tradingview.com/u/soowimtraiding/,,,,
https://www.tradingview.com/u/duduliketobetter/,,,,
https://www.tradingview.com/u/Run_away/,,,,
https://www.tradingview.com/u/GoldenCloud_Jude/,,https://www.youtube.com/channel/UCNn0UtKkmB1CF28FcJuF_Pg,https://twitter.com/Coinlabs_,Youtube ì½”ì¸ë©ìŠ¤ ì°¨íŠ¸ë¶„ì„\r\nhttps://bit.ly/coinlabs\r\n\r\nKakaotalk ëœë ì´ ì •ë³´ê³µìœ \r\nhttps://bit.ly/Goldencloud_kakao / ë¹„ë²ˆ 0618\r\n\r\nTelegram Goldencloud Cypto\r\nhttps://bit.ly/goldencloud_tele\r\n\r\nBitget 50% off tranding fee\r\nhttps://bit.ly/Jude_BitgetPC
https://www.tradingview.com/u/RAPSO/,,,,
https://www.tradingview.com/u/YaLang_YONG/,,,,
https://www.tradingview.com/u/WANT2018/,,,https://twitter.com/want202277,
https://www.tradingview.com/u/MentalGap/,,,,
https://www.tradingview.com/u/leopark81/,,,,
https://www.tradingview.com/u/CharLAB_SANGKM/,https://t.me/chart_sangkm,https://www.youtube.com/channel/UC0Lc8ilBPY9Vf5VYT4KrX-A,,ì œ ê°œì¸ë§¤ë§¤ ê´€ì ì„ ì§€ì†ì ìœ¼ë¡œ ì•„ë¬´ì¡°ê±´ì—†ì´ ê³µìœ í•˜ëŠ” ì±„ë„ì…ë‹ˆë‹¤.\r\ní…”ë ˆê·¸ë¨ - https://t.me/chart_sangkm\r\n\r\nMEXC ê±°ë˜ì†Œ ìˆ˜ìˆ˜ë£Œ í• ì¸ ë§í¬\r\nhttps://www.mexc.com/register?inviteCode=mexc-1Petx\r\ní˜„ë¬¼ 50% / ì„ ë¬¼ 60% ìˆ˜ìˆ˜ë£Œ í• ì¸!\r\n\r\nFTX ê±°ë˜ì†Œ ìˆ˜ìˆ˜ë£Œ í• ì¸ ë§í¬\r\nhttps://ftx.com/referrals#a=sangkm\r\ní˜„ë¬¼/ì„ ë¬¼ 5% í• ì¸!
https://www.tradingview.com/u/jesgen/,,,,
https://www.tradingview.com/u/H84968/,,,,
https://www.tradingview.com/u/jk3468512/,,,,
https://www.tradingview.com/u/chany5847/,,,,
https://www.tradingview.com/u/Quu/,,,,
https://www.tradingview.com/u/NotOtaku/,,,,
https://www.tradingview.com/u/ELLINIA/,,,https://twitter.com/travis3863,
https://www.tradingview.com/u/NeelMonic/,,,,
https://www.tradingview.com/u/saltflower530/,,,,
https://www.tradingview.com/u/gerent/,,,,
https://www.tradingview.com/u/whgnlcjs77/,,,,
https://www.tradingview.com/u/RVD_1PERCENT/,,,https://twitter.com/RVD_1PERCENT,"âœ… ë”ìš± ì¦ì€ ì—…ë°ì´íŠ¸ëŠ” ì•„ë˜ ë§í¬ì—ì„œ!\r\n- https://t.me/+7mIBvloUd0k3NWQ9\r\nâœ… ì‹œí™© ì½”ë©˜íŠ¸ì™€ ë‹¤ì–‘í•œ íˆ¬ì ê´€ë ¨ ë¶„ì„ì€ ìœ íŠœë¸Œ ì±„ë„ì—ì„œ!\r\n- https://www.youtube.com/c/1PERCENTKOREA\r\nâœ… ë¯¸êµ­ì£¼ì‹, êµ­ë‚´ì£¼ì‹ ë“± ë‹¤ì–‘í•œ ì •ë³´ ê³µìœ \r\n- https://blog.naver.com/onepercentkr"
https://www.tradingview.com/u/GOJWH/,,,,
https://www.tradingview.com/u/IlWonSuh/,,,,
https://www.tradingview.com/u/BITHAND/,,https://www.youtube.com/channel/UCOWi4ZAeeACvSt9pvZfFnSA,,
https://www.tradingview.com/u/muok1505/,,https://www.youtube.com/channel/UCeB6PVRKGnBwixYJFzVdoXg,https://twitter.com/muok1505,
https://www.tradingview.com/u/yjgh/,,,,
https://www.tradingview.com/u/Trader_J_/,,https://www.youtube.com/channel/UCBnNXntlBjR5HFGg0c22B3A,,
https://www.tradingview.com/u/CopyTrading_/,,,,
https://www.tradingview.com/u/tailong/,https://tailong.tistory.com/notice/253,https://www.youtube.com/channel/UCTsLL8oBidD6MqkIhFlbBwQ,,[ì°¨íŠ¸ì´ˆë³´ë¥¼ ìœ„í•œ 4ë¶„í•  ì°¨íŠ¸ ë§¤ë§¤ë²• ë…¸í•˜ìš°]\nhttps://url.kr/d5ij9x\n\n[í•˜ëª¨ë‹‰ íŒ¨í„´ ì‹¤ì „ ë§¤ë§¤ ë…¸í•˜ìš°]\nhttps://url.kr/eto76j\n\n[ì—˜ë¦¬ì–´íŠ¸ íŒŒë™ì´ë¡  ë…¸í•˜ìš°]\nhttps://url.kr/syi3fj\n\n[ë¸”ë¡œê·¸] https://tailong.tistory.com/notice/253
https://www.tradingview.com/u/Tokkitang/,,,,
https://www.tradingview.com/u/jonmarble/,,,,
https://www.tradingview.com/u/REDJAE/,,,,
https://www.tradingview.com/u/mirurunzz1/,,,,
https://www.tradingview.com/u/LOTTO_TTI/,https://bit.ly/3FaVCXq,,,âœ”ï¸ BTCEX ìˆ˜ìˆ˜ë£Œ 50%í• ì¸\r\nhttps://bit.ly/3wiQvCw\r\n\r\nâœ”ï¸ COVEST(í•œê¸€íŒ ë°”ì´ë‚¸ìŠ¤) ìˆ˜ìˆ˜ë£Œ 10%í• ì¸\r\nhttps://bit.ly/36LJC21\r\n\r\nâœ”ï¸ í…”ë ˆê·¸ë¨ ê´€ì ê³µìœ ë°©\r\nhttps://t.me/Lotto_tti_idea\r\n\r\nâœ”ï¸ Bybit $500 ì¿ í°ì œê³µ \r\nhttps://bit.ly/3J8NE3w
https://www.tradingview.com/u/hangmeee_/,,,,
https://www.tradingview.com/u/Money_copy_machine/,,,https://twitter.com/1A6LIbbf8EQBXdj,
https://www.tradingview.com/u/pladon2493/,,,,
https://www.tradingview.com/u/uhart/,,,,
https://www.tradingview.com/u/pribat344/,,,,
https://www.tradingview.com/u/yokohamaminer/,,,,
https://www.tradingview.com/u/WWWAVEEE/,,,,
https://www.tradingview.com/u/k1212/,https://open.kakao.com/o/gunYhgbe,https://www.youtube.com/channel/UCJ5BZs9PIAvRASA9ML46P1g,,ì‹¤ì‹œê°„ ê´€ì  ì˜¤í”ˆì¹´í†¡ë°© : https://open.kakao.com/o/gunYhgbe\r\n\r\n1:1 ë¬¸ì˜ : https://open.kakao.com/o/s3SbyI9d
https://www.tradingview.com/u/sbf_ftx/,,,,
https://www.tradingview.com/u/Mori89/,,,,
https://www.tradingview.com/u/spaceneet/,,,,
https://www.tradingview.com/u/limsstar_/,,,,
https://www.tradingview.com/u/G-9/,,,,
https://www.tradingview.com/u/goto_heaven/,,,,
https://www.tradingview.com/u/midmaster/,,,,
https://www.tradingview.com/u/Chart_Graphic/,,,,
https://www.tradingview.com/u/coinhwi/,,,,
https://www.tradingview.com/u/minari26/,,,,
https://www.tradingview.com/u/ZZuya/,,,,
https://www.tradingview.com/u/YoonFlyer/,,,,
https://www.tradingview.com/u/juchoi/,,,,
https://www.tradingview.com/u/oidot/,,,,
https://www.tradingview.com/u/BIGNEWS/,,,,
https://www.tradingview.com/u/ong25459/,,,,
https://www.tradingview.com/u/dobi_coin/,,,,
https://www.tradingview.com/u/crohn_stock/,,,,
https://www.tradingview.com/u/zint_whale/,http://orl.kr/XYB,https://www.youtube.com/channel/UCxeevD9cRlM1tVfB7b-bIng,,Team.ì¬ìƒ í…”ë ˆê·¸ë¨ ì‹œí™©ì±„ë„ : orl.kr/XYB\r\n\r\në‹¤ì´ë²„ì „ìŠ¤ ê°•ì˜ : orl.kr/uMB\r\nJaeDieë¥¼ í™œìš©í•œ ë‹¤ì´ë²„ì „ìŠ¤ ë§¤ë§¤ë²• : orl.kr/tOB
https://www.tradingview.com/u/Bank-Cat/,,,,
https://www.tradingview.com/u/safeday_annessa/,,,,
https://www.tradingview.com/u/Bonoo_/,,,,
https://www.tradingview.com/u/FXXKIN/,,,,
https://www.tradingview.com/u/maamm/,,,,
https://www.tradingview.com/u/EH4/,,,,
https://www.tradingview.com/u/BlackSwan98/,,,,
https://www.tradingview.com/u/OH0/,,,,
https://www.tradingview.com/u/Rolypop/,,,https://twitter.com/Rolypop94,
https://www.tradingview.com/u/volution_trading/,,,,
https://www.tradingview.com/u/jiniee/,,,,
https://www.tradingview.com/u/saong4707/,,,,
https://www.tradingview.com/u/Trend_follower/,,,,
https://www.tradingview.com/u/iam_sik2/,,,,
https://www.tradingview.com/u/clover32651103/,,,,
https://www.tradingview.com/u/A20210228931/,,,,
https://www.tradingview.com/u/Buri_buri/,,,,
https://www.tradingview.com/u/baem2e/,,,,
https://www.tradingview.com/u/Seungdori_/,,,,
https://www.tradingview.com/u/SRT_Sona/,,,,
https://www.tradingview.com/u/pureProfile11569/,,,,
https://www.tradingview.com/u/the_future_craft/,,,,
https://www.tradingview.com/u/MoDaPee/,,,,
https://www.tradingview.com/u/k8j2h82/,,,,
https://www.tradingview.com/u/roa200/,,,,
https://www.tradingview.com/u/nempad/,,,,
https://www.tradingview.com/u/no_more_Vets/,,,,
https://www.tradingview.com/u/grzormpa/,,,https://twitter.com/lion_kim321,
https://www.tradingview.com/u/marzxxn/,,,,
https://www.tradingview.com/u/JM5056/,,,,
https://www.tradingview.com/u/hhhhaaaa888/,,,,
https://www.tradingview.com/u/omega014065/,,,,
https://www.tradingview.com/u/kokodas/,,,,
https://www.tradingview.com/u/Teul-Ni/,,,,
https://www.tradingview.com/u/Yam_Yam/,,,,
https://www.tradingview.com/u/Fomo-is-disease/,,,,
https://www.tradingview.com/u/Gonnaberenowned/,,,,
https://www.tradingview.com/u/Rhino_ryu/,,,https://twitter.com/usdradar,
https://www.tradingview.com/u/jadeaa/,,,,
https://www.tradingview.com/u/ahj6249/,,,,
https://www.tradingview.com/u/MedPacto/,,,,
https://www.tradingview.com/u/rjsgj88/,,,,
https://www.tradingview.com/u/Tree1167/,,,,
https://www.tradingview.com/u/Kimhoddi/,,,,
https://www.tradingview.com/u/postonly/,,,,
https://www.tradingview.com/u/itsabilityShop/,,https://www.youtube.com/channel/UCFIoQpj7f7FuWETX2qLjLCg,https://twitter.com/itsabilityshop,ë¨¸ì¹´ë© - Money Copy Lab
https://www.tradingview.com/u/Makumup/,,https://www.youtube.com/channel/UCU2PXyxyqBR0VTOEYCAjwcQ,,ğŸ”¥YoutubeğŸ”¥\r\nhttps://www.youtube.com/channel/UCU2PXyxyqBR0VTOEYCAjwcQ\r\n\r\nğŸ”¥Crypto Makumup ì°¸ì—¬ğŸ”¥\r\nhttps://open.kakao.com/o/gZBoCFud\r\n<ì…ì¥ë²ˆí˜¸ : 1004>
https://www.tradingview.com/u/Salto_Mortale/,,,,
https://www.tradingview.com/u/mon_k_ey/,,,https://twitter.com/mongbit,
https://www.tradingview.com/u/mrkdy070820980/,,,,
https://www.tradingview.com/u/JJ_Tradin/,,,,
https://www.tradingview.com/u/Kimdurrrrr/,,,,
https://www.tradingview.com/u/J-harry/,,,,
https://www.tradingview.com/u/msh7602/,,,https://twitter.com/msh7602,
https://www.tradingview.com/u/ZZAMZl/,,,,
https://www.tradingview.com/u/Dong_Bo/,,,,
https://www.tradingview.com/u/hamtoribamtori/,,,,
https://www.tradingview.com/u/guludubu/,,,https://twitter.com/guludubu,
https://www.tradingview.com/u/lassom/,,,,
https://www.tradingview.com/u/goda123d/,,,,
https://www.tradingview.com/u/shureg5854/,,,,
https://www.tradingview.com/u/parkpark93454813/,,,,
https://www.tradingview.com/u/I_am_Korini/,,https://www.youtube.com/channel/UCv-eOdsvu4cTJH8RHh8nj7A,https://twitter.com/iamkorini,
https://www.tradingview.com/u/dlagks97/,,,,
https://www.tradingview.com/u/minjin23888/,,,,
https://www.tradingview.com/u/bbbbodddd/,,,,
https://www.tradingview.com/u/cryptocurrency-btc/,,,,
https://www.tradingview.com/u/Ho_95/,,,,
https://www.tradingview.com/u/naitta/,,,,
https://www.tradingview.com/u/kimnamwon/,,,https://twitter.com/motivTionBTC,
https://www.tradingview.com/u/DuceLee/,,https://www.youtube.com/channel/UCX1agwXzoatVi6gcr4grnaQ,,
https://www.tradingview.com/u/aaaa6632aaaa/,,,,
https://www.tradingview.com/u/jeeyaaa/,,,,
https://www.tradingview.com/u/jungheesoftware/,,,,
https://www.tradingview.com/u/min_als/,,,,
https://www.tradingview.com/u/jomenboi/,,,,
https://www.tradingview.com/u/korypto/,,,,
https://www.tradingview.com/u/korLamborghiniowner/,,,,
https://www.tradingview.com/u/yhyhya/,,,,
https://www.tradingview.com/u/cha_munching/,,,,
https://www.tradingview.com/u/gksruf0323/,,,,
https://www.tradingview.com/u/x10000usd/,,,,
https://www.tradingview.com/u/Trading_hippie/,,,https://twitter.com/RANGMOL1,
https://www.tradingview.com/u/chartgodgod/,,,,
https://www.tradingview.com/u/bluesky_k/,,,,
https://www.tradingview.com/u/Kingdom_come/,,,,
https://www.tradingview.com/u/YONGKOOS/,,,,
https://www.tradingview.com/u/zizizing/,,,,
https://www.tradingview.com/u/hyodol/,,,,
https://www.tradingview.com/u/camel10000mg/,,,,
https://www.tradingview.com/u/ojs532/,,,,
https://www.tradingview.com/u/beanery_in_a_Layney_Darcy/,,,,
https://www.tradingview.com/u/zfanta/,,,,
https://www.tradingview.com/u/harmonik/,,,,
https://www.tradingview.com/u/Bluemoonqq/,,,,
https://www.tradingview.com/u/Insaengmusang/,,,,
https://www.tradingview.com/u/bitcoin_onepunman/,,,,
https://www.tradingview.com/u/SuHae382/,,,,
https://www.tradingview.com/u/hyungyuly/,,,,
https://www.tradingview.com/u/gftyhbvc/,,,,
https://www.tradingview.com/u/hamforce86/,,,https://twitter.com/hamforce86,
https://www.tradingview.com/u/Alligatorwave/,,,,
https://www.tradingview.com/u/aks9770/,,,,
https://www.tradingview.com/u/kyakya111/,,,,
https://www.tradingview.com/u/Moon_Boy_Here/,,,,
https://www.tradingview.com/u/Riicheer/,,https://www.youtube.com/channel/UCq-wEZpXTO0vD4rDCqn790Q,,
https://www.tradingview.com/u/Trader_sangah/,,,,
https://www.tradingview.com/u/deimos0826/,,,,
https://www.tradingview.com/u/jackpot777777777777777/,,,,
https://www.tradingview.com/u/emigame06/,,,,
https://www.tradingview.com/u/Calldx/,,,,
https://www.tradingview.com/u/CannyTolany01/,https://pf.kakao.com/_HjFib,,,ì‹¤ì‹œê°„ ëŒ€ì‘(ë‹¨í†¡ë°©) : https://pf.kakao.com/_HjFib\n\në¸”ë¡œê·¸(ìì„¸í•œ ë¶„ì„) : https://vvd.bz/bmfK
https://www.tradingview.com/u/OJJI/,,,https://twitter.com/oksluk12,
https://www.tradingview.com/u/TrWong/,,https://www.youtube.com/channel/UCz7GpxZzCjOBAVdqPmXcR4Q,https://twitter.com/H0JHaA8tMsBkcxz,
https://www.tradingview.com/u/mung593/,,,,
https://www.tradingview.com/u/notyet0407/,,,,
https://www.tradingview.com/u/SpecialNB/,,,,
https://www.tradingview.com/u/babicat4242/,,https://www.youtube.com/channel/UCPfeX6DR572GjPP1FDVCjKg,,ê´€ì ê³µìœ  & ì¡ë‹´ë°© & ë¬´ë£Œì§€í‘œê³µìœ  :\r\nhttps://open.kakao.com/o/ge9g5Fhd\r\n\r\nì‹¤ì‹œê°„ êµìœ¡ë°© ê³µì§€ë°©\r\nhttps://t.me/chadonteam
https://www.tradingview.com/u/Endqk/,,,,ãºâ”£ã–â™ªì€ ì–¸ã‚ºã…”ã˜â”£ëª©ãƒ­â”£ë¥´ã©â”£
https://www.tradingview.com/u/spaceD_/,,,,
https://www.tradingview.com/u/H4_Trader/,,,,
https://www.tradingview.com/u/hmm121111/,,,,
https://www.tradingview.com/u/uurules9999/,,,,
https://www.tradingview.com/u/Terminator77/,,,,
https://www.tradingview.com/u/neokind1986/,,,,
https://www.tradingview.com/u/SungWon_Ahn/,,,,
https://www.tradingview.com/u/askandgotomars/,,,,
https://www.tradingview.com/u/uzscool/,,,,
https://www.tradingview.com/u/HWVIP/,,,,
https://www.tradingview.com/u/o_duck/,,,,
https://www.tradingview.com/u/Divers_trainer/,,,,
https://www.tradingview.com/u/jaeve/,,,,
https://www.tradingview.com/u/cha-Jaying/,,https://www.youtube.com/channel/UC6V7wVmUQ0I37ASwjw5eioQ,,
https://www.tradingview.com/u/soochul1666/,,,,
https://www.tradingview.com/u/aki07/,,,,
https://www.tradingview.com/u/S_BIT/,,,,
https://www.tradingview.com/u/Corin_2/,,,,
https://www.tradingview.com/u/Kuws1012/,,,,
https://www.tradingview.com/u/ParkEEAA/,,,,
https://www.tradingview.com/u/Accels/,,,,
https://www.tradingview.com/u/Bekakki/,,,,
https://www.tradingview.com/u/lili541/,,,,
https://www.tradingview.com/u/Oxforddd/,,,,
https://www.tradingview.com/u/BXZ/,,,,
https://www.tradingview.com/u/COINbadass/,,,,
https://www.tradingview.com/u/jsh990806/,,,,
https://www.tradingview.com/u/songcode78/,,,,
https://www.tradingview.com/u/nicemerong/,,,,
https://www.tradingview.com/u/Altia/,,,,
https://www.tradingview.com/u/titan070/,,,,
https://www.tradingview.com/u/rathergoodman/,,,,
https://www.tradingview.com/u/UDT_Eraser/,,,,
https://www.tradingview.com/u/psp00kor/,,,,
https://www.tradingview.com/u/homemilkk/,,,,
https://www.tradingview.com/u/Magleee/,,,,
https://www.tradingview.com/u/heeyo/,,,,
https://www.tradingview.com/u/CROSSOVER_KR/,,,,
https://www.tradingview.com/u/dongtak/,,,,
https://www.tradingview.com/u/MathAge/,https://math.oopy.io,,,
https://www.tradingview.com/u/incheonbitman/,,,,
https://www.tradingview.com/u/hushedSnow42413/,,,,
https://www.tradingview.com/u/RichDael/,,,,
https://www.tradingview.com/u/CoinUniv/,,https://www.youtube.com/channel/UC38hsau7O1upGPFF21jM2iw,https://twitter.com/coinuniv,
https://www.tradingview.com/u/gitzken/,,,,
https://www.tradingview.com/u/fnc655/,,,,
https://www.tradingview.com/u/Chartistlab_GaCHituGi/,,,,
https://www.tradingview.com/u/BitcoinWhaleHunter/,https://cafe.naver.com/bitcoinautomoney,https://www.youtube.com/channel/UC4qD7Y9b_q4bBCdRcGLIK0w,,âœ…ì§€í‘œ ì‚¬ìš©ë²•  https://url.kr/kv6six\r\nâœ…3ê°œì›” 1ì–µ ìˆ˜ìµ ì‹¤ì œ ì¸ì¦ https://url.kr/453g2x\r\nâœ…ë¹„íŠ¸ì½”ì¸ íƒ€ì  https://me2.kr/cqyzw\r\nâœ…ë¹„íŠ¸ê²Ÿ í‰ê·  +100% ìˆ˜ìµ ìƒìœ„1% íŠ¸ë ˆì´ë” ì¸ì¦â–¶ë¸”ë¡œê·¸ \r\nâ–¶ 50% í‰ìƒ í• ì¸! https://partner.bitget.com/bg/e2QJRb
https://www.tradingview.com/u/ryahn/,,,,
https://www.tradingview.com/u/RICHLENO/,,,,
https://www.tradingview.com/u/Supash/,,,,
https://www.tradingview.com/u/GOJHW/,,,,
https://www.tradingview.com/u/daneSopranos/,,,,
https://www.tradingview.com/u/GOny_Stark/,,,,
https://www.tradingview.com/u/DOCEN/,,,,
https://www.tradingview.com/u/I_can_do_it_/,,,,
https://www.tradingview.com/u/young_1234/,,https://www.youtube.com/channel/UCt3AM634iYJL_ALrlReVFeQ,,
https://www.tradingview.com/u/cha-gong/,,https://www.youtube.com/channel/UCkZ4qMYu-Oy2UKGch3eFXSg,,
https://www.tradingview.com/u/Concerta_Jee/,,,,
https://www.tradingview.com/u/Siddhattha/,,,,
https://www.tradingview.com/u/parkjg815/,,,,
https://www.tradingview.com/u/youngmin_00/,,,,
https://www.tradingview.com/u/Long_is_Good/,,,,
https://www.tradingview.com/u/mkkx4455/,,,,
https://www.tradingview.com/u/Sashimi_chi_nam/,,https://www.youtube.com/channel/UCWOJgFY69L4CJsO76isVQmA,,
https://www.tradingview.com/u/jsrimr2/,,,,
https://www.tradingview.com/u/GooGooGooGooGoo/,,,,
https://www.tradingview.com/u/BTCBAKSAL/,,,,
https://www.tradingview.com/u/Goodfly88/,,,https://twitter.com/goodfly7,
https://www.tradingview.com/u/bbang_zang/,,,,
https://www.tradingview.com/u/The_whale_of_power/,,,,
https://www.tradingview.com/u/jangkeon1009/,,,,
https://www.tradingview.com/u/tohell/,,https://www.youtube.com/channel/UCJrYi4_pT3CXJtF2lCV54Fw,,
https://www.tradingview.com/u/ggamongs8020/,,,,
https://www.tradingview.com/u/DoDReam/,,,,
https://www.tradingview.com/u/sigseob/,,,,
https://www.tradingview.com/u/Langmore/,,,,
https://www.tradingview.com/u/Stone_whale/,,,,
https://www.tradingview.com/u/Sisul2/,,,,
https://www.tradingview.com/u/Trinity_Simple/,,,,
https://www.tradingview.com/u/Hyperledger/,,,,
https://www.tradingview.com/u/Melon_TA/,,,https://twitter.com/CryptoSalon2022,
https://www.tradingview.com/u/whymewhynot/,,,,
https://www.tradingview.com/u/Yomiiiii/,,,,
https://www.tradingview.com/u/drbong99/,,,https://twitter.com/BongkyunJ,
https://www.tradingview.com/u/omock/,,,,
https://www.tradingview.com/u/hk4jerry/,,,,
https://www.tradingview.com/u/PearlOver/,,,,
https://www.tradingview.com/u/MUYAHOOIT/,,,,
https://www.tradingview.com/u/coejaeyeong/,,,,
https://www.tradingview.com/u/Hoonycoin/,,,,
https://www.tradingview.com/u/K-Maru/,,,,
https://www.tradingview.com/u/unilabs/,,,,
https://www.tradingview.com/u/KAiTE/,,,,
https://www.tradingview.com/u/Seongfirst/,,,,
https://www.tradingview.com/u/mizarkim/,,https://www.youtube.com/channel/UCHnsAZg8hXYyh3gDOPVCdog,,
https://www.tradingview.com/u/Chesteryoun/,,,,
https://www.tradingview.com/u/guccimommy/,,,,
https://www.tradingview.com/u/one1jo/,,https://www.youtube.com/channel/UChKv3wbFLAxTFCoFXjOTsMA,,
https://www.tradingview.com/u/cjakew/,,,,
https://www.tradingview.com/u/superkubaja/,,,,
https://www.tradingview.com/u/jsaqqq9016/,,,,
https://www.tradingview.com/u/RE-DDOSOK10/,,,,
https://www.tradingview.com/u/devil30003/,,https://www.youtube.com/channel/UCWbgjUxTaKukpwCaBdPQamA,,á„‹á…µá„‰á…¥á†«á„‰á…¢á†¼á„‹á…´ á„‹á…®á†«á„‹á…§á†¼ á„á…¢á„‚á…¥á†¯á„‹á…µá†¸á„‚á…µá„ƒá…¡.\ná„‡á…µá„á…³á„‰á…µá„’á…ªá†¼ https://t.me/JWworld <<á„á…³á†¯á„…á…µá†¨!\ná„‹á…¡á†¯á„á…³á„‰á…µá„’á…ªá†¼ https://t.me/leeteacher3003 <<á„á…³á†¯á„…á…µá†¨!\nâ˜…ë¹™ë³¸ê±°ë˜ì†Œì…ë‹ˆë‹¤.\në¹„íŠ¸ì½”ì¸ ì´ì™¸ì— ì§€ìˆ˜ ì›ìì¬ FXë“±ì˜ ì¢…ëª©ìœ¼ë¡œ ììœ ë¡­ê²Œ\në§¤ë§¤í•˜ì‹¤ìˆ˜ ìˆìœ¼ë©° ì•„ë˜ ë§í¬ë¡œ ê°€ì…ì‹œ  ë³´ë„ˆìŠ¤100ë¶ˆì„ ì§€ê¸‰ë°›ì„ìˆ˜ìˆìŠµë‹ˆë‹¤.\nhttp://partner.bingbon.com/leeteachar
https://www.tradingview.com/u/SPAMAN/,https://open.kakao.com/o/gUGUPv3d,,,ìŠ¤íŒŒì´ë”ë§¨ ë•í›„ ë¹„íŠ¸ì½”ì¸ ê³µë¶€ë°© - https://open.kakao.com/o/gUGUPv3d\r\n\r\nBspiderë¸”ë¡œê·¸ https://blog.naver.com/hyeo\r\n\r\në¹„íŠ¸ê²Ÿ ê°€ì…(ìˆ˜ìˆ˜ë£Œ 50%í• ì¸) \r\nPC : https://partner.bitget.com/bg/UJJfUv\r\në°”ì´ë¹„íŠ¸ ê°€ì…\r\nhttps://www.bybit.com/en-US/invite?ref=R9LRY2
https://www.tradingview.com/u/vnvntkfka/,,,,
https://www.tradingview.com/u/MUMURING/,,,,
https://www.tradingview.com/u/MIN-E/,,,,
https://www.tradingview.com/u/Michael_Na/,,,https://twitter.com/NaHS_Michael,
https://www.tradingview.com/u/Spearman-Chuck/,,,,
https://www.tradingview.com/u/sara_it_ne/,,,,
https://www.tradingview.com/u/dkrkskqk0404/,,,,
https://www.tradingview.com/u/pixg1990/,,,,
https://www.tradingview.com/u/Pro3TP/,,,,
https://www.tradingview.com/u/triangle_Na/,,,,
https://www.tradingview.com/u/ZERO4X/,,,,
https://www.tradingview.com/u/Hennessy_/,,,,â— Hennessy á„€á…­á„‹á…²á†¨&á„€á…ªá†«á„Œá…¥á†· á„á…¦á†¯á„…á…¦á„€á…³á„…á…¢á†·á„‡á…¡á†¼ : https://t.me/Hennessy_Chart\nâ— Hennessy á„†á…®á†«á„‹á…´&á„Œá…¡á†¸á„ƒá…¡á†·á„‡á…¡á†¼ : https://t.me/hennessy_qna\nâ— Hennssy_í˜„ë¬¼ì‹œê·¸ë„ë°©(í…ŒìŠ¤íŠ¸)\nhttps://t.me/HennessySpot\nâ— Hennessy_ì§€í‘œ á„‰á…µá†«á„á…¥á†¼á„‰á…¥ á„Œá…¡á†¨á„‰á…¥á†¼á„’á…¡á„€á…µ : https://forms.gle/Ye1HEfWiSCssckUT7
https://www.tradingview.com/u/ende52627/,,,,
https://www.tradingview.com/u/Ch1211/,,,,
https://www.tradingview.com/u/TOMHARDDY/,,,,
https://www.tradingview.com/u/susim100m/,,,,
https://www.tradingview.com/u/Rimru/,,,,
https://www.tradingview.com/u/sungazua1/,,,,
https://www.tradingview.com/u/Downy90/,,,,
https://www.tradingview.com/u/InnerPeace_s/,,,,
https://www.tradingview.com/u/eunswiry/,,,,
https://www.tradingview.com/u/ho8320/,,,,
https://www.tradingview.com/u/MR_Onchain/,,https://www.youtube.com/channel/UCCh9QK9mDjChCqmaDW7k9vA,,
https://www.tradingview.com/u/jangjae23/,,,,
https://www.tradingview.com/u/SEMIN_/,,,,
https://www.tradingview.com/u/Wave_HAN/,,,,
https://www.tradingview.com/u/wnsrb3308/,,,,
https://www.tradingview.com/u/candlestickkiller/,,,,
https://www.tradingview.com/u/SEMOYA/,,,,
https://www.tradingview.com/u/adoll/,,,https://twitter.com/yczCi81H1izgtwj,
https://www.tradingview.com/u/HUSH_TRADING/,,,,
https://www.tradingview.com/u/absolutefive/,,,,
https://www.tradingview.com/u/Ribo_/,,,,
https://www.tradingview.com/u/RICHGANGG/,,,,
https://www.tradingview.com/u/jungcoin/,,,,
https://www.tradingview.com/u/Arvin-/,,,,
https://www.tradingview.com/u/Goldigo/,,,,
https://www.tradingview.com/u/wndhksdl1029/,,,,
https://www.tradingview.com/u/south3/,,,,
https://www.tradingview.com/u/ripka3637/,,,,
https://www.tradingview.com/u/Anthas/,,,,
https://www.tradingview.com/u/gustjr3031/,,,,
https://www.tradingview.com/u/dogeman00/,,,,
https://www.tradingview.com/u/Mart_Kwain/,,,,
https://www.tradingview.com/u/gwg9802/,,,,
https://www.tradingview.com/u/JewJewJew/,,,,Wizard
https://www.tradingview.com/u/shortorlongpuning/,,,,
https://www.tradingview.com/u/Edg2/,http://mjqbtc.com/channel,https://www.youtube.com/channel/UCRUSSwW_4eUsSuNJBn_gLlQ,https://twitter.com/DHKIMcrypto,ê³µê°œ ì±„ë„ http://mjqbtc.com/channel\nê³µê°œ ëŒ€í™”ë°© http://mjqbtc.com/chat\në°”ì´ë‚¸ìŠ¤ ì„ ë¬¼ ìˆ˜ìˆ˜ë£Œ í• ì¸ë°›ê¸°\nhttp://mjqbtc.com/binance
https://www.tradingview.com/u/fishOver/,,,,
https://www.tradingview.com/u/GiMorning/,,,,
https://www.tradingview.com/u/sanggutv/,,https://www.youtube.com/channel/UCD-gp_2I0MAwhFqf0fbUCqA,https://twitter.com/sanggutv,
https://www.tradingview.com/u/CryptoFAKER/,,,,
https://www.tradingview.com/u/parkjp/,,,,
https://www.tradingview.com/u/coingeniuss/,,,,
https://www.tradingview.com/u/kimnaong/,,,,
https://www.tradingview.com/u/Elord/,,,,
https://www.tradingview.com/u/Metashoe/,,,,
https://www.tradingview.com/u/Soulmate7/,,,https://twitter.com/coinmaster2761,
https://www.tradingview.com/u/Fore_Grim/,,,,
https://www.tradingview.com/u/beaya0323/,,,https://twitter.com/BPNaWwgf1KAGN9m,
https://www.tradingview.com/u/beetterfly/,,,,
https://www.tradingview.com/u/rmfkfltm12/,,,,
https://www.tradingview.com/u/ANNKO-MOCHI/,,,,
https://www.tradingview.com/u/psycoback/,,,,
https://www.tradingview.com/u/jhko80/,,,,
https://www.tradingview.com/u/jaean571/,,,https://twitter.com/pkm10004,
https://www.tradingview.com/u/BITCOIN_CRAZY/,,,,
https://www.tradingview.com/u/CHA_DANTAE/,,https://www.youtube.com/channel/UCRxoc_l725AlZbwHdL3_F5Q,https://twitter.com/sanglyugjagjeon,
https://www.tradingview.com/u/Bullish96/,,https://www.youtube.com/channel/UCDa0sz_PLOmpbOYEy2nZf1w,,
https://www.tradingview.com/u/comma_kr/,,,https://twitter.com/comma_kr,
https://www.tradingview.com/u/CameLone/,,,,
https://www.tradingview.com/u/cycho95/,,,,
https://www.tradingview.com/u/FRONTMAN_/,,,,ê³µë¶€ë°© : https://open.kakao.com/o/guqE7XOd\r\n1:1 ë¬¸ì˜(ë ˆí¼ëŸ´/íŒŒíŠ¸ë„ˆ) : https://open.kakao.com/o/s5pSCrPd\r\n[ë¹„íŠ¸ê²Ÿ ê°€ì…] ìˆ˜ìˆ˜ë£Œ 50% í• ì¸\r\nëª¨ë°”ì¼ : https://partner.bitget.com/bg/eeIB7z\r\nPC : https://partner.bitget.com/bg/fyqaQb
https://www.tradingview.com/u/Challenge_now/,https://t.me/challenge_2021,,,ì£¼ìš” ì½”ë©˜íŠ¸ https://t.me/challenge_2021
https://www.tradingview.com/u/happistence/,,,,
https://www.tradingview.com/u/goinone/,,,,ì¸ìƒ ëˆŒë¦¼ëª© ì§„í–‰ì¤‘
https://www.tradingview.com/u/Btc_st/,,,,
https://www.tradingview.com/u/UnknownUnicorn31534876/,,,,
https://www.tradingview.com/u/cHorse710/,,,,
https://www.tradingview.com/u/CLICKTOEARN/,,,,
https://www.tradingview.com/u/bjini/,,,,
https://www.tradingview.com/u/blacksaltdragon/,,,,
https://www.tradingview.com/u/kv323/,,,,
https://www.tradingview.com/u/Youtube_TimeOut/,https://t.me/+VPLmywP9KnzQ8A2x,https://www.youtube.com/channel/UCksVD4EQEpj0jRWL3_dnWHg,,í…”ë ˆê·¸ë¨ë°© https://t.me/+VPLmywP9KnzQ8A2x
https://www.tradingview.com/u/andantino/,,,,
https://www.tradingview.com/u/STmental/,,https://www.youtube.com/channel/UCKsVv4mvbFE4S6drzSYD-kg,,
https://www.tradingview.com/u/eren835/,,,,
https://www.tradingview.com/u/murubi/,,,,
https://www.tradingview.com/u/Wow_woW/,,,,
https://www.tradingview.com/u/bitnam_/,,https://www.youtube.com/channel/UC_oveSEBvhbDEzG2kAZKBtQ,,
https://www.tradingview.com/u/coinornothing/,,,,
https://www.tradingview.com/u/redgore/,,,,
https://www.tradingview.com/u/caliber501/,,,,
https://www.tradingview.com/u/CRYPTO-FS/,,,,
https://www.tradingview.com/u/YONSEI-007/,,,https://twitter.com/dd0798,
https://www.tradingview.com/u/rstar016/,,,,
https://www.tradingview.com/u/CR33333/,,,,
https://www.tradingview.com/u/hostnaid/,,,,
https://www.tradingview.com/u/CHADONAM/,,,,
https://www.tradingview.com/u/dooroomee/,,,,
https://www.tradingview.com/u/Crom44/,,https://www.youtube.com/channel/UCtw2gzqu1voYKy_JPQC0kXQ,,
https://www.tradingview.com/u/DaYoonPAPA/,,,https://twitter.com/Kjfd3291,
https://www.tradingview.com/u/CHACHA_/,,,,
https://www.tradingview.com/u/KoreanSexking/,,,,
https://www.tradingview.com/u/SonnySon34/,,,,
https://www.tradingview.com/u/traderBT/,,,,
https://www.tradingview.com/u/mococo_/,,,,
https://www.tradingview.com/u/riseriserise/,,,,
https://www.tradingview.com/u/EDOINVESTMENT/,,,,
https://www.tradingview.com/u/valkyrie42/,,,,
https://www.tradingview.com/u/Coin_Crane/,https://t.me/coincrane,https://www.youtube.com/channel/UCK_5MFYiyql3wyrayQzebeA,https://twitter.com/Coin_Crane,ğŸ“•í¬ë ˆì¸ë´‡ ì‹œê·¸ë„ë´‡ [í…”ë˜ê·¸ë¨]ğŸ“•\r\nhttps://t.me/coincrane\r\n\r\nğŸ“—ì½”ì¸í¬ë ˆì¸ [ìœ íŠ¸ë¸Œ]ğŸ“—\r\nhttps://www.youtube.com/channel/UCK_5MFYiyql3wyrayQzebeA\r\n\r\nğŸ˜„ë°”ì´ë‚¸ìŠ¤ í‰ìƒ ìˆ˜ìˆ˜ë£Œ 10% í• ì¸ğŸ˜„\r\nhttps://accounts.binance.com/en/register?ref=BV22ZTG7\r\n(í¬ë ˆì¸ë´‡ì€ ë°”ì´ë‚¸ìŠ¤ ê¸°ì¤€ìœ¼ë¡œ ì‹œê·¸ë„ì´ ë°œìƒí•©ë‹ˆë‹¤.)
https://www.tradingview.com/u/aotodE/,,,,
https://www.tradingview.com/u/bingo4593/,,,,
https://www.tradingview.com/u/dls7088/,,,,
https://www.tradingview.com/u/bypp/,,,,
https://www.tradingview.com/u/InSTAR81/,,,https://twitter.com/InSTAR_81,
https://www.tradingview.com/u/fkxl/,,,,
https://www.tradingview.com/u/jaeggue/,,,,
https://www.tradingview.com/u/IAM_KM_/,,,,
