https://www.tradingview.com/u/ForecastCity_Francais/,https://ForecastCity.com/fr,https://www.youtube.com/channel/UCT8kywKhwSITanAnurL5L8Q,https://twitter.com/ForecastCity_FR,"PrÃ©visions ultra prÃ©cises pour\nðŸŒŸ36 paires du Forex:gains enregistrÃ©s de 1.010.346 pips\nðŸŒŸ95Â cryptos\nðŸŒŸOr,pÃ©trole\nðŸŒŸLes stratÃ©gies de trading les plus rentables\nen neuf langues\ndepuis 2007\nwww.ForecastCity.com/fr\nðŸŒŸFREE Telegram: www.t.me/ForecastCity_FR"
https://www.tradingview.com/u/chemaamokhtar26052000/,,,,
https://www.tradingview.com/u/Yannick1961/,,https://www.youtube.com/channel/UC78VKjGWsFoKRq81RBRruEA,https://twitter.com/colinet9,
https://www.tradingview.com/u/saifatortv78/,,https://www.youtube.com/channel/UCsVB4b8j57wIJ9e_lvUMcIg,https://twitter.com/saif78170,
https://www.tradingview.com/u/OptimistPrice/,,,,
https://www.tradingview.com/u/WIN-FX/,,https://www.youtube.com/channel/UChoCr2CRKRN_LDRnVNK4PpQ,,
https://www.tradingview.com/u/RedOnee/,,,,
https://www.tradingview.com/u/Halis-GESTION/,,,,
https://www.tradingview.com/u/MALILI-MBUYI/,,https://www.youtube.com/channel/UC5ezTLkwg69CIO2sUPkSpGg,https://twitter.com/Malilimbuyi,
https://www.tradingview.com/u/FabFx/,,,,
https://www.tradingview.com/u/HamTag/,,,,
https://www.tradingview.com/u/mikevtc91574/,,,,
https://www.tradingview.com/u/brumelaure/,,,,
https://www.tradingview.com/u/JON_/,,,,
https://www.tradingview.com/u/FRsalv/,,,,
https://www.tradingview.com/u/MOHAMED-HAMDAN/,,,,
https://www.tradingview.com/u/Doji61/,,,https://twitter.com/xnv61,
https://www.tradingview.com/u/tcelhassane228/,,,,
https://www.tradingview.com/u/Chadii07/,,,,
https://www.tradingview.com/u/paulalainleger/,,,,
https://www.tradingview.com/u/Johannes-GOUDOU/,https://kik-market.com,,,https://t.me/Kikmarket
https://www.tradingview.com/u/mido153/,,,,
https://www.tradingview.com/u/ATLASS25/,,,,
https://www.tradingview.com/u/Nihm/,,,,
https://www.tradingview.com/u/NERON59/,,,,
https://www.tradingview.com/u/KingHamma/,https://t.me/lesbonstraders,https://www.youtube.com/channel/UCiuVIcsylWfTyGBHRZ5t2Yw,,M'hamed\r\n\r\nCanal Telegram : https://t.me/lesbonstraders\r\n\r\nSite Web : https://www.lesbonstraders.com/
https://www.tradingview.com/u/shekinahsandh/,,,,
https://www.tradingview.com/u/Alienblanc/,,,,
https://www.tradingview.com/u/lionelsteve/,,,,
https://www.tradingview.com/u/S-I-D_TRADING/,,https://www.youtube.com/channel/UCUEWeDS8Fp-vBELoqbTJxDQ,https://twitter.com/@AzouaghSid,
https://www.tradingview.com/u/Zamagor/,,,,
https://www.tradingview.com/u/riccicommenina/,,,,
https://www.tradingview.com/u/TraderSquareND/,,,https://twitter.com/tradersquareoff,"BÃ©nÃ©ficiez de plus dâ€™analyses et de signaux de trading, rejoignez nous sur :\n\nâ‡¨ Discord : https://discord.gg/tradersquare\nâ‡¨ Twitter : https://twitter.com/tradersquareoff"
https://www.tradingview.com/u/gb_933/,,,https://twitter.com/AGTrading_,
https://www.tradingview.com/u/ebusiness11/,,https://www.youtube.com/channel/UCUd0gKKW8hzOw1rBAMa-QCA,,
https://www.tradingview.com/u/khalfihoussameddine/,,,,
https://www.tradingview.com/u/Trade-tricks/,,,https://twitter.com/Tliness1,
https://www.tradingview.com/u/O2A_Capital_Trading/,,,https://twitter.com/CapitalO2a,Free Telegram Canal: https://t.me/O2A_Capital_Trading\r\nAll our publications are forecasting ideas
https://www.tradingview.com/u/V2V45AMG/,https://t.me/V2V45AMG,,https://twitter.com/REALV2V45AMG,
https://www.tradingview.com/u/junior_idan/,,,,
https://www.tradingview.com/u/ABOUtrading31/,,,,
https://www.tradingview.com/u/TraderProcessus/,,,,
https://www.tradingview.com/u/LoEmBGT/,,,,
https://www.tradingview.com/u/Alexis_Dlcrt/,,,https://twitter.com/Alexis_Dlcrt08,
https://www.tradingview.com/u/yacinus/,,,,
https://www.tradingview.com/u/Tr_Flow/,,,,
https://www.tradingview.com/u/adrc13820/,,,,
https://www.tradingview.com/u/Betrox07/,,,,
https://www.tradingview.com/u/miaritia34/,,,,
https://www.tradingview.com/u/Soleyam/,,,https://twitter.com/Soleyam_asset,
https://www.tradingview.com/u/actualIguana34592/,,,,
https://www.tradingview.com/u/AlexLFB/,,,https://twitter.com/AlexLFB_,
https://www.tradingview.com/u/GhostInTheShelll/,,,https://twitter.com/GH0STinTheShelI,
https://www.tradingview.com/u/smith95youssef/,,,,
https://www.tradingview.com/u/Juniortrxde11/,,,,
https://www.tradingview.com/u/tokepiks/,,,,
https://www.tradingview.com/u/Predajo/,,https://www.youtube.com/channel/UCSpAu8o10kvqMgq-XX8lr-w,https://twitter.com/Predajo_,
https://www.tradingview.com/u/Le_Boa/,,,https://twitter.com/PPougne,
https://www.tradingview.com/u/belkhairi6/,,,,
https://www.tradingview.com/u/CradleyBooper/,,,,
https://www.tradingview.com/u/Boule2Crypto/,,,https://twitter.com/Boule2Crypto,
https://www.tradingview.com/u/Axelle08/,,,,
https://www.tradingview.com/u/kitiulrichcamel/,,,,
https://www.tradingview.com/u/Omael/,,,https://twitter.com/Omael21,
https://www.tradingview.com/u/ASSAKHEN/,,,https://twitter.com/ASSANUX,
https://www.tradingview.com/u/zeroualimourad/,,,https://twitter.com/zeroualimourad1,
https://www.tradingview.com/u/PyrrhusHeracleedeLucanie/,,,https://twitter.com/sissa_8,
https://www.tradingview.com/u/cryptodamsi/,,,,
https://www.tradingview.com/u/nat13894/,,,https://twitter.com/@ichimokunat,
https://www.tradingview.com/u/forexkillerclub/,,https://www.youtube.com/channel/UC9DNKls0f12Oc9NrlssziPw,,
https://www.tradingview.com/u/chaabaneab3/,,,,
https://www.tradingview.com/u/Theveritablepikachu/,,,,
https://www.tradingview.com/u/GoldenTraders17/,,,,
https://www.tradingview.com/u/Jakuub_/,,,,
https://www.tradingview.com/u/Elliott_Wave_Analysis_France/,,https://www.youtube.com/channel/UCNKjlncbZCzZAsQ1I5PHwrg,https://twitter.com/AnalysisElliott,Notre chaÃ®ne YouTube :\nhttps://www.youtube.com/c/ElliottWaveAnalysisFrance\nDiscord : https://discord.gg/CBxEyNnyzb
https://www.tradingview.com/u/MTIZAOUI/,,,,
https://www.tradingview.com/u/papichami/,,,,
https://www.tradingview.com/u/legiptien29/,,,https://twitter.com/TexTrader29,
https://www.tradingview.com/u/LarryHassan/,,,,
https://www.tradingview.com/u/GoldmanSats/,,,https://twitter.com/workmansats,
https://www.tradingview.com/u/yann_phineas_/,,,https://twitter.com/YannPhineas,
https://www.tradingview.com/u/yan13350/,,,,
https://www.tradingview.com/u/AntoTradingSafe/,,,,
https://www.tradingview.com/u/tradersbullbear/,,,https://twitter.com/TajanDamien,
https://www.tradingview.com/u/AHMEDTARIK/,,,,
https://www.tradingview.com/u/alex-91/,,,,
https://www.tradingview.com/u/YVNNx/,,,,
https://www.tradingview.com/u/ThonyDuciel/,,https://www.youtube.com/channel/UCRoVis8Ss1yiiIj9avzkIOg,https://twitter.com/ThonyDuciel,
https://www.tradingview.com/u/Laurent-BUISSON/,,,,
https://www.tradingview.com/u/OLAV-marketvision/,,,,
https://www.tradingview.com/u/josuancalde/,,,,
https://www.tradingview.com/u/jimux/,,,,
https://www.tradingview.com/u/LexaMoonCrypto/,,,https://twitter.com/lexaMoon_crypto,
https://www.tradingview.com/u/JulianF07/,,,https://twitter.com/buzz_julien,
https://www.tradingview.com/u/HichamTheWizard/,,,,
https://www.tradingview.com/u/MaDudeTrade/,,,,
https://www.tradingview.com/u/etidia/,http://www.etidia.com,https://www.youtube.com/channel/UCn0eNyvHYh0FY8WAiJJ2hZA,https://twitter.com/EtidiaC,www.etidia.com
https://www.tradingview.com/u/Ironman8848/,https://ironman8848.com,,https://twitter.com/Ironman88481,www.ironman8848.com\r\nhttps://t.me/ironman8848JPB
https://www.tradingview.com/u/bousualefmohamedali/,,,,
https://www.tradingview.com/u/milongomiak/,,,,
https://www.tradingview.com/u/Gold-Master/,,https://www.youtube.com/channel/UCyz8tR15Ezwd3kZaOyEoRyg,https://twitter.com/Mr_Relwende,
https://www.tradingview.com/u/aaronndoungue/,,,,
https://www.tradingview.com/u/b612/,,,https://twitter.com/b612_trading,
https://www.tradingview.com/u/DeAlpha/,,,,
https://www.tradingview.com/u/mbltrader34/,,,,
https://www.tradingview.com/u/lcourni/,,,https://twitter.com/_lo_zero_,
https://www.tradingview.com/u/massiveFish65296/,,,,
https://www.tradingview.com/u/takemga/,,,,
https://www.tradingview.com/u/zo-abdel/,,,https://twitter.com/zo_abdel,
https://www.tradingview.com/u/cryptomillionnaire/,,,https://twitter.com/CryptoTeamn,Cryptoteamn suivez nous sur Tweeter et Telegram des Analyses techniques gratuite et venez dÃ©battre ou partager votre sciences avec la team.\n\nAberto a malta portugaise\nAbierto a la malta espagnola ðŸ¥³ðŸ¥³ðŸ¥³
https://www.tradingview.com/u/fdeltenr/,,,https://twitter.com/D_CONSULING,
https://www.tradingview.com/u/Chicitosky/,,,,
https://www.tradingview.com/u/siberYS/,,,,
https://www.tradingview.com/u/badinahassan/,,,,
https://www.tradingview.com/u/maniacotrading/,,,https://twitter.com/ManiacoTrading,
https://www.tradingview.com/u/Arcane_/,,,https://twitter.com/ArcaneCrypt0,
https://www.tradingview.com/u/Trad06/,,,,
https://www.tradingview.com/u/Zilly60/,,,https://twitter.com/@Zilly60F,
https://www.tradingview.com/u/ELKHAYARI/,,,,
https://www.tradingview.com/u/BenKingBinks/,,,https://twitter.com/BenjaminFaccin,
https://www.tradingview.com/u/abdewac45/,,,,
https://www.tradingview.com/u/NKINN/,,,,
https://www.tradingview.com/u/leclercqa33/,,,,
https://www.tradingview.com/u/howaryu/,,,,
https://www.tradingview.com/u/forexsouhilmessaoudi/,,,,
https://www.tradingview.com/u/MatheoDream/,,,,
https://www.tradingview.com/u/Dydy05/,,,https://twitter.com/DylanClerc5,
https://www.tradingview.com/u/planete_trade/,,,,
https://www.tradingview.com/u/IvsWolf/,,,https://twitter.com/TavaresBarrosI4,
https://www.tradingview.com/u/mabiven/,,,,
https://www.tradingview.com/u/sweetmoneeyf/,,,,
https://www.tradingview.com/u/wwwpidiotchede/,,,,
https://www.tradingview.com/u/matteoth/,,,,
https://www.tradingview.com/u/mamos/,,https://www.youtube.com/channel/UCYUHmXISL1JyTudrPRaUHBg,,
https://www.tradingview.com/u/Caluminium/,,,,
https://www.tradingview.com/u/SAIDTAZI/,,,,
https://www.tradingview.com/u/Damo5444/,,,,
https://www.tradingview.com/u/mouad92/,,,https://twitter.com/Moutrad0,
https://www.tradingview.com/u/jak79000/,,,,
https://www.tradingview.com/u/YohannTrad-Crypto/,,,,
https://www.tradingview.com/u/Joueur3075/,,,,
https://www.tradingview.com/u/zombreezechiel/,,,,
https://www.tradingview.com/u/Prince_Mlamali/,,,,
https://www.tradingview.com/u/FOREXMANPRO/,,,,
https://www.tradingview.com/u/GHz199/,,,,
https://www.tradingview.com/u/ouimaisbon/,,,,
https://www.tradingview.com/u/PlacideArmel/,,https://www.youtube.com/channel/UCT12FCYHTuX4Td6cq31T8SQ,https://twitter.com/ArmelBeh,
https://www.tradingview.com/u/castorman87/,,,https://twitter.com/fonzi_francesco,
https://www.tradingview.com/u/AloeFRX/,https://trademeaway.fr/,,,ðŸ’Ž Free SMC Signals (minimum 10 RR)\r\nhttps://t.me/SniprTrade\r\n\r\nðŸ¥‡ Premium Crypto Signals\r\nhttps://bit.ly/32MqvDh
https://www.tradingview.com/u/cfbagnoud/,,,,
https://www.tradingview.com/u/Estiverne/,,,,
https://www.tradingview.com/u/Nekako/,,,,
https://www.tradingview.com/u/Salam2002/,,https://www.youtube.com/channel/UCB4lJMXdKYzIm0PPf99XwBQ,https://twitter.com/ADANDOSSESSISa2,
https://www.tradingview.com/u/NorbertTradeurdebut/,,,,
https://www.tradingview.com/u/Faforo/,,,,
https://www.tradingview.com/u/Ali-Enajfx/,,,,
https://www.tradingview.com/u/burrowsmarc95/,,,,
https://www.tradingview.com/u/Pax24/,,,https://twitter.com/Pax24,
https://www.tradingview.com/u/Elyanc/,,,,
https://www.tradingview.com/u/olivier52023/,,,,
https://www.tradingview.com/u/Eudehfo/,,,,
https://www.tradingview.com/u/federalOatmeal29947/,,,,
https://www.tradingview.com/u/brawx_zerr/,,,,
https://www.tradingview.com/u/ranixe/,,,,
https://www.tradingview.com/u/Le-tradeur-de-fortune-and-co/,,,,
https://www.tradingview.com/u/kouamekouadiocedric09/,,,,
https://www.tradingview.com/u/EL_DOCTOR/,,,https://twitter.com/the_corbeau,
https://www.tradingview.com/u/ludopro45/,,,,
https://www.tradingview.com/u/CALLOFNONO/,,,,
https://www.tradingview.com/u/Baby2n/,,,,
https://www.tradingview.com/u/Mlasry/,,,https://twitter.com/MarouaneLy,
https://www.tradingview.com/u/BestOfSignals/,,,https://twitter.com/Bestofsignals,
https://www.tradingview.com/u/ikezer/,,,https://twitter.com/azertyuiip06,
https://www.tradingview.com/u/YoannDelaloy/,,https://www.youtube.com/channel/UCmhtJbvIpVwFERD9XZYwQmw,https://twitter.com/@Delaloy3,
https://www.tradingview.com/u/matriri13/,,,,
https://www.tradingview.com/u/Baylo_Diallo/,,,,
https://www.tradingview.com/u/Reda-13/,,,,
https://www.tradingview.com/u/bibsz/,,,https://twitter.com/bibszkham,
https://www.tradingview.com/u/pilote51/,,,,
https://www.tradingview.com/u/yanis974/,,,,
https://www.tradingview.com/u/wendyam_/,,,https://twitter.com/wendyam80,
https://www.tradingview.com/u/kouis/,,,,
https://www.tradingview.com/u/Profphil/,,,https://twitter.com/MaitrePhilippos,
https://www.tradingview.com/u/Thomassamoht/,,,,
https://www.tradingview.com/u/kanafabien/,,,https://twitter.com/kanafabien,
https://www.tradingview.com/u/mouhcine96/,,,,
https://www.tradingview.com/u/jeesay/,,,,
https://www.tradingview.com/u/gorotrading0398/,,,,
https://www.tradingview.com/u/thierry53/,,,https://twitter.com/Thierry533,
https://www.tradingview.com/u/benjmehdi/,,,,
https://www.tradingview.com/u/Zanth/,,,,
https://www.tradingview.com/u/kevin40752/,,,,
https://www.tradingview.com/u/mickaellouis149/,,,https://twitter.com/themickofficial,
https://www.tradingview.com/u/Matt0588/,,,,
https://www.tradingview.com/u/Ramao/,,,,
https://www.tradingview.com/u/PATINAUD/,,,,
https://www.tradingview.com/u/Tanyatbe/,,,,
https://www.tradingview.com/u/zoulebou1/,,,,
https://www.tradingview.com/u/Romugo/,,,https://twitter.com/RomainUGO,
https://www.tradingview.com/u/keechi/,,,,
https://www.tradingview.com/u/sq7rt/,,,,
https://www.tradingview.com/u/maevavdt/,,,,
https://www.tradingview.com/u/Jofbec/,,,https://twitter.com/LaplancheaB,
https://www.tradingview.com/u/PRECY-/,,,,
https://www.tradingview.com/u/KotinosFree/,,,https://twitter.com/KotinosFree,
https://www.tradingview.com/u/Lagard_Fred/,,,,
https://www.tradingview.com/u/HoodlumFR/,,,,
https://www.tradingview.com/u/LOUISDLF/,,,,
https://www.tradingview.com/u/MalikOfCrypto/,,,https://twitter.com/CryptoHustlerFr,
https://www.tradingview.com/u/amichimoku/,,,https://twitter.com/Lzdokk,
https://www.tradingview.com/u/tonton_crypto/,,,https://twitter.com/Jack93Ton,
https://www.tradingview.com/u/Inchartwetrust/,,,https://twitter.com/yassineabehri1,
https://www.tradingview.com/u/ATM_Trading/,,,,
https://www.tradingview.com/u/marcomarouane/,,,,
https://www.tradingview.com/u/bmp91/,,,,
https://www.tradingview.com/u/nonobdx/,https://marketreader.fr,,https://twitter.com/reader_market,Apprendre la mÃ©thode: \r\nhttps://discord.gg/b7YGtY2\r\nSite internet: https://marketreader.fr/\r\nChaine Youtube : https://www.youtube.com/channel/UC-a7p8DkfbDM6ONrTzsaErA?view_as=subscriber
https://www.tradingview.com/u/tradercongolais/,,,https://twitter.com/barack_kasongo3,
https://www.tradingview.com/u/Opti-Trading/,,,,
https://www.tradingview.com/u/Sniptrader-fr/,,,,
https://www.tradingview.com/u/nadonadonado/,,,,
https://www.tradingview.com/u/kingzer10/,,,,
https://www.tradingview.com/u/mariemanon/,,,,
https://www.tradingview.com/u/Ladrun/,,https://www.youtube.com/channel/UCuXgThwkFpefb41aKWKqrOw,https://twitter.com/Cryptolyze_tek,
https://www.tradingview.com/u/kemeca/,,,https://twitter.com/KemecaForex,
https://www.tradingview.com/u/louis-svon/,,,,
https://www.tradingview.com/u/Php512/,,,,
https://www.tradingview.com/u/abdessamadfx/,,,,
https://www.tradingview.com/u/Chekoss/,,,,
https://www.tradingview.com/u/dreboa07/,,,,
https://www.tradingview.com/u/Gilles_sama/,,,,
https://www.tradingview.com/u/chialoper007/,,,,
https://www.tradingview.com/u/guidjone/,,,,
https://www.tradingview.com/u/amusedDog55031/,,,,
https://www.tradingview.com/u/Amiral_Crypto/,,,https://twitter.com/amiral_crypto,
https://www.tradingview.com/u/bouajilay/,,,,
https://www.tradingview.com/u/sakroufghamam/,,https://www.youtube.com/channel/UCZzMwfmPDg95nPDVBRyN1JQ,https://twitter.com/SAK_Assets,
https://www.tradingview.com/u/Anasstrading/,,,,
https://www.tradingview.com/u/benjamingervy/,,,,
https://www.tradingview.com/u/Steeven007/,,,,
https://www.tradingview.com/u/aittoudertkevin/,,,,
https://www.tradingview.com/u/sebonline/,,,https://twitter.com/sebonline2,
https://www.tradingview.com/u/Tonio34420/,,,,
https://www.tradingview.com/u/astre_ts/,,,https://twitter.com/astre_ts,"Follow @astre_ts for more informations.\r\nContact, assistance & freetrial at telegram / tradingview !"
https://www.tradingview.com/u/theobe/,,,,
https://www.tradingview.com/u/pleasantMeerka95942/,,,,
https://www.tradingview.com/u/sensey_fx/,,,,
https://www.tradingview.com/u/SAMSALIH/,,,,
https://www.tradingview.com/u/gbstrading/,,,,
https://www.tradingview.com/u/theopistolet66/,,,,
https://www.tradingview.com/u/elozmane/,,,,
https://www.tradingview.com/u/xgrd/,,,,
https://www.tradingview.com/u/tgerme_pro/,,,https://twitter.com/Germain61229135,
https://www.tradingview.com/u/wizzas/,,,,
https://www.tradingview.com/u/Rey2010/,,,,
https://www.tradingview.com/u/dongop21/,,,https://twitter.com/oyono_philippe,
https://www.tradingview.com/u/bienvenue918/,,,,
https://www.tradingview.com/u/luckyEagle82262/,,,,
https://www.tradingview.com/u/osfmsmart/,,,,
https://www.tradingview.com/u/Shooter407/,,,,
https://www.tradingview.com/u/Seymath/,,,,@seymath__
https://www.tradingview.com/u/alfakilo47/,,,,
https://www.tradingview.com/u/davismbielo/,,,,
https://www.tradingview.com/u/SAV-TRADING/,,,,
https://www.tradingview.com/u/Flx-/,,,,
https://www.tradingview.com/u/blissfulEagle79499/,,,,
https://www.tradingview.com/u/The-tradermate/,,https://www.youtube.com/channel/UCmwvOg-9BVaq5VN9XPb1yYg,,
https://www.tradingview.com/u/HectorMentor/,,,https://twitter.com/HectorMentor3,
https://www.tradingview.com/u/ashot642006/,,,,
https://www.tradingview.com/u/Antoine-Diabolo/,,,https://twitter.com/Antoine_trading,
https://www.tradingview.com/u/Djil76/,,,https://twitter.com/djil76,
https://www.tradingview.com/u/IchimokuKhalid/,https://ichimokuacademy.com,https://www.youtube.com/channel/UCHhY30CdkSewjCnDYCwg1xQ,https://twitter.com/KhaliBOUZIDI,https://ichimokuacademy.com\r\nVolez de vos propres ailes !
https://www.tradingview.com/u/gamesoftroll/,,,https://twitter.com/RegisRisrok,
https://www.tradingview.com/u/CyrilleCKM/,,,,
https://www.tradingview.com/u/yakoubi/,,,https://twitter.com/AchrefYakoubi,
https://www.tradingview.com/u/Roro01/,,,,
https://www.tradingview.com/u/KilleurB/,,,,
https://www.tradingview.com/u/BadNeth/,,,,
https://www.tradingview.com/u/Traderdu24/,,,,
https://www.tradingview.com/u/SultanSango87/,,,,
https://www.tradingview.com/u/ErdohanTakeProfit/,,,,
https://www.tradingview.com/u/ogodest/,,,,
https://www.tradingview.com/u/MouradPhd/,,,,
https://www.tradingview.com/u/Thomas7986/,,,,
https://www.tradingview.com/u/jejeez/,,,,
https://www.tradingview.com/u/Strader_fx/,,,,
https://www.tradingview.com/u/TLF01/,,,,
https://www.tradingview.com/u/Fgael56/,,,https://twitter.com/FinotGael,
https://www.tradingview.com/u/Bazard/,,,,"\""Attendre d'en savoir assez pour agir en toute lumiÃ¨re, c'est se condamner Ã  l'inaction - Jean Rostand\"""
https://www.tradingview.com/u/ant00e/,,,,
https://www.tradingview.com/u/Tabaa/,,,,
https://www.tradingview.com/u/samosarti/,,,,
https://www.tradingview.com/u/scoutplayer12/,,,,
https://www.tradingview.com/u/Investir-Business/,,https://www.youtube.com/channel/UCeD9QlJ6_tm4XSetSy1ZXmQ,,
https://www.tradingview.com/u/thedarkwad/,,,,
https://www.tradingview.com/u/NSCTFX/,,https://www.youtube.com/channel/UCJK89Cs6fdNkLDySJJ8TdZQ,,
https://www.tradingview.com/u/ianisfo/,,,,
https://www.tradingview.com/u/tradelambdath/,,,,
https://www.tradingview.com/u/Bastout/,,,,
https://www.tradingview.com/u/hichembel22/,,,,
https://www.tradingview.com/u/pestos/,,https://www.youtube.com/channel/UC-s2KxVaixaA4ZORCN8qFuw,https://twitter.com/Pestos06,
https://www.tradingview.com/u/Foulani/,,,,
https://www.tradingview.com/u/ntkns/,,,,
https://www.tradingview.com/u/gabipet/,,,,
https://www.tradingview.com/u/remy50822/,,,,
https://www.tradingview.com/u/Juzinho78/,,,,
https://www.tradingview.com/u/joel_rennaissance_trading/,,,,
https://www.tradingview.com/u/dt59trading/,,,,
https://www.tradingview.com/u/saidouaddari48/,,,,
https://www.tradingview.com/u/elkendoucibadr/,,,https://twitter.com/kenbadr,
https://www.tradingview.com/u/abdaladamiba/,,,,
https://www.tradingview.com/u/faeltoutcourt/,,,,
https://www.tradingview.com/u/Joelsim07/,,,,
https://www.tradingview.com/u/diedone/,,,,
https://www.tradingview.com/u/wideted/,,,,
https://www.tradingview.com/u/Onirai/,,,,
https://www.tradingview.com/u/Aicky92/,,https://www.youtube.com/channel/UCVGgMA5irsIRwCWo99Ly9HA,,
https://www.tradingview.com/u/Same_M/,,,,
https://www.tradingview.com/u/larbi13000/,,https://www.youtube.com/channel/UC9EsrhF82H7ZfgDBWYsYdFg,,
https://www.tradingview.com/u/ZStrader/,,,https://twitter.com/sebastien_z,retrouvez moi sur le Discord Cryptologik pour des Ã©changes autour de l analyse Technique et les concepts de Hosoda
https://www.tradingview.com/u/chouikh/,,,,
https://www.tradingview.com/u/torpille/,,,,
https://www.tradingview.com/u/DonSalluste/,,,https://twitter.com/Yeril,
https://www.tradingview.com/u/gatinhio/,,,https://twitter.com/Gatinho60,
https://www.tradingview.com/u/Luc_Borgeaud/,,,https://twitter.com/BorgeaudLuc,
https://www.tradingview.com/u/Zermitar1/,,,,
https://www.tradingview.com/u/AmosKonan/,,,https://twitter.com/amos9_konan,
https://www.tradingview.com/u/matth05/,,,,
https://www.tradingview.com/u/LaDanze29/,,,,
https://www.tradingview.com/u/AssemYkt/,,,https://twitter.com/el_pharaooon,
https://www.tradingview.com/u/NaTs_trd/,,,,
https://www.tradingview.com/u/jebbtrading85/,,,,
https://www.tradingview.com/u/legende56/,,,https://twitter.com/fougeraygaetan,
https://www.tradingview.com/u/DKTTUN/,,,,
https://www.tradingview.com/u/Jibsy/,,,https://twitter.com/JibsyyL,
https://www.tradingview.com/u/vengentale/,,,,
https://www.tradingview.com/u/emi-r/,,,,
https://www.tradingview.com/u/Chaou_dz/,,,,
https://www.tradingview.com/u/alexonbstudio/,,https://www.youtube.com/channel/UCerEqBJT8YAgTWb9bCaNC4A,https://twitter.com/AlexonbStudio,
https://www.tradingview.com/u/labbranche/,,,,
https://www.tradingview.com/u/lucsonon01/,,,,
https://www.tradingview.com/u/fabb71/,,,,
https://www.tradingview.com/u/lacaille21/,,,https://twitter.com/CailleCrypto,
https://www.tradingview.com/u/Chtaytay/,,,,
https://www.tradingview.com/u/nablaoued/,,,,
https://www.tradingview.com/u/Jobs_tr/,,,https://twitter.com/CryptoJobs3,
https://www.tradingview.com/u/S_T_Trading/,,,https://twitter.com/STTRADINGGOLD,
https://www.tradingview.com/u/adylone/,,,,
https://www.tradingview.com/u/VK_Industry/,,,,
https://www.tradingview.com/u/Leynsse/,,https://www.youtube.com/channel/UCm17YYZTNB7MC9yPFgzIZbw,,
https://www.tradingview.com/u/mahdiezzbidi15/,,,,
https://www.tradingview.com/u/UnknownUnicorn39718499/,,,,
https://www.tradingview.com/u/unconseill/,,,,
https://www.tradingview.com/u/orphean/,,,https://twitter.com/nft_lu6fer,
https://www.tradingview.com/u/TheWolfHunter/,,,https://twitter.com/LeSacDos,
https://www.tradingview.com/u/usthiam/,,,,
https://www.tradingview.com/u/TraderInc1995/,,,,
https://www.tradingview.com/u/hakimoufkir97/,,,,
https://www.tradingview.com/u/RayaneTrc/,,,https://twitter.com/rayanetrc,
https://www.tradingview.com/u/thkarl75/,,,,
https://www.tradingview.com/u/manelfox/,,,,
https://www.tradingview.com/u/Discovery95/,,,https://twitter.com/Kilou_95,
https://www.tradingview.com/u/jupitertrade/,,,,
https://www.tradingview.com/u/smainville69/,,,,
https://www.tradingview.com/u/empathicSwift96591/,,,,
https://www.tradingview.com/u/NoirTrader/,,,,
https://www.tradingview.com/u/Ouari2022/,,,,
https://www.tradingview.com/u/omossa/,,,https://twitter.com/omossanaly,
https://www.tradingview.com/u/Stedy7/,,,https://twitter.com/7stedy,
https://www.tradingview.com/u/Nrik07/,,,,
https://www.tradingview.com/u/nk144/,,,,
https://www.tradingview.com/u/Richnig/,,,,
https://www.tradingview.com/u/Cheikh242/,,,https://twitter.com/Cheikh242,
https://www.tradingview.com/u/creditkarma/,,,,
https://www.tradingview.com/u/fx_shooter/,,,,
https://www.tradingview.com/u/zern50/,,,,
https://www.tradingview.com/u/fx_delta/,,https://www.youtube.com/channel/UCP5Mlhu0sfcDbckoY186iMw,https://twitter.com/Delta73365437,
https://www.tradingview.com/u/Kefger7/,,,,
https://www.tradingview.com/u/tarik7chhaib/,,,https://twitter.com/TChhaib,
https://www.tradingview.com/u/EnerGyZ/,,,,
https://www.tradingview.com/u/Yasssinee34/,,,,
https://www.tradingview.com/u/Z1Paris/,,,,
https://www.tradingview.com/u/ThisisSPARTAAAAAA/,,,,
https://www.tradingview.com/u/jrefregier/,,,,
https://www.tradingview.com/u/pipswess/,,,https://twitter.com/khitiboy,
https://www.tradingview.com/u/JCHinvestor/,,,,
https://www.tradingview.com/u/CryptofxEU/,,https://www.youtube.com/channel/UCkZGjyzGTBoQnFUAnJlfr2g,https://twitter.com/cryptofxpro,
https://www.tradingview.com/u/Wilfried12345/,,,https://twitter.com/wallas96,
https://www.tradingview.com/u/Nox-Fx/,,,https://twitter.com/Noxazer,
https://www.tradingview.com/u/kanange3/,,,,
https://www.tradingview.com/u/AI-trading404/,,,,
https://www.tradingview.com/u/DAYSWINGTRADER/,,https://www.youtube.com/channel/UCieUqpnfvXiUbufJ53R9k_w,,
https://www.tradingview.com/u/moumounis514/,,,,
https://www.tradingview.com/u/vinatier/,,,https://twitter.com/LaurentVinatier,
https://www.tradingview.com/u/Rendom9/,,,,
https://www.tradingview.com/u/Karyu40/,,,,
https://www.tradingview.com/u/finanschool/,,,https://twitter.com/___FinanSchool,
https://www.tradingview.com/u/SLyDL/,,,,
https://www.tradingview.com/u/stefunlive1/,,,,
https://www.tradingview.com/u/Papy_NUMBER_1/,,,,
https://www.tradingview.com/u/Cryptotrading_France/,https://www.cryptoekip.com,https://www.youtube.com/channel/UCqp_8LrmJEPczS3-q_QiN4g,https://twitter.com/cryptoekip1,Discord pour discuter + canal privÃ© : https://discord.gg/fBp2hw5wzN\r\n\r\nAbonnes toi au VIP sur notre site internet : https://www.cryptoekip.com/tothemoon
https://www.tradingview.com/u/Wonkid97/,,,,
https://www.tradingview.com/u/FlorianMOSSLER/,,,,
https://www.tradingview.com/u/Lizardthefantom/,,,https://twitter.com/Lizardthefantom,
https://www.tradingview.com/u/Francice/,,,,
https://www.tradingview.com/u/alyoutraore5551/,,https://www.youtube.com/channel/UCE531lDCv7Ljv9s8HlbA8lw,https://twitter.com/TraorAl20278386,
https://www.tradingview.com/u/HenrionJean1974/,,,,
https://www.tradingview.com/u/SniperT19/,,,,
https://www.tradingview.com/u/cesleweb/,,,,
https://www.tradingview.com/u/Lapetoche/,,,https://twitter.com/MohaxLeFax,
https://www.tradingview.com/u/XavierValiquette01/,,,,
https://www.tradingview.com/u/MIGUEL0607/,,,https://twitter.com/The_Miguel06,
https://www.tradingview.com/u/karimboyssi3/,,,,
https://www.tradingview.com/u/RaphaelP77/,,,,
https://www.tradingview.com/u/laglasseabdellah/,,,,
https://www.tradingview.com/u/stannfydjj/,,,,
https://www.tradingview.com/u/geoffrey_elbaz/,,,,
https://www.tradingview.com/u/Laxma92/,,,,
https://www.tradingview.com/u/leJhaze/,,,,
https://www.tradingview.com/u/matalexi/,,,,
https://www.tradingview.com/u/OrbitalTradingAcademy/,,,,
https://www.tradingview.com/u/timeodelac/,,,,
https://www.tradingview.com/u/Sscalp/,,,https://twitter.com/passion_traders,
https://www.tradingview.com/u/severinouedraogo96/,,,,
https://www.tradingview.com/u/homme66/,,,,
https://www.tradingview.com/u/sana-elwahbi/,,,,
https://www.tradingview.com/u/edgarragde/,,,,
https://www.tradingview.com/u/IlyassTrading/,,,https://twitter.com/Ilyass_BdK,
https://www.tradingview.com/u/ieumai/,,,,
https://www.tradingview.com/u/Totocrypto75/,,,,
https://www.tradingview.com/u/Ananou-Edorh/,,,https://twitter.com/AnanouDavid,
https://www.tradingview.com/u/farhad36/,,,,
https://www.tradingview.com/u/Malksharan/,,,,
https://www.tradingview.com/u/MBATradingSchool/,,,,
https://www.tradingview.com/u/Flolitalo67/,,,,
https://www.tradingview.com/u/alion1/,,,,
https://www.tradingview.com/u/TiagoGomes28/,,,https://twitter.com/xtiago28,
https://www.tradingview.com/u/UnknownUnicorn37768276/,,,,
https://www.tradingview.com/u/Amour_HOUNGBO/,,,,
https://www.tradingview.com/u/Tomtomtom10/,,,,
https://www.tradingview.com/u/Spratix/,,,,
https://www.tradingview.com/u/fab06100/,,,,
https://www.tradingview.com/u/Nillem/,,,https://twitter.com/NillemxAiko,
https://www.tradingview.com/u/mctfinance/,,,https://twitter.com/wonekoumanasse,
https://www.tradingview.com/u/THISMA/,https://discord.gg/XqnN8eueG7,,https://twitter.com/thismatbf,English TELEGRAM: \r\nhttps://t.me/thismatbf\r\n\r\nDiscord French community 2K members :\r\nhttps://discord.gg/XqnN8eueG7
https://www.tradingview.com/u/Luncyan/,,,,
https://www.tradingview.com/u/MonkeyMoney31/,,https://www.youtube.com/channel/UCvMjkwMI9IjwhQ_y5Ab1Elw,https://twitter.com/MonkeyMoney31,
https://www.tradingview.com/u/Yzstalk/,,,,
https://www.tradingview.com/u/viralcartel2021/,,,,
https://www.tradingview.com/u/Lionelagos/,,,,
https://www.tradingview.com/u/monpotejulien/,,,,
https://www.tradingview.com/u/Theavidadollars/,,,https://twitter.com/theavidadollars,
https://www.tradingview.com/u/ARK002/,,,,
https://www.tradingview.com/u/AdventureTraveller/,,,,
https://www.tradingview.com/u/berrimi/,,,,
https://www.tradingview.com/u/DSchiele/,,,,
https://www.tradingview.com/u/Jiwilize/,,,,
https://www.tradingview.com/u/elielukombo45/,,,,
https://www.tradingview.com/u/trixxy13/,,,,
https://www.tradingview.com/u/AlcyoneOrion/,,,,
https://www.tradingview.com/u/jessicabrassard95/,,,,
https://www.tradingview.com/u/th-eo-22/,,,,
https://www.tradingview.com/u/DL_INVEST/,,,https://twitter.com/@dl_invest,
https://www.tradingview.com/u/Apexting/,https://apexting.com,https://www.youtube.com/channel/UCjkwd_MVf1T5x5WdoriSl0Q,https://twitter.com/apexting,
https://www.tradingview.com/u/Safwanethedoc/,,,,
https://www.tradingview.com/u/zuhaibM/,,,,
https://www.tradingview.com/u/Fayastar/,,,,
https://www.tradingview.com/u/monvir/,,,https://twitter.com/mchurlet,
https://www.tradingview.com/u/Nabilla/,,,,
https://www.tradingview.com/u/MAAACHFM/,,,,
https://www.tradingview.com/u/Joseph_Engineers/,,,https://twitter.com/JosephRekik,
https://www.tradingview.com/u/JordanFnds/,https://t.me/botwizard,,,Pour nous rejoindre : \r\nðŸ’° SIGNAUX GRATUIT TELEGRAM + Service copy trading entiÃ¨rement GRATUIT : https://https://t.me/botwizard
https://www.tradingview.com/u/simo09/,,,,
https://www.tradingview.com/u/Orca_trade/,,,https://twitter.com/owl_med,
https://www.tradingview.com/u/AMTrading56/,,,,
https://www.tradingview.com/u/Target_Hunter/,,,https://twitter.com/i_target_hunter,
https://www.tradingview.com/u/Philafly/,,,,
https://www.tradingview.com/u/Oncle_Crypsou/,,,,
https://www.tradingview.com/u/imamtrader93/,,,,
https://www.tradingview.com/u/alanovitch/,,,,
https://www.tradingview.com/u/Vinnytrading76/,,,,
https://www.tradingview.com/u/ScottiePippen86/,,,,
https://www.tradingview.com/u/roidub/,,,,
https://www.tradingview.com/u/redouan9877/,,,,
https://www.tradingview.com/u/Nadimboss78/,,,https://twitter.com/@sogli_nadim,
https://www.tradingview.com/u/Cartel407Cartel/,,,,
https://www.tradingview.com/u/irukkiren/,,,,
https://www.tradingview.com/u/VikxTo/,,,,
https://www.tradingview.com/u/moustafaFX/,,,,
https://www.tradingview.com/u/impressiveStar5013/,,,,
https://www.tradingview.com/u/Douby/,,,https://twitter.com/doubyweb,
https://www.tradingview.com/u/soulaiman_amrani/,,,,
https://www.tradingview.com/u/tradingclement49/,,,,
https://www.tradingview.com/u/gregoryplg/,,,,
https://www.tradingview.com/u/ESSENTIELTRADING/,,,,
https://www.tradingview.com/u/RomainNoirault/,,,https://twitter.com/NoiraultRomain,
https://www.tradingview.com/u/medstlerphotography/,,,https://twitter.com/MikeCha80540087,
https://www.tradingview.com/u/tradingmethodanalysis/,,,,
https://www.tradingview.com/u/pluckySalami55732/,,,,
https://www.tradingview.com/u/Melvbu/,,,,
https://www.tradingview.com/u/Adhim99/,,,,
https://www.tradingview.com/u/chaouki_78/,,,https://twitter.com/ChaoukiAymane,
https://www.tradingview.com/u/Oncleharry/,,,,
https://www.tradingview.com/u/berghityoussef/,,,,
https://www.tradingview.com/u/cryptrololo/,,,https://twitter.com/cryptofomoon,
https://www.tradingview.com/u/Sergio_tacchini/,,,,
https://www.tradingview.com/u/gedeondovi/,,,https://twitter.com/Dovi63750599,
https://www.tradingview.com/u/Pitchounatov/,,,https://twitter.com/LaurentTabarnak,
https://www.tradingview.com/u/ILGDump/,,,https://twitter.com/ILGDump,
https://www.tradingview.com/u/bularnoikaba/,,,,
https://www.tradingview.com/u/Quicksnail0/,,,,
https://www.tradingview.com/u/S0TCHE/,,,https://twitter.com/ericsotche237,
https://www.tradingview.com/u/Eco-Trading/,,https://www.youtube.com/channel/UC-BVSlVWjAtAeqUZpDKFuCw,,
https://www.tradingview.com/u/christophemnr/,,,,
https://www.tradingview.com/u/baudoin-ytd/,,,,
https://www.tradingview.com/u/Thom_315/,,,,
https://www.tradingview.com/u/Crypto-ROD/,,,https://twitter.com/@RodMaartin,
https://www.tradingview.com/u/latachecorp/,,,,
https://www.tradingview.com/u/QuellecY56/,,,,
https://www.tradingview.com/u/Mimou26140/,,,,
https://www.tradingview.com/u/Jumoro/,,,,
https://www.tradingview.com/u/TradeLux-VIP/,,,https://twitter.com/AkramKerboute,
https://www.tradingview.com/u/BTT_trading/,,,https://twitter.com/BTT_trading,
https://www.tradingview.com/u/PRMCAPITAL/,,,,
https://www.tradingview.com/u/luckySuccess7039/,,,,
https://www.tradingview.com/u/Tayer-3/,,,,
https://www.tradingview.com/u/Rhesus-/,,,https://twitter.com/rhsus,
https://www.tradingview.com/u/legalPepper36881/,,,,
https://www.tradingview.com/u/ONE-KEY/,,,,
https://www.tradingview.com/u/Julien-PH/,,,,
https://www.tradingview.com/u/Fx_Advisor/,,,https://twitter.com/fx_advisor,Follow our plan to grow successfully a small retail trading account | www.fxadvisor.eu
https://www.tradingview.com/u/SoStocks/,,,https://twitter.com/@SoStocksTrading,
https://www.tradingview.com/u/olivier86/,,,,
https://www.tradingview.com/u/ahmediyane66/,,,https://twitter.com/cncain,
https://www.tradingview.com/u/MarwanSadouki/,,https://www.youtube.com/channel/UCTy9xDN2Dd2ktqexzx116QQ,,
https://www.tradingview.com/u/Flowest77/,,,https://twitter.com/FloWest77,
https://www.tradingview.com/u/yeoib450/,,,,
https://www.tradingview.com/u/ALxFOU30/,,,,
https://www.tradingview.com/u/BaptisteDallasFX/,,,,
https://www.tradingview.com/u/ELAIHARABDELKADER/,,,https://twitter.com/julodar,
https://www.tradingview.com/u/yoanbtd/,,,,
https://www.tradingview.com/u/Divergeence/,,,https://twitter.com/Divergeence,
https://www.tradingview.com/u/AN_CR/,,,,
https://www.tradingview.com/u/PMMtdr/,,,,
https://www.tradingview.com/u/jfmonnin/,,https://www.youtube.com/channel/UCBprwaZAvkXDiqV45aj43bw,https://twitter.com/jfm3r,
https://www.tradingview.com/u/josephtn04/,,,https://twitter.com/JosephTionou,
https://www.tradingview.com/u/Hebaor/,,,,
https://www.tradingview.com/u/lordjonnyfiasco/,,,,
https://www.tradingview.com/u/Safcavane/,,,,
https://www.tradingview.com/u/ffer55221/,,,https://twitter.com/Jasmy_Dollar,
https://www.tradingview.com/u/ramzi_c9/,,,https://twitter.com/ra_mz_i9,
https://www.tradingview.com/u/MohaDrHM/,,,,
https://www.tradingview.com/u/Astorz_Trading/,,https://www.youtube.com/channel/UCfvKdG-ipIvT-bEf89g4Yiw,https://twitter.com/@AstorZ3,
https://www.tradingview.com/u/damiendupere/,,,https://twitter.com/DamienDupere,
https://www.tradingview.com/u/madzimbajunior/,,,,
https://www.tradingview.com/u/ProtoGT72/,,,,
https://www.tradingview.com/u/Intellegencycapitalmarket/,,,,
https://www.tradingview.com/u/okavenceslas/,,,,
https://www.tradingview.com/u/traderproh/,,,,
https://www.tradingview.com/u/oukhadamine/,,,,
https://www.tradingview.com/u/sylvainbernadet/,,,,
https://www.tradingview.com/u/houssoukeurtis/,,,,
https://www.tradingview.com/u/Mesperred/,,,,
https://www.tradingview.com/u/dodinou/,,,,
https://www.tradingview.com/u/SMAIKAFX0/,,,,
https://www.tradingview.com/u/GhostWayne/,,,,
https://www.tradingview.com/u/Didier_211/,,,,
https://www.tradingview.com/u/fxbasetg/,,,,
https://www.tradingview.com/u/HichamElMkadem/,,,,
https://www.tradingview.com/u/AngeCoul/,,,https://twitter.com/angecoulibaly21,
https://www.tradingview.com/u/Ansmel/,,,,
https://www.tradingview.com/u/hamza-ikhlas/,,,,
https://www.tradingview.com/u/explosivesport/,,,,
https://www.tradingview.com/u/Zalixzy/,,,,
https://www.tradingview.com/u/Donsheldynastytrading/,,,,
https://www.tradingview.com/u/Huntag/,,,https://twitter.com/huntaghi,
https://www.tradingview.com/u/onlinehost7/,,,,
https://www.tradingview.com/u/ayoubcastillejos9/,,,https://twitter.com/ayoubcastillej1,
https://www.tradingview.com/u/lucas0322/,,,,
https://www.tradingview.com/u/peanutstick/,,,,
https://www.tradingview.com/u/UnknownUnicorn25163140/,,,,
https://www.tradingview.com/u/knownLlama31132/,,,,
https://www.tradingview.com/u/azizyougharta/,,,,
https://www.tradingview.com/u/cryptolis72/,,,,
https://www.tradingview.com/u/morade67187/,,,,
https://www.tradingview.com/u/johanbertrand83/,,,,
https://www.tradingview.com/u/CuisineIndienne/,,,https://twitter.com/ah_kwong,
https://www.tradingview.com/u/Marc_RAFFARD/,,https://www.youtube.com/channel/UCQdtk-KqrCNV2wxIGMdLrqA,https://twitter.com/MarcRaffard,
https://www.tradingview.com/u/Dweiin/,,,,
https://www.tradingview.com/u/michvib123/,,,,
https://www.tradingview.com/u/exyo/,,,,
https://www.tradingview.com/u/mehdi13/,,,,
https://www.tradingview.com/u/Vertvert/,,,,
https://www.tradingview.com/u/N_E_O/,,,,
https://www.tradingview.com/u/bouboufe/,,,,
https://www.tradingview.com/u/zouheir1bara/,,,https://twitter.com/BrarhiZ,
https://www.tradingview.com/u/Goncleu21/,,,,
https://www.tradingview.com/u/kodjoyvesaxel/,,,,
https://www.tradingview.com/u/salaheddinekachkachi/,,,,
https://www.tradingview.com/u/baslamy8/,,,,
https://www.tradingview.com/u/yvonsari/,,,,
https://www.tradingview.com/u/kesatrading/,,,https://twitter.com/KESATRADING,
https://www.tradingview.com/u/GoldenFulani/,,,,
https://www.tradingview.com/u/sannifaissal/,,,,
https://www.tradingview.com/u/bastiencrypto/,,https://www.youtube.com/channel/UCjrSB0nR8D0h5hFhdEfPYFw,https://twitter.com/bastiencryptoch,
https://www.tradingview.com/u/SpiderTradingX/,,https://www.youtube.com/channel/UCJApNfOCEw7LSdsZ6zKzxVA,https://twitter.com/NightCl39487170,
https://www.tradingview.com/u/chaussure/,,,,
https://www.tradingview.com/u/viselive1/,,,,
https://www.tradingview.com/u/hichhdi/,,,,
https://www.tradingview.com/u/ThierryPo/,,,,
https://www.tradingview.com/u/DRAWA2009/,,,,
https://www.tradingview.com/u/J-CONNOR/,,,,
https://www.tradingview.com/u/Tet102_fr/,,,,
https://www.tradingview.com/u/Azwawwww/,,,https://twitter.com/BalckJackETH,
https://www.tradingview.com/u/Operation_Morning_Star/,,,https://twitter.com/Op_Morning_Star,
https://www.tradingview.com/u/Abdom_viiich/,,,https://twitter.com/AbdMokdadi,
https://www.tradingview.com/u/pixoo1/,,https://www.youtube.com/channel/UCGcSIY_4ZwCwTwCc0ORtCsw,,
https://www.tradingview.com/u/lelkk/,,,,
https://www.tradingview.com/u/Weartz/,,,,
https://www.tradingview.com/u/Yom2123/,,,,
https://www.tradingview.com/u/C-M2WallStreet/,,,https://twitter.com/Dztoshii,
https://www.tradingview.com/u/WeartzTrading/,,,,
https://www.tradingview.com/u/gwidul/,,,,
https://www.tradingview.com/u/TradeurBenoit/,,,https://twitter.com/BeuBeuLeReuBeu,
https://www.tradingview.com/u/Noctison/,,https://www.youtube.com/channel/UCd9QNwa98Hv5hAY-7M_RsKg,,
https://www.tradingview.com/u/moha_88/,,,,
https://www.tradingview.com/u/cheickulrich/,,,,
https://www.tradingview.com/u/christianndeugueu/,,,https://twitter.com/CNdeugueuNgonko,
https://www.tradingview.com/u/anasname337777/,,,,
https://www.tradingview.com/u/Holloss-Come/,,,,
https://www.tradingview.com/u/Chanceterreur76/,,,,
https://www.tradingview.com/u/-FreudX-/,,,,
https://www.tradingview.com/u/Stuppeur/,,,,
https://www.tradingview.com/u/elviss25/,,,,
https://www.tradingview.com/u/toualy56/,,,https://twitter.com/JeanAsse98,
https://www.tradingview.com/u/Moryregis47/,,,,
https://www.tradingview.com/u/R_Polov/,,,https://twitter.com/R_Polov,
https://www.tradingview.com/u/krakou082/,,,https://twitter.com/krakou08,
https://www.tradingview.com/u/igobinks/,,,,
https://www.tradingview.com/u/TrustInStocks/,,,https://twitter.com/Trustinys,
https://www.tradingview.com/u/TradingPower68/,,,,
https://www.tradingview.com/u/jpkonan/,,,,
https://www.tradingview.com/u/rachidgreatcom/,,,,
https://www.tradingview.com/u/El-Luis/,,,,
https://www.tradingview.com/u/akramke/,,,,
https://www.tradingview.com/u/OKONI/,,,,
https://www.tradingview.com/u/tarekarchid54/,,,,
https://www.tradingview.com/u/Tradingarab19/,,,https://twitter.com/tradingarab19,
https://www.tradingview.com/u/imadTradeur301/,,,https://twitter.com/imad13abbas,
https://www.tradingview.com/u/Baikii/,,,,
https://www.tradingview.com/u/vince_trading99/,,,,
https://www.tradingview.com/u/AToumi93/,,,,
https://www.tradingview.com/u/thibaufree01/,,,,
https://www.tradingview.com/u/Smeagol27/,,,https://twitter.com/AlexD2707,
https://www.tradingview.com/u/yannix50/,,,,
https://www.tradingview.com/u/importantBear40546/,,,,
https://www.tradingview.com/u/Shark1393/,,,,
https://www.tradingview.com/u/BINOCLARD/,https://t.me/joinchat/WAjyuT-oKVT4XqxU,,https://twitter.com/s_binoc,DEVISE: PPRD ( PERSEVERANCE PATIENCE RIGUEUR DISCIPLINE )
https://www.tradingview.com/u/juliensarda1408/,,,https://twitter.com/cryptojs10,
https://www.tradingview.com/u/Pepitomicorazon57/,,,,
https://www.tradingview.com/u/Olivieraime/,,,https://twitter.com/olivierlecid,
https://www.tradingview.com/u/IAmNotATrader31/,,,,
https://www.tradingview.com/u/TBAGFX/,,,https://twitter.com/bigbaguiri,
https://www.tradingview.com/u/dan62/,,,,
https://www.tradingview.com/u/VenommDM/,,,,
https://www.tradingview.com/u/A_Sebastien/,,,,
https://www.tradingview.com/u/Manou87/,,,,
https://www.tradingview.com/u/lorvensondp4282/,,,,
https://www.tradingview.com/u/KomiAMOUSSOU/,,https://www.youtube.com/channel/UCmKy0W3GZmr8x58yqprToiQ,https://twitter.com/AmoussouKomi,
https://www.tradingview.com/u/Pikate22/,,https://www.youtube.com/channel/UCIMLv2TgZrZ-UjbsTkpKfjA,https://twitter.com/CrossInvest7,
https://www.tradingview.com/u/Camille2409/,,,,
https://www.tradingview.com/u/Sabronx19/,,,,
https://www.tradingview.com/u/Willi-Bian/,,,,
https://www.tradingview.com/u/ClemCryptoPro/,,,,
https://www.tradingview.com/u/Yannick9/,,,https://twitter.com/hilsonyannick2,
https://www.tradingview.com/u/nkla1981/,,,,
https://www.tradingview.com/u/AnoirI/,,,https://twitter.com/alphaman991,
https://www.tradingview.com/u/kev92400/,,,https://twitter.com/KevinRissani,
https://www.tradingview.com/u/elbachatechno/,,,,
https://www.tradingview.com/u/Stanislas89/,,,,
https://www.tradingview.com/u/chakersdiri93/,,,,
https://www.tradingview.com/u/fto935x/,,,https://twitter.com/crypto_S_,
https://www.tradingview.com/u/ibabeos/,,,https://twitter.com/med72700,
https://www.tradingview.com/u/UnknownUnicorn15560428/,,,,
https://www.tradingview.com/u/edenet/,,,,
https://www.tradingview.com/u/Nizou31/,,,,
https://www.tradingview.com/u/WonLi/,,,https://twitter.com/WonLi,
https://www.tradingview.com/u/Tokageki/,,,,
https://www.tradingview.com/u/thom_giguere/,,,,
https://www.tradingview.com/u/zuroks/,,,,
https://www.tradingview.com/u/SDJ-FX/,,,,
https://www.tradingview.com/u/guedegberomuald58/,,,,
https://www.tradingview.com/u/ZUBASHVILI/,,https://www.youtube.com/channel/UCHhkXqKOQqwfwz1lhxbF6LQ,,
https://www.tradingview.com/u/Marc_MAGNON/,,,https://twitter.com/marc_magnon,
https://www.tradingview.com/u/kewaylay/,,,,
https://www.tradingview.com/u/hungryRock17073/,,,,
https://www.tradingview.com/u/ayoubsealioui/,,,,
https://www.tradingview.com/u/yassss798/,,,,
https://www.tradingview.com/u/Predator_23/,,,,
https://www.tradingview.com/u/imadhanaty/,,,,
https://www.tradingview.com/u/Hidane/,,,,
https://www.tradingview.com/u/CGBzh1/,,,,
https://www.tradingview.com/u/Sacha9932/,,,https://twitter.com/Sachadezz,
https://www.tradingview.com/u/ElijahW3579/,,,https://twitter.com/ElijahW3579,
https://www.tradingview.com/u/yanissoudd34/,,,,
https://www.tradingview.com/u/Agomagar/,,,https://twitter.com/latteindex1,
https://www.tradingview.com/u/BKBOURSE/,,,,
https://www.tradingview.com/u/AymarABDALLAH/,,,,
https://www.tradingview.com/u/bubsan66/,,,,
https://www.tradingview.com/u/PuncheurTrader/,,,,
https://www.tradingview.com/u/Matis26/,,,,
https://www.tradingview.com/u/JodaAndriamalala/,,,https://twitter.com/jo_daytrader,
https://www.tradingview.com/u/samuel_baraq/,,https://www.youtube.com/channel/UCIAeZhdwfi87bTrXb07oNfQ,https://twitter.com/Samuel_baraq,
https://www.tradingview.com/u/Scalopper/,,,,
https://www.tradingview.com/u/RANDRIAMAMPION6/,,,https://twitter.com/RANDRIAMAMPION6,
https://www.tradingview.com/u/belbarala/,,,,
https://www.tradingview.com/u/anisben423/,,,,
https://www.tradingview.com/u/armoredjk/,,,,
https://www.tradingview.com/u/Suisaparis/,,,,
https://www.tradingview.com/u/Kekerbi/,,,,
https://www.tradingview.com/u/jonathansoumdrom/,,,,
https://www.tradingview.com/u/AzzeddineBerhili/,,,https://twitter.com/azz_berhili,
https://www.tradingview.com/u/puzzledOatmeal69941/,,,,
https://www.tradingview.com/u/AmaTradeur/,,,https://twitter.com/Ama_Tradeur,
https://www.tradingview.com/u/NastyDyn/,,,,
https://www.tradingview.com/u/adammou/,,,,
https://www.tradingview.com/u/SiSiFX/,,,https://twitter.com/SiSiFx__,
https://www.tradingview.com/u/meljou84/,,,,
https://www.tradingview.com/u/founator/,,,,
https://www.tradingview.com/u/cryptedhades/,,,,
https://www.tradingview.com/u/Benezzair/,,,,
https://www.tradingview.com/u/trader77974/,,,https://twitter.com/IchimokuTrader,
https://www.tradingview.com/u/Hmz_DON/,,,https://twitter.com/HBouasba,
https://www.tradingview.com/u/sonik2008/,,,,
https://www.tradingview.com/u/dexxelonga/,,,https://twitter.com/DevDexx,
https://www.tradingview.com/u/mattRmatt/,,,,
https://www.tradingview.com/u/RafaCaroQuintero/,,,https://twitter.com/Lapegretrading,
https://www.tradingview.com/u/gmichigan/,,,,
https://www.tradingview.com/u/ibnoukhaldoun12/,,,,
https://www.tradingview.com/u/eddyfursy/,,,https://twitter.com/fursyy,
https://www.tradingview.com/u/bubunini/,,,,
https://www.tradingview.com/u/SANDON78/,,,https://twitter.com/marcel_sandon,
https://www.tradingview.com/u/Babayaga_Fx/,,,,
https://www.tradingview.com/u/CryptoStrategie/,,,https://twitter.com/cryptostrategi,
https://www.tradingview.com/u/Ced-Delux/,,https://www.youtube.com/channel/UC7niALnhP8zFOpMKxQ26pzw,,
https://www.tradingview.com/u/cryptomckall/,,,,
https://www.tradingview.com/u/Djasmir/,,,,
https://www.tradingview.com/u/medox4494/,,,,
https://www.tradingview.com/u/cl5261/,,,,
https://www.tradingview.com/u/Bristol_Fagna/,,,https://twitter.com/Bristol_Fagna,
https://www.tradingview.com/u/NOURCAPITAL/,,,https://twitter.com/capital_nour,
https://www.tradingview.com/u/sinners0134/,,,,
https://www.tradingview.com/u/Le-Pecheur/,,,https://twitter.com/MarketFisherman,
https://www.tradingview.com/u/Daniel_Trading_Be/,,,,
https://www.tradingview.com/u/LucasStreet/,,,,
https://www.tradingview.com/u/rrer6630/,,,,
https://www.tradingview.com/u/TradingMain/,,,,
https://www.tradingview.com/u/InvestissementSniperDaily/,,,,
https://www.tradingview.com/u/Snow_le_brow/,,,https://twitter.com/0x_aurelien,
https://www.tradingview.com/u/alexmaurice/,,,,
https://www.tradingview.com/u/freemanpro67/,,,https://twitter.com/MaxVory,
https://www.tradingview.com/u/gaetanclauzetpro/,,,,
https://www.tradingview.com/u/irie1995s/,,,,
https://www.tradingview.com/u/Tycreunch/,,,,
https://www.tradingview.com/u/hamzamk/,,,,
https://www.tradingview.com/u/mohamedcharef13/,,,,
https://www.tradingview.com/u/Julianos_/,,,https://twitter.com/Bt_Julian,
https://www.tradingview.com/u/boubacaryounis2/,,,,
https://www.tradingview.com/u/rocodido/,,,,
https://www.tradingview.com/u/mtltrade/,,,,
https://www.tradingview.com/u/Valentiinus/,,,,
https://www.tradingview.com/u/fabricio-trading/,,,,
https://www.tradingview.com/u/Rfnan/,,,,
https://www.tradingview.com/u/AnonymementVotre/,,,,
https://www.tradingview.com/u/Cryptocats/,,,https://twitter.com/MrdBtc,
https://www.tradingview.com/u/hastektwitch/,,,,
https://www.tradingview.com/u/Zeyro_oX/,,,,
https://www.tradingview.com/u/Johu6073/,,,https://twitter.com/HugoJeukenne,
https://www.tradingview.com/u/Kingpop_Godwin_ADOKO_JEFE/,,,https://twitter.com/GodwinAdoko,
https://www.tradingview.com/u/ghais3453/,,,,
https://www.tradingview.com/u/hervesegbedji74/,,,,
https://www.tradingview.com/u/immediateTruff28100/,,,,
https://www.tradingview.com/u/najibmad/,,,,
https://www.tradingview.com/u/louca07/,,,,
https://www.tradingview.com/u/Big_tone/,,,,
https://www.tradingview.com/u/Leodagan44/,,,,
https://www.tradingview.com/u/BisonFutradeOfficiel/,,,https://twitter.com/BFInvestOff,
https://www.tradingview.com/u/Enock_Dedravo/,,,,
https://www.tradingview.com/u/milanowolf18/,,,,
https://www.tradingview.com/u/UnknownUnicorn22632637/,,,,
https://www.tradingview.com/u/TRADALSTE/,,https://www.youtube.com/channel/UCPSVQ9CX31b-8X8aNg6sH0Q,https://twitter.com/SMautord,
https://www.tradingview.com/u/Youssefagga1111/,,,,
https://www.tradingview.com/u/ELrhachiissam/,,,,
https://www.tradingview.com/u/Mtabti15/,,,,
https://www.tradingview.com/u/RijinAnsari/,,,,
https://www.tradingview.com/u/ZEPHYRAXES/,,,,
https://www.tradingview.com/u/abdeltito2014/,,,,
https://www.tradingview.com/u/impossibleIsNotCrypto/,,,https://twitter.com/wg_levely,
https://www.tradingview.com/u/Mokokita/,,,,
https://www.tradingview.com/u/hvtim/,,,,
https://www.tradingview.com/u/yacinesmati/,,,,
https://www.tradingview.com/u/LouisBltr/,,,,
https://www.tradingview.com/u/TheoSarr/,,,,
https://www.tradingview.com/u/UnknownUnicorn28129430/,,,,
https://www.tradingview.com/u/Anthelmejaden/,,,https://twitter.com/AnthelmeAs,
https://www.tradingview.com/u/Crypto-Trading-Business/,,,https://twitter.com/Cryptoanalystes,
https://www.tradingview.com/u/ahkwongenzo/,,,https://twitter.com/ah_kwong,
https://www.tradingview.com/u/Luffyfn/,,,,
https://www.tradingview.com/u/Alexandre97423/,,,,
https://www.tradingview.com/u/xelep/,,,,
https://www.tradingview.com/u/CrypTrader31/,,,,
https://www.tradingview.com/u/pascat25/,,,https://twitter.com/pascat25,
https://www.tradingview.com/u/Obsi78/,,,https://twitter.com/Cryptoz0r,
https://www.tradingview.com/u/Addo-fubo/,,,,
https://www.tradingview.com/u/Remy2Lyon/,,https://www.youtube.com/channel/UCH9jbxE5byWXxssmCwrsDCg,https://twitter.com/remy_delyon,
https://www.tradingview.com/u/marlon007ladose/,,,,
https://www.tradingview.com/u/VERTDURE/,,,,
https://www.tradingview.com/u/Steamox/,,,,
https://www.tradingview.com/u/Cazimiro/,,,,
https://www.tradingview.com/u/teklibcrypto/,,,,
https://www.tradingview.com/u/ZennakiOussama13/,,,,
https://www.tradingview.com/u/BMrituel/,,,https://twitter.com/boubaking06,
https://www.tradingview.com/u/i_ans13/,,,,
https://www.tradingview.com/u/Patrice01/,,,,
https://www.tradingview.com/u/saad-abdel/,,,,
https://www.tradingview.com/u/gefadefa/,,,,
https://www.tradingview.com/u/morbidAuthor31229/,,,,
https://www.tradingview.com/u/Oudamska/,,,,
https://www.tradingview.com/u/Palestino94/,,,,
https://www.tradingview.com/u/SuperSeiko69/,,,,
https://www.tradingview.com/u/lamouaffaq/,,,,
https://www.tradingview.com/u/Composite_Man777/,,,,
https://www.tradingview.com/u/azeddineallali/,,,https://twitter.com/allali_azeddine,
https://www.tradingview.com/u/quarom38/,,,,
https://www.tradingview.com/u/GBKH/,,,,
https://www.tradingview.com/u/Raichool/,,,https://twitter.com/S3V3R4NC3,
https://www.tradingview.com/u/AnalyseMarket/,,,https://twitter.com/TriTriLau,
https://www.tradingview.com/u/dylankotchi48/,,,,
https://www.tradingview.com/u/GabrielAgnoscere/,,,https://twitter.com/GAgnoscere,
https://www.tradingview.com/u/mbenazzi/,,,,
https://www.tradingview.com/u/Screw27/,,,,
https://www.tradingview.com/u/gd_trade/,,,,
https://www.tradingview.com/u/nabilbennani9/,,,,
https://www.tradingview.com/u/tilloonis/,,,,
https://www.tradingview.com/u/DrMastercoin/,,,,
https://www.tradingview.com/u/Askeladd/,,,,
https://www.tradingview.com/u/Vincent5644/,,,,
https://www.tradingview.com/u/ndalawilliam24/,,,,
https://www.tradingview.com/u/vitreriefl/,,,,
https://www.tradingview.com/u/saidiyassine80/,,,,
https://www.tradingview.com/u/Manaril/,,,,
https://www.tradingview.com/u/Secretsofractals/,,,,
https://www.tradingview.com/u/yassinemtkl/,,https://www.youtube.com/channel/UCiJTmpdTcutLZAu8ckxBvwQ,https://twitter.com/YASSINEMOUTAW14,
https://www.tradingview.com/u/AnankeHoldeur/,,,,
https://www.tradingview.com/u/sam56100/,,,https://twitter.com/crypto_saman1,
https://www.tradingview.com/u/Racmou/,,,,
https://www.tradingview.com/u/UnknownUnicorn7693234/,,,,
https://www.tradingview.com/u/Captaintrading/,https://captain-trading.com/,https://www.youtube.com/channel/UCJdx6xfJVFLXJuv9I7ECuRA,https://twitter.com/captaincrypto21,Website : www.captain-trading.com\nYoutube: https://www.youtube.com/channel/UCJdx6xfJVFLXJuv9I7ECuRA\nTwitter (FR) : www.twitter.com/captaincrypto21\n\nFacebook : https://www.facebook.com/captaincrypto21
https://www.tradingview.com/u/XxStann92xX/,,,,
https://www.tradingview.com/u/morbidLemur58354/,,,,
https://www.tradingview.com/u/Clembzh/,,,,
https://www.tradingview.com/u/Vic_Onx/,,,https://twitter.com/vic_fx_trading,
https://www.tradingview.com/u/zorakmg/,,,https://twitter.com/KMG_zoRA,
https://www.tradingview.com/u/azdine25t/,,,,
https://www.tradingview.com/u/DOSSARomuald/,,,,
https://www.tradingview.com/u/Nadji235/,,https://www.youtube.com/channel/UCC8QKQ4erc9emf6neqmIe3Q,https://twitter.com/DingambayeNadji,
https://www.tradingview.com/u/jeremiemakiadi/,,,,
https://www.tradingview.com/u/valere200/,,,,
https://www.tradingview.com/u/TheTradersCorner/,https://www.thetraderscorner.net,https://www.youtube.com/channel/dfvdfvdfvdfvsdsdvsdfvdfv,https://twitter.com/Traders_Corner,
https://www.tradingview.com/u/wmatoug/,,,https://twitter.com/malbranks,
https://www.tradingview.com/u/Mast_D-24/,,,,
https://www.tradingview.com/u/BuBuL31/,,,,
https://www.tradingview.com/u/PIM88/,,,,
https://www.tradingview.com/u/agchristelle46/,,,,
https://www.tradingview.com/u/SIKANIBAIMA/,,,https://twitter.com/Sikanibaima,
https://www.tradingview.com/u/Audace_fx/,,,,
https://www.tradingview.com/u/mramigooffe/,,,https://twitter.com/mramigoffe,
https://www.tradingview.com/u/Mrs-Balaban/,,,,
https://www.tradingview.com/u/donbls/,,,,
https://www.tradingview.com/u/niidea123456/,,,,
https://www.tradingview.com/u/pentaisocele/,,,https://twitter.com/BoissyPenta,
https://www.tradingview.com/u/DjoDimaggio/,,,,
https://www.tradingview.com/u/zakariaben/,,,,
https://www.tradingview.com/u/Nawwzr/,,,,
https://www.tradingview.com/u/Architecte-Financier_972/,,,,
https://www.tradingview.com/u/QuentinBsn/,,,,
https://www.tradingview.com/u/rubadob9/,,,,
https://www.tradingview.com/u/Renato68/,,,,
https://www.tradingview.com/u/Kaizokuni/,,,,
https://www.tradingview.com/u/talak/,,https://www.youtube.com/channel/UC5WsBPqljzyK3mY_CGEYVZg,https://twitter.com/CryptoTalak,
https://www.tradingview.com/u/LaGoiz19/,,,https://twitter.com/goiz_la,
https://www.tradingview.com/u/akadester/,,,,
https://www.tradingview.com/u/clabmw24/,,,https://twitter.com/clabmw24,
https://www.tradingview.com/u/zabgagnino/,,,,
https://www.tradingview.com/u/Takitoa986/,,,,
https://www.tradingview.com/u/sml1906/,,,,
https://www.tradingview.com/u/alhassanebamba4/,,,,
https://www.tradingview.com/u/boujemaa2019/,,,https://twitter.com/Boujemaadmouh,
https://www.tradingview.com/u/tom4562/,,,,
https://www.tradingview.com/u/tradersam86/,,,,
https://www.tradingview.com/u/khalloukihaitam50/,,,,
https://www.tradingview.com/u/Samkhmer/,,,,
https://www.tradingview.com/u/dck75009/,,,,
https://www.tradingview.com/u/CryptoAddicte/,,,,
https://www.tradingview.com/u/Hassan_Larry/,,,https://twitter.com/Hassan_Larry71,
https://www.tradingview.com/u/marceaudl/,,,,
https://www.tradingview.com/u/mhammedbenkassem/,,,,
https://www.tradingview.com/u/DanyCryptos/,,,,
https://www.tradingview.com/u/fondProfile95863/,,,,
https://www.tradingview.com/u/Annette123/,,,,
https://www.tradingview.com/u/bayletristan26/,,,,
https://www.tradingview.com/u/kryopod/,,,,
https://www.tradingview.com/u/lcoveliers20137/,,,,
https://www.tradingview.com/u/FBachelier53/,,,https://twitter.com/SglForex,
https://www.tradingview.com/u/ybenhaddada/,,,,
https://www.tradingview.com/u/Bahaa_eddine/,,,,
https://www.tradingview.com/u/Skito/,,,,
https://www.tradingview.com/u/mohamedjichi/,,,,
https://www.tradingview.com/u/BlackInvestElite/,,,https://twitter.com/BlackInvestOff,
https://www.tradingview.com/u/guitar2love/,,,,
https://www.tradingview.com/u/Taily06/,,,,
https://www.tradingview.com/u/azizivan2000/,,,,
https://www.tradingview.com/u/aminebarakat/,,,,
https://www.tradingview.com/u/Kev_2209/,,,,
https://www.tradingview.com/u/Olivier-Adrien/,,,https://twitter.com/Olivierco4,
https://www.tradingview.com/u/dahaf_CryptoWo/,,,https://twitter.com/Crbipto_WO,
https://www.tradingview.com/u/KBSfutur/,,,,
https://www.tradingview.com/u/moun83/,,,,
https://www.tradingview.com/u/BatSSH/,,,,
https://www.tradingview.com/u/Naab07/,,,https://twitter.com/CryptNaAb,
https://www.tradingview.com/u/UpDown33/,,,,
https://www.tradingview.com/u/ADxLIBRE/,,,,
https://www.tradingview.com/u/TadingTry/,,,,
https://www.tradingview.com/u/adil-Jocke/,,,,
https://www.tradingview.com/u/iletait13fois/,,,,
https://www.tradingview.com/u/nayakaoutar/,,,,
https://www.tradingview.com/u/SIMOTICHAN/,,,,
https://www.tradingview.com/u/Karry18960847/,,,https://twitter.com/Karry18960847,
https://www.tradingview.com/u/ProAnaly/,,,https://twitter.com/AbdelKariiiiiim,
https://www.tradingview.com/u/BLUE43/,,,https://twitter.com/GRRAPEOS,
https://www.tradingview.com/u/lucas97424/,,,,
https://www.tradingview.com/u/ledaishikhan/,,,,
https://www.tradingview.com/u/hocine_gbr/,,,,
https://www.tradingview.com/u/hugostarte/,,,,
https://www.tradingview.com/u/PhaneufTrading/,,https://www.youtube.com/channel/UCv98lRBEixo200vuLWn0VqQ,https://twitter.com/PhaneufTrading,
https://www.tradingview.com/u/MakanTrading/,,,,
https://www.tradingview.com/u/2f9e2c7b48be46f2939c29527bc027/,,,https://twitter.com/redbiird59,
https://www.tradingview.com/u/bouhfid97/,,,,
https://www.tradingview.com/u/arthurleboss12321312/,,,,
https://www.tradingview.com/u/LinKonu/,,,,
https://www.tradingview.com/u/Z0R0O/,,,,
https://www.tradingview.com/u/legalGnu47960/,,,,
https://www.tradingview.com/u/joycie777/,,,,
https://www.tradingview.com/u/b884ed9d179f452d81148493a38e7b/,,,,
https://www.tradingview.com/u/caalipso1/,,,,
https://www.tradingview.com/u/S0lid3/,,,,
https://www.tradingview.com/u/BARLAS01/,,,,
https://www.tradingview.com/u/Cryp0Crypt0/,,,,
https://www.tradingview.com/u/skiso/,,,,
https://www.tradingview.com/u/ValentinTrade/,,,,
https://www.tradingview.com/u/AlexisBR/,,,,
https://www.tradingview.com/u/NathanArkov/,,,,
https://www.tradingview.com/u/gkeidima/,,,https://twitter.com/Kamandegeorges,
https://www.tradingview.com/u/Jozo67/,,,,
https://www.tradingview.com/u/Voltiwtfok/,,,https://twitter.com/VWatofock,
https://www.tradingview.com/u/charasstrading/,,,,
https://www.tradingview.com/u/Amir_fx13/,,,,
https://www.tradingview.com/u/Magdou63/,,,,
https://www.tradingview.com/u/jeanclaudeanato2/,,,,
https://www.tradingview.com/u/Takea-Crypto/,,,https://twitter.com/CryptoTakea,
https://www.tradingview.com/u/GreG-6886/,,,,Qui ne tente rien n'a rien... La chance sourie aux audacieux ;D
https://www.tradingview.com/u/IronMars_/,,,,
https://www.tradingview.com/u/epizen/,,,,
https://www.tradingview.com/u/Nepcoin/,,,,
https://www.tradingview.com/u/MaisOrange/,,,,
https://www.tradingview.com/u/johnnyenglish22/,,,,
https://www.tradingview.com/u/maage27/,,,,
https://www.tradingview.com/u/FreeStyleMoneyLife/,,,,
https://www.tradingview.com/u/walid2000/,,,https://twitter.com/walidbenabdi2,
https://www.tradingview.com/u/Boukhari_Abdallah/,,,,
https://www.tradingview.com/u/yaadissa/,,,,
https://www.tradingview.com/u/AbderrahimSadki/,,,,
https://www.tradingview.com/u/Loy-crypto/,,,,
https://www.tradingview.com/u/Alph420/,,,,
https://www.tradingview.com/u/Golden_Scorpion_Fx/,,,,
https://www.tradingview.com/u/zakajl28/,,,,
https://www.tradingview.com/u/walidzahi50/,,,,
https://www.tradingview.com/u/secrettrading/,,,,
https://www.tradingview.com/u/Deuuxc/,,,,
https://www.tradingview.com/u/NzodaxFX/,,,https://twitter.com/boschdigital,
https://www.tradingview.com/u/sosafranck3/,,,,
https://www.tradingview.com/u/Le_mah/,,,,
https://www.tradingview.com/u/oizo_rose/,,,https://twitter.com/@oizo_rose,
https://www.tradingview.com/u/MinzatuNicu/,,https://www.youtube.com/channel/UCWwrlqgm07ytR8Pp77Pv1NA,,
https://www.tradingview.com/u/raphaelbourguignon68/,,,,
https://www.tradingview.com/u/aledjideen/,,,,
https://www.tradingview.com/u/youssef07boukharbani/,,,,
https://www.tradingview.com/u/tvpapineau/,,,https://twitter.com/_PaulPineau_,
https://www.tradingview.com/u/cryptohustler78/,,,https://twitter.com/CryptoHustlerFr,
https://www.tradingview.com/u/lerif/,,,,
https://www.tradingview.com/u/MARKET_MAKER2020/,,,,
https://www.tradingview.com/u/Fantomeazote/,,,,
https://www.tradingview.com/u/ivan202024/,,,,
https://www.tradingview.com/u/Stiamond/,,,https://twitter.com/kpodeko,
https://www.tradingview.com/u/TaoToKing/,,,,
https://www.tradingview.com/u/chemick/,,,,
https://www.tradingview.com/u/messimaster229/,,,,
https://www.tradingview.com/u/moulay45/,,,,
https://www.tradingview.com/u/ayoubaithnina/,,,,
https://www.tradingview.com/u/lucaas789/,,,,
https://www.tradingview.com/u/AureSky/,,,,
https://www.tradingview.com/u/babdoulassane/,,,,
https://www.tradingview.com/u/aiesecissa/,,,,
https://www.tradingview.com/u/KAIZERSOZER/,,,,
https://www.tradingview.com/u/CHRIS06400/,,,,
https://www.tradingview.com/u/Mr_Trading23/,,,,
https://www.tradingview.com/u/ELGRECO69220/,,,,
https://www.tradingview.com/u/omoulin/,,,https://twitter.com/olivmoulin,
https://www.tradingview.com/u/ekicizeki265/,,,,
https://www.tradingview.com/u/chrysalexandre/,,,https://twitter.com/ChrysALEXANDRE,
https://www.tradingview.com/u/traderace0215/,,,https://twitter.com/NGabaraev,
https://www.tradingview.com/u/bedrsellak/,,,,
https://www.tradingview.com/u/Tr4derLife/,https://tr4derlife.com,,,"ðŸ”’ Respect your MM, 1% risk per trade\nðŸ“² A question ? contact me"
https://www.tradingview.com/u/LoveMayo/,,,,
https://www.tradingview.com/u/j-mking/,,,,
https://www.tradingview.com/u/M2901/,,,,
https://www.tradingview.com/u/abdelalidemny/,,,https://twitter.com/abdelali_demny,
https://www.tradingview.com/u/MonsieurRo/,,,,
https://www.tradingview.com/u/Sabronx/,,,https://twitter.com/sabronx__,
https://www.tradingview.com/u/eliestrader/,,,,
https://www.tradingview.com/u/tikiouine/,,,,
https://www.tradingview.com/u/batitotnakamoto/,,,,
https://www.tradingview.com/u/sellerbtc/,,,,
https://www.tradingview.com/u/Hauruss/,,,,
https://www.tradingview.com/u/Straward/,,,,
https://www.tradingview.com/u/Yassine_El-hadifi/,,,,
https://www.tradingview.com/u/regiskyller21/,,,,
https://www.tradingview.com/u/chk_sdne/,,,,
https://www.tradingview.com/u/Chrystel49/,,,,
https://www.tradingview.com/u/Lomel9/,,,,
https://www.tradingview.com/u/NFx23/,,,https://twitter.com/NFx23,
https://www.tradingview.com/u/etmimi13/,,,,
https://www.tradingview.com/u/The10thtry/,,,,
https://www.tradingview.com/u/paxalanoix/,,,,
https://www.tradingview.com/u/bonogosimplice1/,,,,
https://www.tradingview.com/u/Moha77500/,,,https://twitter.com/abdlouwab,
https://www.tradingview.com/u/b2oba63/,,,,
https://www.tradingview.com/u/Boby75/,,,,
https://www.tradingview.com/u/lahcenelaannaji10/,,,,
https://www.tradingview.com/u/Dizaylepro/,,,,
https://www.tradingview.com/u/GUESS-TRADING/,,,,
https://www.tradingview.com/u/PhantyCryptoBoy/,,,https://twitter.com/PhantyCrypto,
https://www.tradingview.com/u/Ikiino/,,,https://twitter.com/IkiiG,
https://www.tradingview.com/u/OBone/,,,,
https://www.tradingview.com/u/SantokuAligator/,,,,
https://www.tradingview.com/u/kottomichel/,,,,
https://www.tradingview.com/u/LoloFR67/,,,https://twitter.com/KoppLaurent,
https://www.tradingview.com/u/apprenti-rasputine/,,,,
https://www.tradingview.com/u/Narcissembay/,,,,
https://www.tradingview.com/u/khanhaider409/,,,,
https://www.tradingview.com/u/BattFeline/,,,,
https://www.tradingview.com/u/sofiane_guendouzen/,,,,
https://www.tradingview.com/u/xplor31000/,,,,
https://www.tradingview.com/u/Holly-0000/,,,,
https://www.tradingview.com/u/Nictilope/,,,,
https://www.tradingview.com/u/ICK_Trading/,,,,
https://www.tradingview.com/u/Crypto_trad/,,,,
https://www.tradingview.com/u/UnknownUnicorn24726635/,,,,
https://www.tradingview.com/u/Desmondsaah/,,,,
https://www.tradingview.com/u/ALMAZakaria/,,https://www.youtube.com/channel/UCuAKe63Dzkvgxbrfe1G3RZA,https://twitter.com/ALMAZakaria2,
https://www.tradingview.com/u/Beluga65/,,,,
https://www.tradingview.com/u/Masterteamfx/,,,,
https://www.tradingview.com/u/Apam_trading/,,,,
https://www.tradingview.com/u/LKsignal/,,,,
https://www.tradingview.com/u/clemgrt76/,,,https://twitter.com/ClemGrt2,
https://www.tradingview.com/u/osteospb/,,,,
https://www.tradingview.com/u/BFOXTrading/,,,,
https://www.tradingview.com/u/DjeLaDalle/,,,,
https://www.tradingview.com/u/jdangbedji1996/,,,,
https://www.tradingview.com/u/Sergio125/,,https://www.youtube.com/channel/UC-2vZe_4zltsuGvdiD3pBgg,,
https://www.tradingview.com/u/kabaa0845/,,,,
https://www.tradingview.com/u/Lefai/,,,,
https://www.tradingview.com/u/Lunakrak/,,,https://twitter.com/MauvaisJojo,
https://www.tradingview.com/u/championolympique/,,,,
https://www.tradingview.com/u/Workwox_/,,,,
https://www.tradingview.com/u/xavier86/,,https://www.youtube.com/channel/UC6cawJSWPZM_pO3IRv12Q9Q,https://twitter.com/alinox86,
https://www.tradingview.com/u/zotrading/,,,https://twitter.com/trading_zo,
https://www.tradingview.com/u/thedelpha/,,,,
https://www.tradingview.com/u/MyPonch/,,,,
https://www.tradingview.com/u/smohamedk/,,,https://twitter.com/@SimporeMohamed,
https://www.tradingview.com/u/mdhaou1980/,,,,
https://www.tradingview.com/u/Liguidi_Trading/,,,,
https://www.tradingview.com/u/foufari31/,,,https://twitter.com/boualbanifou,
https://www.tradingview.com/u/valeriantrading/,,,,
https://www.tradingview.com/u/yassrifi/,,,,
https://www.tradingview.com/u/Franssouai/,,,,
https://www.tradingview.com/u/ZenoTrading/,,,,
https://www.tradingview.com/u/QwinKolle/,,,https://twitter.com/QwinKolle,
https://www.tradingview.com/u/chaine_trading/,,,,
https://www.tradingview.com/u/Christola-BANKOLE/,,,,
https://www.tradingview.com/u/LeBonTom/,,,,
https://www.tradingview.com/u/juph69/,,,,
https://www.tradingview.com/u/DEV972/,,,,
https://www.tradingview.com/u/blendercompany/,,,,
https://www.tradingview.com/u/Nerbrain/,,,,
https://www.tradingview.com/u/ynsrif77/,,,,
https://www.tradingview.com/u/Arshiprod/,,,https://twitter.com/lacausecrypto,
https://www.tradingview.com/u/MaxHodler/,,,,
https://www.tradingview.com/u/Milouz/,,,,
https://www.tradingview.com/u/Naston57/,,,,
https://www.tradingview.com/u/hocinejoe/,,,,
https://www.tradingview.com/u/honore0/,,,,
https://www.tradingview.com/u/CryptoSphereAnalyse/,,,https://twitter.com/BTCryptosphere,
https://www.tradingview.com/u/florent6001/,,https://www.youtube.com/channel/UC6DiMjyVBIdfnXRKBS3opGw,https://twitter.com/Florent_Vandroy,
https://www.tradingview.com/u/Sthles_237/,,,https://twitter.com/AtchangFrancois,
https://www.tradingview.com/u/AMAgency/,,,,
https://www.tradingview.com/u/AlizenFr/,,,,
https://www.tradingview.com/u/Hollande_pro/,,,https://twitter.com/Holland29124639,
https://www.tradingview.com/u/jean-compagny/,,,https://twitter.com/Belleboullc,
https://www.tradingview.com/u/matzan2019/,,,,
https://www.tradingview.com/u/barkbiga/,,,,
https://www.tradingview.com/u/tankes/,,,,
https://www.tradingview.com/u/Verdy-theo/,,,,
https://www.tradingview.com/u/Pronoblabla/,,,,
https://www.tradingview.com/u/bergyy_/,,,,
https://www.tradingview.com/u/ryussano/,,,,
https://www.tradingview.com/u/BenTrade13/,,,,
https://www.tradingview.com/u/Marvel15/,,,,
https://www.tradingview.com/u/babs/,,,,
https://www.tradingview.com/u/MazighTK92/,,,,
https://www.tradingview.com/u/Soufiane277/,,,,
https://www.tradingview.com/u/qludela/,,,https://twitter.com/MattiaQuentin,
https://www.tradingview.com/u/YaCoCoin/,,,,
https://www.tradingview.com/u/adama67200/,,,,
https://www.tradingview.com/u/Chelmi06/,,,,
https://www.tradingview.com/u/NaughtierMS/,,,https://twitter.com/VNico40,
https://www.tradingview.com/u/TweaxTrading/,,,,
https://www.tradingview.com/u/amadideachraf/,,,,
https://www.tradingview.com/u/ZEGHMICHE/,,,https://twitter.com/zizouzeghmiche,
https://www.tradingview.com/u/casimir001/,,,,
https://www.tradingview.com/u/olricherosier/,,,https://twitter.com/olriche_rosier,
https://www.tradingview.com/u/geekyoucef/,,,,
https://www.tradingview.com/u/herrlich11/,,,https://twitter.com/AdefoulouH,
https://www.tradingview.com/u/mehdimeziani62/,,,,
https://www.tradingview.com/u/BONKOUNGOU/,,,,
https://www.tradingview.com/u/TheoViger/,,,,
https://www.tradingview.com/u/LamitosCryptoTrade/,,,,
https://www.tradingview.com/u/saadkaihel/,,,https://twitter.com/saadofwaw,
https://www.tradingview.com/u/dravitch/,,,,
https://www.tradingview.com/u/Golden-B-/,,,,
https://www.tradingview.com/u/RubensHood/,,,,
https://www.tradingview.com/u/HamzaELMsiahFx/,,,,
https://www.tradingview.com/u/Boid/,,,,
https://www.tradingview.com/u/Jean-michelTrogneux/,,,,
https://www.tradingview.com/u/Anthony687/,,,,
https://www.tradingview.com/u/rastaknight/,,,,
https://www.tradingview.com/u/wo1and/,https://www.blacksquare.finance/,https://www.youtube.com/channel/UCYB7GgJTLqmDTwX7scR_-eQ,https://twitter.com/wo1andphd,"___________________________________________________\r\n\r\nâ‚©o1ANd, â‚½h.D, akA Ð³â‚¬Ñ…Ð°Ð¹ÐœÐ Ð°Ñ‚\r\nhttps://www.blacksquare.finance/"
https://www.tradingview.com/u/jeremy1507/,,,,
https://www.tradingview.com/u/MootezMkacher/,,,https://twitter.com/mootezmk,
https://www.tradingview.com/u/Onepuls4/,,,,
https://www.tradingview.com/u/dodolasomure/,,,,
https://www.tradingview.com/u/ladiver/,,,,
https://www.tradingview.com/u/izitrade08/,,,,
https://www.tradingview.com/u/lothin/,,,,
https://www.tradingview.com/u/Elitepa/,,,,
https://www.tradingview.com/u/Zekmi/,,,,
https://www.tradingview.com/u/gnark31/,,,https://twitter.com/DavidBa69316210,
https://www.tradingview.com/u/Mike_Sy/,,,,
https://www.tradingview.com/u/steveyelamahomy/,,,,
https://www.tradingview.com/u/ikari02/,,,,
https://www.tradingview.com/u/strongMind35002/,,,,
https://www.tradingview.com/u/kizarokizaro7/,,,,
https://www.tradingview.com/u/hakanC2558/,,,,
https://www.tradingview.com/u/leboncoinforex/,,,https://twitter.com/leboncoinforex,
https://www.tradingview.com/u/yam69/,,,,
https://www.tradingview.com/u/jjo.mastertrader/,,,,
https://www.tradingview.com/u/theopl/,,,,
https://www.tradingview.com/u/firas-27/,,,,
https://www.tradingview.com/u/ABDEL2002/,,,,
https://www.tradingview.com/u/Zlek/,,,,
https://www.tradingview.com/u/Crownbackend/,,,,
https://www.tradingview.com/u/CaPasseOuCaScalp/,,,,
https://www.tradingview.com/u/Ohbut/,,,https://twitter.com/CordierAlban,
https://www.tradingview.com/u/Sfez/,,,,
https://www.tradingview.com/u/Aniss-Analysis/,,,,
https://www.tradingview.com/u/Hunt3rM17/,,,https://twitter.com/MaxVf2s,
https://www.tradingview.com/u/benpolombwe/,,,,
https://www.tradingview.com/u/grunbergnoah118/,,,https://twitter.com/NoahGrunberg,
https://www.tradingview.com/u/IsmailAadel/,,,https://twitter.com/IsmailAadel1,
https://www.tradingview.com/u/LignesZen/,,,,
https://www.tradingview.com/u/LaCasaDeForex/,,,,
https://www.tradingview.com/u/nourreddinebk/,,,,
https://www.tradingview.com/u/DougTradingInc/,,,,
https://www.tradingview.com/u/confidentHeron72637/,,,,
https://www.tradingview.com/u/NADABELEK/,,,https://twitter.com/Balek_Mec,
https://www.tradingview.com/u/Atome/,,,https://twitter.com/LocalHoxt,
https://www.tradingview.com/u/ATCANNES/,,,https://twitter.com/tinitetau,
https://www.tradingview.com/u/Pabloxx00/,,,,
https://www.tradingview.com/u/abdelkabir/,,,,
https://www.tradingview.com/u/tahiriyoussef2002t/,,,,
https://www.tradingview.com/u/M14R4/,,,https://twitter.com/D0nM14r4,
https://www.tradingview.com/u/mart1725/,,,,
https://www.tradingview.com/u/galapiat42/,,,,
https://www.tradingview.com/u/alexibertrand/,,,,
https://www.tradingview.com/u/DonKabu/,,,https://twitter.com/MacDoppelKabu,
https://www.tradingview.com/u/lennyslr15/,,,,
https://www.tradingview.com/u/naffdiallo357/,,,,
https://www.tradingview.com/u/wakefulKitten19731/,,,,
https://www.tradingview.com/u/Bobdudix/,,,,
https://www.tradingview.com/u/locohoussa/,,,,
https://www.tradingview.com/u/Trading-dong/,,,,
https://www.tradingview.com/u/willy97231/,,,,
https://www.tradingview.com/u/Yop06/,,,,
https://www.tradingview.com/u/bossdaddylabzy/,,,,
https://www.tradingview.com/u/troxxy/,,,,
https://www.tradingview.com/u/NabilElHammamii/,,,https://twitter.com/Nabilelhammami,
https://www.tradingview.com/u/usefouardi/,,,,
https://www.tradingview.com/u/EMINENSGENIUS/,,,,
https://www.tradingview.com/u/maxna62/,,,,
https://www.tradingview.com/u/ogince/,,,,
https://www.tradingview.com/u/remotequack/,,,,
https://www.tradingview.com/u/IronCrypto1/,,,https://twitter.com/deal_iron,
https://www.tradingview.com/u/NicolasBramm/,,,https://twitter.com/WangbaV,
https://www.tradingview.com/u/rotheap/,,,,
https://www.tradingview.com/u/ManuelMECRON/,,,,
https://www.tradingview.com/u/yanisfx/,,,https://twitter.com/YanisInvest,
https://www.tradingview.com/u/cabYodo/,,,,
https://www.tradingview.com/u/ELISFY/,,,,
https://www.tradingview.com/u/Mr_Alvaro/,,,,
https://www.tradingview.com/u/Misno/,,,,
https://www.tradingview.com/u/Astr0zer/,,,,
https://www.tradingview.com/u/Medhiamazigh_/,,,,
https://www.tradingview.com/u/Illess/,,,,
https://www.tradingview.com/u/MN_01/,,,https://twitter.com/MN013792,
https://www.tradingview.com/u/julien76370/,,,,
https://www.tradingview.com/u/HugoDreux/,,,,
https://www.tradingview.com/u/Fr33styler87/,,,,
https://www.tradingview.com/u/thepokmann/,,,,
https://www.tradingview.com/u/ydx9v686yp/,,,,
https://www.tradingview.com/u/jcgbailleulac/,,,,
https://www.tradingview.com/u/THEMONEYMAKAAH/,,,,
https://www.tradingview.com/u/bouazzayounes27/,,,,
https://www.tradingview.com/u/DoliPr4ne/,,,,
https://www.tradingview.com/u/Maimex/,,,,
https://www.tradingview.com/u/reda_makhantar/,,,https://twitter.com/MakhantarReda,
https://www.tradingview.com/u/Mirco2310/,,,,
https://www.tradingview.com/u/fmasret/,,,,
https://www.tradingview.com/u/ballamoussandongane/,,,,
https://www.tradingview.com/u/etd_boukail/,,,,
https://www.tradingview.com/u/MelvinGst/,,,,
https://www.tradingview.com/u/sahraouiiyassine/,,,,
https://www.tradingview.com/u/thomasagls/,,,,
https://www.tradingview.com/u/maliklibon/,,,,
https://www.tradingview.com/u/achouralal/,,,,
https://www.tradingview.com/u/lloyods/,,,,
https://www.tradingview.com/u/bokoko522/,,,,
https://www.tradingview.com/u/Hotcochonou/,,,,
https://www.tradingview.com/u/hamzabk/,,,,
https://www.tradingview.com/u/Framboizee/,,,,
https://www.tradingview.com/u/el2606/,,,,
https://www.tradingview.com/u/HENRYRAMBEAU/,,,,
https://www.tradingview.com/u/LAY83/,,,,
https://www.tradingview.com/u/dees38/,,,https://twitter.com/dees381,
https://www.tradingview.com/u/Ayari-59/,,,,
https://www.tradingview.com/u/Success-trade/,,https://www.youtube.com/channel/UCFWV0ScuzfvgS_kf46UlWBQ,https://twitter.com/Success_trade1,
https://www.tradingview.com/u/ForexMagie/,,,https://twitter.com/amarni_toufik,
https://www.tradingview.com/u/ismailagourdi/,,,https://twitter.com/agourdiismail,
https://www.tradingview.com/u/Justmagic01/,,,,
https://www.tradingview.com/u/badrerochdi/,,,https://twitter.com/currency_track,
https://www.tradingview.com/u/Julio_Trading/,,,,
