https://www.tradingview.com/u/TYRYAN/,,,,
https://www.tradingview.com/u/Jing0714/,,,,
https://www.tradingview.com/u/Icykerker/,,,https://twitter.com/KerKerKuo,
https://www.tradingview.com/u/varungenioustrader/,,,,
https://www.tradingview.com/u/Tonyder/,,,,
https://www.tradingview.com/u/audirs5888/,https://www.facebook.com/profile.php?id=100010700419153,,https://twitter.com/Le86737169,
https://www.tradingview.com/u/lokhei_922/,,,https://twitter.com/lokhei_922,
https://www.tradingview.com/u/Isaac_t3j/,,,,
https://www.tradingview.com/u/handshower36/,,,,
https://www.tradingview.com/u/G_STOCK/,https://www.instagram.com/gstock888,,,"å¦‚æžœæƒ³çœ‹åœ¨ä¸‹çš„å³å¸‚è³‡è¨Š,è«‹FOLLOW åœ¨ä¸‹IG æˆ–FACEBOOK å•¦. è¬è¬æ”¯æŒ!\nhttps://www.facebook.com/GStock888\n\nhttps://www.instagram.com/gstock888/\n\nå¸‚å ´è·äºº - GSTOCK888"
https://www.tradingview.com/u/anyoneg/,,,,
https://www.tradingview.com/u/Golden_FX_trader/,,,,
https://www.tradingview.com/u/CryptoBar168/,,,,
https://www.tradingview.com/u/shiyechen/,,,https://twitter.com/11qOLD7q8ZWCKjt,
https://www.tradingview.com/u/Ghost_Coin/,,,https://twitter.com/GhostsCoin,
https://www.tradingview.com/u/sergexiao/,,,,
https://www.tradingview.com/u/Coinshaker-yukchak/,,,,
https://www.tradingview.com/u/enderpdic/,,,https://twitter.com/LinKuanJung1,
https://www.tradingview.com/u/leochangchen/,,,,
https://www.tradingview.com/u/LiZhiShu/,,,https://twitter.com/MorganCharles7,
https://www.tradingview.com/u/vincentyang/,,,https://twitter.com/Vincent91362121,
https://www.tradingview.com/u/bitssuecredit/,,,,
https://www.tradingview.com/u/yuerchang/,,,,
https://www.tradingview.com/u/AceJack0104/,,,,
https://www.tradingview.com/u/ICHAO/,,,,
https://www.tradingview.com/u/Ang0xeth/,,,https://twitter.com/Ang0xeth,
https://www.tradingview.com/u/taiwanguest/,,,,
https://www.tradingview.com/u/haruko_shun/,,,,
https://www.tradingview.com/u/iammeatfoot/,,,,
https://www.tradingview.com/u/KC68/,,,,
https://www.tradingview.com/u/qa19940602/,,,,
https://www.tradingview.com/u/maxlin947/,,,,
https://www.tradingview.com/u/s588812825/,,,,
https://www.tradingview.com/u/KAMOLED/,,,,
https://www.tradingview.com/u/a0982387559/,,,,
https://www.tradingview.com/u/JAMY2003/,,,https://twitter.com/QAQ20000000003,
https://www.tradingview.com/u/space5th/,,,,
https://www.tradingview.com/u/clocks156t174/,,,,
https://www.tradingview.com/u/tobiasX/,,,,
https://www.tradingview.com/u/CondrTrader/,,https://www.youtube.com/channel/UCaY_8AXM7v0_4UNjQlWJKVA,,
https://www.tradingview.com/u/adsl99801/,,,,
https://www.tradingview.com/u/jasontradebtc/,,,https://twitter.com/Jiee_YLN,
https://www.tradingview.com/u/naxxman0/,,,,
https://www.tradingview.com/u/bonwong1121/,,,,
https://www.tradingview.com/u/Aluzo/,,,https://twitter.com/Kaonashi_crypto,
https://www.tradingview.com/u/oldddhorse/,,https://www.youtube.com/channel/UC_4xjTn4x6NeUhzw7nA5guA,https://twitter.com/SamLin12666472,
https://www.tradingview.com/u/pent1162/,,,https://twitter.com/pent1162,
https://www.tradingview.com/u/CubsHu/,https://bingx.com/invite/0GQFEV,https://www.youtube.com/channel/UC-eXlTSKvM2096doMufoqbA,,æ­¡è¿ŽåŠ å…¥ã€Œç†Šç†ŠBingX/å¹£é…·ç›ˆ/æ´¾ç¶²/ç¶²æ ¼/æŠ€è¡“åˆ†æžæ•™å­¸ç¾¤ã€\r\nhttps://line.me/ti/g2/MH1u71VtWGUqij5ts696EJnVSVynbBtf7QDB8A?utm_source=invitation&utm_medium=link_copy&utm_campaign=default
https://www.tradingview.com/u/sr20/,,,,
https://www.tradingview.com/u/raysonyuen/,,,,
https://www.tradingview.com/u/yanpin0524/,,,https://twitter.com/yanpin0524,
https://www.tradingview.com/u/ustard42064/,,,,
https://www.tradingview.com/u/SYS_17/,,,https://twitter.com/SYS_17,
https://www.tradingview.com/u/wasijames/,,,,
https://www.tradingview.com/u/GodManjjj/,,,https://twitter.com/MounaXzj,
https://www.tradingview.com/u/ljps20423/,,,,
https://www.tradingview.com/u/Yrahcaz/,,,,
https://www.tradingview.com/u/jubmps1/,,,,
https://www.tradingview.com/u/sixttylink/,,,,
https://www.tradingview.com/u/wen6505/,,,,
https://www.tradingview.com/u/KaoKeLun/,,,https://twitter.com/kenart0719,
https://www.tradingview.com/u/xw24zswy6c/,,,,
https://www.tradingview.com/u/Jacky19860831/,,,,
https://www.tradingview.com/u/t122199941/,,,https://twitter.com/chenzhaofeng12,
https://www.tradingview.com/u/cksdominic/,,,,
https://www.tradingview.com/u/jackyang70/,,,,
https://www.tradingview.com/u/mxxie/,,,,
https://www.tradingview.com/u/Dawson0919/,,,,
https://www.tradingview.com/u/benze924/,,,,
https://www.tradingview.com/u/yuyanchen19891127/,,,,
https://www.tradingview.com/u/LLYan/,,,,
https://www.tradingview.com/u/paul_bitcoin/,,https://www.youtube.com/channel/UCqoTjeOuK6pC8qnkv8JXkew,,
https://www.tradingview.com/u/Oaklin/,,,,
https://www.tradingview.com/u/MrCCrown/,,,,
https://www.tradingview.com/u/Scott_Sterling/,,,,
https://www.tradingview.com/u/GuangZhiBingJun/,,https://www.youtube.com/channel/UCroQWje7qrTc4XBGExbaXaw,,
https://www.tradingview.com/u/jackymay/,,,,
https://www.tradingview.com/u/JL_fortune83/,,,https://twitter.com/JL_Fortune83,
https://www.tradingview.com/u/leolin022/,,,,
https://www.tradingview.com/u/diac2000/,,,,
https://www.tradingview.com/u/Lapisss/,,,,
https://www.tradingview.com/u/Falco_Lai/,,https://www.youtube.com/channel/UCjZlkT8ssBUP_Tqnc-azltA,https://twitter.com/AdaoFalco,
https://www.tradingview.com/u/JamieLang/,,,,
https://www.tradingview.com/u/WeijenWu-Osvaldo/,https://www.futures-ai.com/,https://www.youtube.com/channel/UCxn_ZSz7lavsYxzlJKNr-LA,,[æœŸå¤©å¤§å‹]  ç”¨è·¨ç•Œæ€ç¶­ï¼Œæ‰“é€ æŠ•è³‡æœªä¾†ã€‚\nLine id: Osvaldo.com\nLine@:  @Futures-ai\nFBç²‰å°ˆ: @Futures.ai.tw\nYTé »é“: https://youtu.be/GHXK_Z21NtU
https://www.tradingview.com/u/Mike_Cheng/,,,,
https://www.tradingview.com/u/TFL999/,,,,
https://www.tradingview.com/u/Analyst_YuShiuanChen/,,,https://twitter.com/WinshaneC,
https://www.tradingview.com/u/Amanda9313/,https://www.facebook.com/Amanda9313,,https://twitter.com/Amanda_9313,
https://www.tradingview.com/u/cxz44458/,,,,
https://www.tradingview.com/u/koobraelc/,,,,
https://www.tradingview.com/u/aliveSnail44607/,,,https://twitter.com/liua1a11,
https://www.tradingview.com/u/iBuggy/,,,,
https://www.tradingview.com/u/cat900717/,,https://www.youtube.com/channel/UChDMaIlOx_-3nLwiMIgKQ0w,https://twitter.com/TeaCat717,
https://www.tradingview.com/u/sSheng_TW/,,https://www.youtube.com/channel/UCc2qfGKbgBYGvlc7I8MxAew,,BYBITäº¤æ˜“æ‰€è¨»å†Š:\nhttps://reurl.cc/yeQmX2\næŽ¨è–¦ç¢¼:22892\nè¡Œæƒ…äº¤æµç¾¤:\nhttps://t.me/sSheng_TW\né›»å ±é »é“:\nhttps://t.me/cryto_sSheng\nåˆä½œä¾†ä¿¡ï¼š\nssheng.tw@gmail.com
https://www.tradingview.com/u/RUOK123/,,,,
https://www.tradingview.com/u/weichu5858/,,,,
https://www.tradingview.com/u/chlin_tw/,,,,
https://www.tradingview.com/u/IamYuri/,,,,
https://www.tradingview.com/u/Threadmel/,,,,
https://www.tradingview.com/u/bolokeng/,,,,
https://www.tradingview.com/u/lamu0526/,,,,
https://www.tradingview.com/u/jackxzone/,,,,
https://www.tradingview.com/u/yidext/,,,,
https://www.tradingview.com/u/ccch1nmj/,,,,
https://www.tradingview.com/u/hegemony005/,,,https://twitter.com/yidaocaihong1,
https://www.tradingview.com/u/cunninggod/,,,https://twitter.com/Rocky_MrJuicy,
https://www.tradingview.com/u/felixchowhahaha/,,,,
https://www.tradingview.com/u/andy890224/,,,,
https://www.tradingview.com/u/RenoHuang/,https://t.me/CryptoReno,,https://twitter.com/huang_reno,è¨‚é–±TG channelç²å¾—æ›´å¤šè³‡è¨ŠðŸ‘‡\r\nhttps://t.me/CryptoReno
https://www.tradingview.com/u/garychiu959/,,,,
https://www.tradingview.com/u/hola11819/,,,https://twitter.com/Hola0618,
https://www.tradingview.com/u/ericmyhung/,,,,
https://www.tradingview.com/u/kuaileon/,,,,
https://www.tradingview.com/u/wivanz/,,,,
https://www.tradingview.com/u/cgh31301/,,,https://twitter.com/CirclezSquare,
https://www.tradingview.com/u/Forexobserver/,,,,
https://www.tradingview.com/u/gn02162705/,,,,
https://www.tradingview.com/u/hjfeng1978/,,,,
https://www.tradingview.com/u/mickeyha/,,,,
https://www.tradingview.com/u/e820601/,,,,
https://www.tradingview.com/u/jackson15988/,,,,
https://www.tradingview.com/u/j75772763/,,,,
https://www.tradingview.com/u/Kelvin-BIQUAN/,,,,
https://www.tradingview.com/u/zheweiasahi/,,,,
https://www.tradingview.com/u/xialixiang/,,,,
https://www.tradingview.com/u/zerochoi2020/,,,,
https://www.tradingview.com/u/LiuDondon/,,,,
https://www.tradingview.com/u/Golden-op/,,,https://twitter.com/luxiaof01453051,
https://www.tradingview.com/u/lenwon01/,,,,
https://www.tradingview.com/u/AllenNFT/,,,,
https://www.tradingview.com/u/Beastancestors/,,,,
https://www.tradingview.com/u/intelligentEgg87320/,,,,
https://www.tradingview.com/u/empathicPlayer95233/,,,https://twitter.com/gy,
https://www.tradingview.com/u/alex_030606/,,,,
https://www.tradingview.com/u/Moniya4013/,,,https://twitter.com/Order_MoMo4013,æ­¡è¿Žäº¤æµ Lineï¼š@712hjwyaã€Telegramï¼š@momo_4013\n*äººèˆ‡äººä¹‹é–“å¯§å¯å¸¶è‘—ä¸€é»žç¨œè§’
https://www.tradingview.com/u/Smartkiller/,,,,
https://www.tradingview.com/u/kylekkkk/,,,,
https://www.tradingview.com/u/Trader_Z1999/,,,,
https://www.tradingview.com/u/iRATS/,https://hackmd.io/@ray/RATSxDeFITs,https://www.youtube.com/channel/UCwzmsKqfmlM_faHaMYT5uXQ,https://twitter.com/RATSiRay,äº¤æ˜“æ‰€è¨»å†Šé€£çµ:\nhttps://ftx.com/#a=RATS\næŒ‡æ¨™æ•™å­¸: https://hackmd.io/@ray/RATSxDeFITs\nFTXæ‰“è³ž:\nhttp://bit.ly/FTX_DONATE\n\n\nä»¥ä¸‹å¯æ‰¾åˆ°æ›´å¤šè³‡è¨Š\né€£çµé›†åˆ: https://linktr.ee/RATStw\né »é“: https://t.me/RATStw\nðŸ’¬è¨Žè«–ç¾¤: https://t.me/RATS_public\nè¨»å†ŠTVäº«30å…ƒå‡ç´šå„ªæƒ : https://bit.ly/RATS_tv_refer
https://www.tradingview.com/u/jubilantGnu81508/,,,,
https://www.tradingview.com/u/happylife8888100/,,,,
https://www.tradingview.com/u/Kev_DD/,,,,
https://www.tradingview.com/u/cindymin/,,,https://twitter.com/cindyshumin,
https://www.tradingview.com/u/sxxx5658s/,,,,
https://www.tradingview.com/u/Tokuaki/,,,,
https://www.tradingview.com/u/silentrokstarr/,,,,
https://www.tradingview.com/u/Rex_yang/,,https://www.youtube.com/channel/UC3N16CIwxH5FOfNZ6oy1kTw,https://twitter.com/Rextradinglife,Bybit Sign up:  https://reurl.cc/5qRreq\n\nTelegram èŠå¤©ç¾¤\nhttps://t.me/cryptorexdrawinganalysis\n\nTelegram  group (EN)\nhttps://t.me/rextalkcrypto\n\n\néŽåŽ»çš„æŠ€è¡“åˆ†æžå½±ç‰‡ Youtube channel\nhttps://reurl.cc/vDrADA
https://www.tradingview.com/u/abcd1035/,,,,
https://www.tradingview.com/u/VroN14/,,,,
https://www.tradingview.com/u/KandoTrad/,,,,
https://www.tradingview.com/u/heyangjiutingjueshi/,,,,
https://www.tradingview.com/u/ShipingAMei/,,,,
https://www.tradingview.com/u/line-bencongzhong/,,,,
https://www.tradingview.com/u/NelsonTMGM/,,,,
https://www.tradingview.com/u/azacs-co/,,,,
https://www.tradingview.com/u/JKchannel/,,,https://twitter.com/JKinvestingcha1,
https://www.tradingview.com/u/zoo08190/,,,,
https://www.tradingview.com/u/miao1/,,,,
https://www.tradingview.com/u/kyle921109/,,,,
https://www.tradingview.com/u/hess013/,,,,
https://www.tradingview.com/u/j0912006026/,,,,
https://www.tradingview.com/u/yhhuang1105/,,,,
https://www.tradingview.com/u/maskpurple2099/,,,,
https://www.tradingview.com/u/Aiden84/,,,,
https://www.tradingview.com/u/lukeANN/,,,,
https://www.tradingview.com/u/The_MATE/,,,https://twitter.com/MATExCrypto,
https://www.tradingview.com/u/lishin/,,,,
https://www.tradingview.com/u/DailyFX_EuniceLi/,,,,
https://www.tradingview.com/u/tanghungyiutrader/,,,,
https://www.tradingview.com/u/UnknownUnicorn26234810/,,,,
https://www.tradingview.com/u/Night_Hungry/,,,https://twitter.com/MolmanShang,
https://www.tradingview.com/u/Youchai/,,,https://twitter.com/GongYouchai,
https://www.tradingview.com/u/Trader_MrB/,,,,
https://www.tradingview.com/u/quantbrains_club/,,,,
https://www.tradingview.com/u/jhan0211/,,,,BingX Sign upï¼š \r\nhttps://bingx.com/invite/S1FQKW\r\n\r\nLine èŠå¤©ç¾¤ï¼š\r\nhttps://reurl.cc/pWKXDx\r\n\r\nInstagram ï¼š\r\nhttps://reurl.cc/Vjme65
https://www.tradingview.com/u/timchang0922/,,,https://twitter.com/timchang0922,
https://www.tradingview.com/u/HFX-TW/,,,,
https://www.tradingview.com/u/LeoHsu/,,,,
https://www.tradingview.com/u/baifuya/,,,https://twitter.com/R94950617Alexis,
https://www.tradingview.com/u/dicky_c/,,,,
https://www.tradingview.com/u/UncleForex/,,https://www.youtube.com/channel/UCMm2uWDvFDjK-M563yBU9ig,,
https://www.tradingview.com/u/Shirocat/,,,,
https://www.tradingview.com/u/sudattawealth/,,,,
https://www.tradingview.com/u/miya-yang/,,https://www.youtube.com/channel/UCcAH60H-QplzttX33Q0wxCw,https://twitter.com/CryptoMonsterTW,
https://www.tradingview.com/u/weilong1215/,,,,
https://www.tradingview.com/u/Jade725/,,,,
https://www.tradingview.com/u/QVFOREX/,,,,
https://www.tradingview.com/u/tatatwtw/,,,,
https://www.tradingview.com/u/leolou2003/,,,,
https://www.tradingview.com/u/spectacular3405/,,,,
https://www.tradingview.com/u/EDY666/,,,,
https://www.tradingview.com/u/kobeleung/,,,,
https://www.tradingview.com/u/FinTasticTrading/,https://fintastic.trading/,,,
https://www.tradingview.com/u/michaelgong/,,,,â€œæ„¿ä¸Šå¸èµæˆ‘å¹³é™ï¼ŒåŽ»å¿å—æˆ‘å¿…é¡»å¿å—ä¹‹äº‹ï¼›æ„¿ä¸Šå¸èµæˆ‘å‹‡æ°”ï¼ŒåŽ»æ”¹å˜æˆ‘å¯ä»¥æ”¹å˜ä¹‹äº‹ï¼›æ„¿ä¸Šå¸èµæˆ‘æ™ºæ…§ï¼Œè®©æˆ‘åˆ†è¾¨ä¸¤è€…ä¹‹é—´çš„ä¸åŒâ€
https://www.tradingview.com/u/bikerling/,,,,
https://www.tradingview.com/u/lntoTheDarkness/,,,,
https://www.tradingview.com/u/GodofUS10Y/,,,,
https://www.tradingview.com/u/yuopzzz333/,,,,
https://www.tradingview.com/u/smithyu911GT3/,,,https://twitter.com/SmithYu15,äº¤æ˜“çš„ä¸–ç•Œä¸å­˜åœ¨è–æ¯ï¼Œåœ¨é€™é‚Šå¸Œæœ›å¤§å®¶å¯ä»¥å­¸æœƒå¦‚ä½•å–„ç”¨å·¥å…·ï¼Œå› ç‚ºåªæœ‰è‡ªå·±æœƒäº†é‚£æ‰æ˜¯è–æ¯
https://www.tradingview.com/u/thetree0606/,,,,
https://www.tradingview.com/u/Zon_LEE/,,,,
https://www.tradingview.com/u/Holkbaba/,,,https://twitter.com/C0916Chiho,
https://www.tradingview.com/u/strongershen/,,,https://twitter.com/strongershen,
https://www.tradingview.com/u/Eason_yi/,,,,
https://www.tradingview.com/u/mb00014mb/,,,https://twitter.com/VakiraV666,
https://www.tradingview.com/u/kethe01/,,,,
https://www.tradingview.com/u/Wangyaguang/,,,https://twitter.com/çŽ‹äºšå…‰,
https://www.tradingview.com/u/not_a_programmer/,,https://www.youtube.com/channel/UCLNn10GpmhLefpHSxj4Tk_w,https://twitter.com/non_programmer,
https://www.tradingview.com/u/ChCh1491/,,,,
https://www.tradingview.com/u/XYYYXZ/,,,https://twitter.com/xyyyxz7588,
https://www.tradingview.com/u/Huangyika/,,,,
https://www.tradingview.com/u/ChienPo/,,,,
https://www.tradingview.com/u/threesecond3th/,,,,
https://www.tradingview.com/u/adtocm/,,,,
https://www.tradingview.com/u/howie_yu/,,,https://twitter.com/howie_yu,
https://www.tradingview.com/u/hudavid2019/,,,,
https://www.tradingview.com/u/oldseven/,,,,
https://www.tradingview.com/u/karchen/,,,,
https://www.tradingview.com/u/bb8182b/,,,,
https://www.tradingview.com/u/g220809846/,,,https://twitter.com/helloagain0u0,
https://www.tradingview.com/u/JosephLu/,,https://www.youtube.com/channel/UC91nz4eWJWFG8rWmHXMWc3A,,
https://www.tradingview.com/u/john_huang/,,,,
https://www.tradingview.com/u/ooooscar/,,,,
https://www.tradingview.com/u/Dean_Kao/,,,,
https://www.tradingview.com/u/yuhsien_wang/,,,,
https://www.tradingview.com/u/Krypto9/,,,,
https://www.tradingview.com/u/MeteorV/,,,,
https://www.tradingview.com/u/Lusoooooo/,,,,
https://www.tradingview.com/u/HenryChang47/,,,,
https://www.tradingview.com/u/PioneerIp/,,,,
https://www.tradingview.com/u/ivanlin72/,,,https://twitter.com/ivanlin1983,
https://www.tradingview.com/u/chris0605917/,,,,
https://www.tradingview.com/u/awsl/,,,,
https://www.tradingview.com/u/jkjking987/,,,https://twitter.com/juvenilBrian,
https://www.tradingview.com/u/Obsessiveness/,,https://www.youtube.com/channel/UCajSOxL8fyNLy3AOSUWTt4g,https://twitter.com/gN8ZHPsVk7AemAi,
https://www.tradingview.com/u/Shimo_PPCAT/,,,,
https://www.tradingview.com/u/ROGER-CHENG/,,,,
https://www.tradingview.com/u/t86xu3/,,,,
https://www.tradingview.com/u/Hexie-MR-ZHAO/,,,https://twitter.com/zhao_zhongjie,
https://www.tradingview.com/u/RJ668/,,,,
https://www.tradingview.com/u/EZEN1212/,,,,
https://www.tradingview.com/u/DevilTrader168/,,,https://twitter.com/DTrader168,
https://www.tradingview.com/u/Fkbitchcoin/,,,https://twitter.com/baki7788,
https://www.tradingview.com/u/sean1006/,,https://www.youtube.com/channel/UCdOfUuEq4HL7I_NWHXlvfsw,https://twitter.com/Sean56860943,
https://www.tradingview.com/u/raymondlaunamfung/,,,,
https://www.tradingview.com/u/Zemao/,,,,
https://www.tradingview.com/u/GuSheep/,,,,
https://www.tradingview.com/u/harrischtsai/,,,,
https://www.tradingview.com/u/HsiangYu/,,,,
https://www.tradingview.com/u/marco603tw/,,,https://twitter.com/marco603tw,
https://www.tradingview.com/u/derektam4012/,,,,
https://www.tradingview.com/u/ChungPeiLun/,,,,
https://www.tradingview.com/u/YU-LIN/,,,,
https://www.tradingview.com/u/klllorme/,,,,
https://www.tradingview.com/u/Chia-TAIWAN/,https://histock.tw/event/Chia%E5%98%89%E5%A7%8A%E7%9A%84%E6%B5%B7%E6%9C%9F%E4%B8%BB%E5%8A%9B%E6%B3%A2%E6%AE%B5%E6%80%9D%E7%B6%AD-Chia%E5%98%89,,,
https://www.tradingview.com/u/Mylabu/,,,https://twitter.com/itt578,
https://www.tradingview.com/u/jongPing/,,,,
https://www.tradingview.com/u/Jobs_lin/,,,,Bingbon åˆç´„äº¤æ˜“æ‰€\nhttps://invite.vp359.xyz/U756LL\n\nPionex-ç¾è²¨é‡åŒ–äº¤æ˜“æ©Ÿå™¨äºº\nhttps://reurl.cc/ynMl4q\n\nå¹£å®‰  é‚€è«‹ç¢¼ A1H2H2ED\nhttps://reurl.cc/dx455z\n\nLineèŠå¤©ç¤¾ç¾¤ https://reurl.cc/V348Mn
https://www.tradingview.com/u/f05140929/,,,,
https://www.tradingview.com/u/richard1125/,,,,
https://www.tradingview.com/u/huangzijie1994/,,,,
https://www.tradingview.com/u/no821202/,,,,
https://www.tradingview.com/u/YufengLin/,,,,
https://www.tradingview.com/u/MinhAnhhh/,,,https://twitter.com/MinhAnhh1359,
https://www.tradingview.com/u/Trader_Kan/,,,,
https://www.tradingview.com/u/SamGodWang/,,,,
https://www.tradingview.com/u/RX29/,,,,
https://www.tradingview.com/u/Victor24520/,,,,æ­¡è¿Žä½¿ç”¨ä¸‹æ–¹é€£çµè¨»å†ŠBingbonäº¤æ˜“æ‰€\nhttps://invite.bingbon.com/J8TFCK\n\nä»¥ä¸‹æ˜¯æˆ‘ç¶“ç‡Ÿçš„discordç¾¤çµ„ï¼Œæ­¡è¿Žé€²ç¾¤äº¤æµè¡Œæƒ…\nhttps://discord.gg/sp6yURumh3
https://www.tradingview.com/u/glorygene/,,https://www.youtube.com/channel/UCNifuW24baspgcEhQ_IcdNg,,
https://www.tradingview.com/u/markethk/,,,,
https://www.tradingview.com/u/WilsonC1030/,,,,
https://www.tradingview.com/u/frank0913/,https://www.facebook.com/laodibai/,,https://twitter.com/frank42949559,telegram id : frank chen\n        line id : frank750810
https://www.tradingview.com/u/lez5662/,,,,
https://www.tradingview.com/u/SignalTom/,http://www.signaltom.com,https://www.youtube.com/channel/UC3xwVsm93A9zwvNfEGmSVOw,,ðŸ¤©å•Ÿå‹•ä½ çš„äº¤æ˜“äº‹æ¥­ç”Ÿæ¶¯ æœ€æ–°è¨“ç·´ç‡Ÿè³‡æ–™\r\nhttp://www.signaltom.com
https://www.tradingview.com/u/Albee_68/,,,https://twitter.com/Albee_68,
https://www.tradingview.com/u/lamchiho/,,,,
https://www.tradingview.com/u/Oh2bbbbb/,https://t.me/OH2BIndicator,,https://twitter.com/OH2BTrading,OH2B TRADING INDICATOR is built for beginners to trade with a high profitability rate.\n\nJoin our referral program for a free trial. DM us now!!\nhttps://www.bybit.com/en-US/invite?ref=3R4JM\nhttps://ftx.com/#a=OH2B\n\nTelegram: https://t.me/OH2BIndicator
https://www.tradingview.com/u/erick16899/,,,,
https://www.tradingview.com/u/HOPE777/,,,,
https://www.tradingview.com/u/seanchen_bs/,,,,
https://www.tradingview.com/u/albee_888/,,,https://twitter.com/Albee_68,
https://www.tradingview.com/u/liuhanzhang75/,,,,
https://www.tradingview.com/u/park228/,,,https://twitter.com/hwadawey,
https://www.tradingview.com/u/CryptoLaplace/,,,https://twitter.com/cryptolaplace,
https://www.tradingview.com/u/mrdolllll/,,,,
https://www.tradingview.com/u/Cryengine15/,,,,
https://www.tradingview.com/u/tonypai/,,,,
https://www.tradingview.com/u/Art_of_Trades/,,,https://twitter.com/Trader_Ezreal,
https://www.tradingview.com/u/ghyqqz2934/,,,,
https://www.tradingview.com/u/alvin_tseng/,,,,
https://www.tradingview.com/u/NATTOBIT/,,https://www.youtube.com/channel/UCbJ3Gr6iqjcW3JySSGuS0uw,,
https://www.tradingview.com/u/jiqiangzhu888/,,,,
https://www.tradingview.com/u/trexhuanghuang/,,,,
https://www.tradingview.com/u/phillip011437/,,,,
https://www.tradingview.com/u/marcuschichichi/,,,,
https://www.tradingview.com/u/okamipride/,,,,
https://www.tradingview.com/u/mao958077/,,,,
https://www.tradingview.com/u/a0964314/,,,,
https://www.tradingview.com/u/kakaluote/,http://www.weibo.com/kakacyberspace,,,å¾®åšï¼šäº¤æ˜“å‘˜å¡å¡ \næ°¸ä¹…20%è¿”çŽ°ä¸“å±žé“¾æŽ¥ðŸ”—https://accounts.binancezh.cz/zh-CN/register?ref=D90ATF6J\n(ä½ çš„æ¯ç¬”äº¤æ˜“æ‰‹ç»­è´¹èŠ‚çœ20%;)ï¼Œ\nðŸ”´å¯å…è´¹åŠ å…¥å¡å¡ç¾¤ï¼Œäº«20%ä½£é‡‘è¿”è¿˜\nðŸ”´ä¸”å¯åŠ å…¥å¡å¡æ— é™æœŸå’¨è¯¢æœåŠ¡æ˜Ÿçƒï¼Œæé—®ä»»æ„äº¤æ˜“å“ç§ï¼Œæ— æœŸé™å›žç­”æœåŠ¡ï¼›\nâš«ï¸ç¾¤é‡Œæä¾›(æŠ€æœ¯åˆ†æž/TradingViewå›¾ç¤ºè¯´æ˜Ž/ä»“ä½â€¢å®žæ“ç­–ç•¥/æ½œåŠ›å¸ç§åˆ†äº«)
https://www.tradingview.com/u/SunxiaoQ/,,,,
https://www.tradingview.com/u/TradingWaves12345/,,,,
https://www.tradingview.com/u/davidhuang5678/,,,https://twitter.com/DJMipao,
https://www.tradingview.com/u/noiredist/,,,,
https://www.tradingview.com/u/clement10601/,,,,
https://www.tradingview.com/u/huifeidema/,,,,
https://www.tradingview.com/u/smallsun/,,,,
https://www.tradingview.com/u/s91243/,,,,
https://www.tradingview.com/u/TT_Muller/,,,https://twitter.com/@ttmullerio,
https://www.tradingview.com/u/kevinchen191/,,,,
https://www.tradingview.com/u/Trader-Danny/,,,,
https://www.tradingview.com/u/kaixuanisback/,,,,
https://www.tradingview.com/u/DORIS777/,,,,
https://www.tradingview.com/u/adsl99801yahoo/,,,,
https://www.tradingview.com/u/Michal1991tptw/,,,,
https://www.tradingview.com/u/topaulryu/,,,,
https://www.tradingview.com/u/z24248663/,,,,
https://www.tradingview.com/u/xide18/,,,,
https://www.tradingview.com/u/kill52784/,,,,
https://www.tradingview.com/u/eagleffi/,,,,
https://www.tradingview.com/u/lsking0425/,,,,
https://www.tradingview.com/u/t8851201/,,,,
https://www.tradingview.com/u/iou2000-2008/,,,,
https://www.tradingview.com/u/LOOKME_TREE/,,,,
https://www.tradingview.com/u/FingersFxJD/,https://www.fingersfx.com/,https://www.youtube.com/channel/UCv62aV9jIr1_zruzX4AszQA,,
https://www.tradingview.com/u/jonhlay/,,,,
https://www.tradingview.com/u/yisfund/,,,https://twitter.com/lihezou,
https://www.tradingview.com/u/shane0117/,,,,
https://www.tradingview.com/u/fredsoo/,,,,
https://www.tradingview.com/u/WarrenBuckett/,,,,
https://www.tradingview.com/u/Family198765/,,,,
https://www.tradingview.com/u/tsunghsun0127/,,,,
https://www.tradingview.com/u/GDHFang/,,,,
https://www.tradingview.com/u/CakeBaBa/,,,,
https://www.tradingview.com/u/PixiyON/,,,,
https://www.tradingview.com/u/huaxiabiwang/,,,,
https://www.tradingview.com/u/CPT21_Sean/,,,,
https://www.tradingview.com/u/mengnan/,,,,
https://www.tradingview.com/u/Diohu/,,,,
https://www.tradingview.com/u/dailyfxasia_legen/,,,https://twitter.com/@YearLegend,
https://www.tradingview.com/u/Wu_Yue/,,,,
https://www.tradingview.com/u/luckpeace003/,,,,
https://www.tradingview.com/u/highighig3/,,,,
https://www.tradingview.com/u/Oldski/,,,,
https://www.tradingview.com/u/johnnyso/,,,,
https://www.tradingview.com/u/andymouse/,,,,
https://www.tradingview.com/u/btc526314/,https://weibo.com/ggg986,,,å¾®ä¿¡ï¼šbtc526314\nå…¬ä¼—å·/å¾®åšï¼šå¸å°G
https://www.tradingview.com/u/DailyFX-Lisa/,,,,
https://www.tradingview.com/u/kotony710708/,,,,
https://www.tradingview.com/u/GX_link/,,,https://twitter.com/mikeand159,
https://www.tradingview.com/u/wwwyyyzzz/,,,,
https://www.tradingview.com/u/DailyFX_DavidFan/,,,https://twitter.com/davidxffan2,
https://www.tradingview.com/u/DailyFX-ArthurZhang/,,,https://twitter.com/@ArthurZ22426704,
https://www.tradingview.com/u/justy2039/,,,,
https://www.tradingview.com/u/GO_MARKET/,https://t.me/fxmarket_view,,,Find the discipline and stability to be a long term winner with us ðŸ“š\n\nâ–¶ð—™ð—¥ð—˜ð—˜ ð—§ð—˜ð—Ÿð—˜ð—šð—¥ð—”ð—  â–¶ https://t.me/fxmarket_view\nðŸ’±Recommended Broker https://bit.ly/39u6J0A\nOpen a Live Account: CLAIM UP TO 50% WELCOME BONUS!
https://www.tradingview.com/u/Mike-one/,,,,
https://www.tradingview.com/u/ericresearchgann/,,,,
https://www.tradingview.com/u/liwei0908/,https://ftx.com/#a=LiWei,,https://twitter.com/liwei0908,å…¬é–‹é »é“ : https://t.me/LiWeiTradingChannel\nå…¬é–‹è¨Žè«–å€ : https://t.me/LiWeiTradingGroup\nFTXäº¤æ˜“æ‰€è¨»å†Šé€£çµ : https://ftx.com/#a=LiWei\nFTXPayæ‰“è³ž : https://bit.ly/2T5ZhCz\nTradingView å…è²»ç²å¾— $30 æŽ¨è–¦é€£çµ : https://bit.ly/3hKDFWN
https://www.tradingview.com/u/qazft12v/,,,,
https://www.tradingview.com/u/mengfanchao199088/,,,,
https://www.tradingview.com/u/monhgerel123/,,,,
https://www.tradingview.com/u/ching7681/,,,,
https://www.tradingview.com/u/jc888win/,,,,
https://www.tradingview.com/u/GuTsaiKing/,,,,
https://www.tradingview.com/u/SpiderYU/,,,,
https://www.tradingview.com/u/famousLeader2990/,,,https://twitter.com/è®¤åŒæ„Ÿ,
https://www.tradingview.com/u/justhappyboy/,,,,
https://www.tradingview.com/u/ycdcyangchu/,,,,
https://www.tradingview.com/u/samchenfx17/,,,,
https://www.tradingview.com/u/verdurejuice/,,,,
https://www.tradingview.com/u/m876080lin/,,,,
https://www.tradingview.com/u/a141856/,,,,
https://www.tradingview.com/u/elite4crypto/,,,,
https://www.tradingview.com/u/nx33263326/,,,,
https://www.tradingview.com/u/RRay_H/,,,,
https://www.tradingview.com/u/maxlapww59401/,,,,
https://www.tradingview.com/u/MG-coolturtle/,,,,
https://www.tradingview.com/u/urushia35/,,,https://twitter.com/urushia35,
https://www.tradingview.com/u/xuduoduo13/,,,,
https://www.tradingview.com/u/BowenSai/,,,,
https://www.tradingview.com/u/PandaLoveBTC/,,,,
https://www.tradingview.com/u/wj33456/,,,,
https://www.tradingview.com/u/AceFortune/,,,,
https://www.tradingview.com/u/ska4908/,,,,
https://www.tradingview.com/u/ubamboo0214/,,,,
https://www.tradingview.com/u/HKUSASTOCKKING/,,https://www.youtube.com/channel/UCSBT_coDmYAZ4IQ36UF0qpQ,https://twitter.com/hkusastock,
https://www.tradingview.com/u/ThomasLau_RS/,,,https://twitter.com/thomaslaucoast,
https://www.tradingview.com/u/pochishih/,,,,
https://www.tradingview.com/u/asuei5230/,,,,
https://www.tradingview.com/u/dondon3210123/,,,,
https://www.tradingview.com/u/M9319/,,,,
https://www.tradingview.com/u/openfibers/,,,,
https://www.tradingview.com/u/Shawn_Lin/,,,,
https://www.tradingview.com/u/w1378964756/,,,,
https://www.tradingview.com/u/Rokaishon/,,,,
https://www.tradingview.com/u/ilovenagi30032/,,,,
https://www.tradingview.com/u/Procyons/,,,,
https://www.tradingview.com/u/w8w800/,,,,
https://www.tradingview.com/u/ZiYanQiao/,,,,
https://www.tradingview.com/u/INTRADING_68/,,,,
https://www.tradingview.com/u/gianten/,,,,
https://www.tradingview.com/u/adorerlemex/,,,https://twitter.com/adorerlemex,
https://www.tradingview.com/u/xiaomanlunbi/,,,,
https://www.tradingview.com/u/ALP-Global/,,,,
https://www.tradingview.com/u/zhangs/,,,https://twitter.com/Crow61321615,
https://www.tradingview.com/u/Jffff/,,,,
https://www.tradingview.com/u/Ming-HanWU/,,,,
https://www.tradingview.com/u/sdeade/,,,https://twitter.com/btc_pp,
https://www.tradingview.com/u/t03238/,,,,
https://www.tradingview.com/u/HUANG_BaoBaoBao/,,,,
https://www.tradingview.com/u/PCAtroupe/,,,,
https://www.tradingview.com/u/Ryancaron100/,,,,
https://www.tradingview.com/u/XuRenWei/,,,https://twitter.com/shijenwai,
https://www.tradingview.com/u/skywalkdd/,,,,
https://www.tradingview.com/u/AmoebaTrading/,,,,
https://www.tradingview.com/u/a0925941739/,,,,
https://www.tradingview.com/u/matthewtheking/,,,,
https://www.tradingview.com/u/Rytotw/,,,,
https://www.tradingview.com/u/ahgah12312/,,,,
https://www.tradingview.com/u/BreathofHyrule/,,,,
https://www.tradingview.com/u/consistentBear46937/,,,,
https://www.tradingview.com/u/may_king/,,,,
https://www.tradingview.com/u/Zen110/,,,,
https://www.tradingview.com/u/WeeklyFX/,,,,
https://www.tradingview.com/u/Lai_Shun_Wah/,,https://www.youtube.com/channel/UC4yhHXRDGkb200rwf-nkBCA,https://twitter.com/Ericlaisir,
https://www.tradingview.com/u/Marcel_lam/,,,,
https://www.tradingview.com/u/myxx/,,,,
https://www.tradingview.com/u/sevenjay/,https://wavelet.growi.cloud/,,https://twitter.com/sevenjay,
https://www.tradingview.com/u/bonewei/,,,https://twitter.com/PP8Q3FsqnJ6u4mT,
https://www.tradingview.com/u/e8331083310/,,,,
https://www.tradingview.com/u/Mr_Zhuang/,,,,
https://www.tradingview.com/u/edisonlee6688/,,,,
https://www.tradingview.com/u/wuchiwei17/,,,,
https://www.tradingview.com/u/AlexChann/,,,,
https://www.tradingview.com/u/miyafuji16/,,,,
https://www.tradingview.com/u/free_man_W_M/,,,,
https://www.tradingview.com/u/howardpro/,,,,
https://www.tradingview.com/u/LOLO927/,,,,
https://www.tradingview.com/u/diamond168888/,,,https://twitter.com/diamond168888,
https://www.tradingview.com/u/p25533407/,,,,
https://www.tradingview.com/u/a951371970/,,,,
https://www.tradingview.com/u/godchu/,,,,
https://www.tradingview.com/u/jasonclapton/,,,,
https://www.tradingview.com/u/ajohn0820/,,,,
https://www.tradingview.com/u/a22686852/,,,,
https://www.tradingview.com/u/leeakinori/,,,https://twitter.com/lkbv2w,
https://www.tradingview.com/u/ZongYingLi/,,,,
https://www.tradingview.com/u/WeiJieYe/,,,,
https://www.tradingview.com/u/juanchi0702/,,,,
https://www.tradingview.com/u/EquityX/,,,,
https://www.tradingview.com/u/traderscolo-chinese/,,,https://twitter.com/@traderscolo,
https://www.tradingview.com/u/kaipinglu/,,,,
https://www.tradingview.com/u/Rayray72/,,,,
https://www.tradingview.com/u/TendencyForex/,,,,
https://www.tradingview.com/u/hEintz95/,,,,
https://www.tradingview.com/u/a9610230101/,,,,
https://www.tradingview.com/u/pan7895123/,,,,
https://www.tradingview.com/u/leo810512/,,,,
https://www.tradingview.com/u/peterfei168/,,,,
https://www.tradingview.com/u/willson901030/,,,,
https://www.tradingview.com/u/docsonearth/,,,,
https://www.tradingview.com/u/MacroMicro_Global/,,https://www.youtube.com/channel/UCJQhj8fYxzv0saTqRe7f1AQ,https://twitter.com/MacroMicro12,
https://www.tradingview.com/u/ronsiu/,,,,
https://www.tradingview.com/u/DailyFX_Ashley/,,,,
https://www.tradingview.com/u/DingDing3/,,,,
https://www.tradingview.com/u/luckyBird44270/,,,,
https://www.tradingview.com/u/XRPROHK/,,,https://twitter.com/crypto4x,
https://www.tradingview.com/u/mathlife36/,,,https://twitter.com/mathlife36,
https://www.tradingview.com/u/snack7886/,,,,
https://www.tradingview.com/u/FX-MarsTrader/,,,,
https://www.tradingview.com/u/Gogogostock/,,,,
https://www.tradingview.com/u/ChengJui/,,,,
https://www.tradingview.com/u/xuanxuan909/,,,,
https://www.tradingview.com/u/Dailyfxaisa_Lisa/,,,,
https://www.tradingview.com/u/polysa/,,,,
https://www.tradingview.com/u/JackelMa/,,,,
https://www.tradingview.com/u/wingycli/,,,,
https://www.tradingview.com/u/a76428746/,,,,
https://www.tradingview.com/u/LeafJun/,,,,
https://www.tradingview.com/u/Shock-Lin/,,,,
https://www.tradingview.com/u/yiyin0301/,,,,
https://www.tradingview.com/u/twNo0001/,,,,
https://www.tradingview.com/u/ThomasKCYuan/,,,,
https://www.tradingview.com/u/wsk719/,,,,
https://www.tradingview.com/u/sunnyli727/,,,,
https://www.tradingview.com/u/e10126/,,,,
https://www.tradingview.com/u/joyforex/,,,,
https://www.tradingview.com/u/fengsun/,,,,
https://www.tradingview.com/u/aexs/,,,,
https://www.tradingview.com/u/NgMartin/,,,,
https://www.tradingview.com/u/susheng/,,,,
https://www.tradingview.com/u/a3158588aab/,,,,
https://www.tradingview.com/u/chun8106/,,,https://twitter.com/AlvinChanHK,
https://www.tradingview.com/u/cheungkayu99/,,,,
https://www.tradingview.com/u/chrischancuhkessc/,,,,
https://www.tradingview.com/u/nwingt/,,,https://twitter.com/nwingt,
https://www.tradingview.com/u/dexweng/,,,,
https://www.tradingview.com/u/lil_Wanzi/,,https://www.youtube.com/channel/UC2Dig2Nzf15mTj4E3fU9gRw,,
https://www.tradingview.com/u/ssarcandy/,,,,
https://www.tradingview.com/u/strongAntelope58645/,,,,
https://www.tradingview.com/u/Sammy_Wan/,,,,
https://www.tradingview.com/u/iceNya/,,,https://twitter.com/icedream_Neko,
https://www.tradingview.com/u/Hua_J/,,,,
https://www.tradingview.com/u/Microhelix/,,,,
https://www.tradingview.com/u/Dragon_Z/,,,,
https://www.tradingview.com/u/lordofnull/,,,https://twitter.com/85af399683b7464,
https://www.tradingview.com/u/Dennis_Trader/,,,,
https://www.tradingview.com/u/SultanChou/,,,,
https://www.tradingview.com/u/k5508520/,,,,
https://www.tradingview.com/u/LewisLivermore/,,,,
https://www.tradingview.com/u/opb64/,,,,
https://www.tradingview.com/u/ja88ja8/,,,,
https://www.tradingview.com/u/siotiksing/,,,,
https://www.tradingview.com/u/BrainAxe/,,,,
https://www.tradingview.com/u/xiaole94727/,,,,
https://www.tradingview.com/u/UnknownUnicorn1744498/,,,,
https://www.tradingview.com/u/lcy91231314/,,,,
https://www.tradingview.com/u/cck22hk/,,,,
https://www.tradingview.com/u/justin8340610/,,,,
https://www.tradingview.com/u/bsrs33/,,,,
https://www.tradingview.com/u/EasyGoAiBTC/,,,,
https://www.tradingview.com/u/ATM6808/,,https://www.youtube.com/channel/UCj-3dm6-j4AQllM5wSzvGlg,,
https://www.tradingview.com/u/zkx521/,,,,
https://www.tradingview.com/u/WAYLEEOW/,,,,
https://www.tradingview.com/u/barrykei/,,,,
https://www.tradingview.com/u/a610617/,,,,
https://www.tradingview.com/u/Dennis-sun/,,,,
https://www.tradingview.com/u/traderzls/,,,,ä¸Šå–„è‹¥æ°´ï¼Œå…ˆé—»é“ï¼ŒåŽæ±‚æœ¯\nå¸‚ä¸Šæ¸…æ³‰ï¼Œä¸»åŠ›è§‚æµ‹è€…ã€é‡ä»·åˆ†æžèŒä¸šäº¤æ˜“å‘˜\nå…¬ä¼—å·ï¼šå¸‚ä¸Šæ¸…æ³‰\nè·Ÿå•å¾®ä¿¡ï¼šqmacd8
https://www.tradingview.com/u/rickykong11/,,,,
https://www.tradingview.com/u/S103001582/,,,,
https://www.tradingview.com/u/Minllion/,,,,
https://www.tradingview.com/u/aaron2002/,,,,
https://www.tradingview.com/u/InspireCapital/,,,,
https://www.tradingview.com/u/longbtc888/,,,https://twitter.com/guowenlong2,
https://www.tradingview.com/u/MichaelFang/,,,,
https://www.tradingview.com/u/yihongmold/,,,,
https://www.tradingview.com/u/Jason_Lin/,,,,
https://www.tradingview.com/u/leejunyi1234/,,,,
https://www.tradingview.com/u/a0928408764/,,,,
https://www.tradingview.com/u/Anly_Chou/,,,,
https://www.tradingview.com/u/leunghoiyuen/,,,,
https://www.tradingview.com/u/Eagle_777/,,,,
https://www.tradingview.com/u/aliko9/,,,,
https://www.tradingview.com/u/JacksonX/,,,,
https://www.tradingview.com/u/moneytreemtc/,,,,
https://www.tradingview.com/u/DiamondJacob/,,,,
https://www.tradingview.com/u/hugoaycf2008/,,,,
https://www.tradingview.com/u/qingxin/,,,,
https://www.tradingview.com/u/dubiety/,,,,
https://www.tradingview.com/u/yu_wei1213/,,,,
https://www.tradingview.com/u/HyperAlphaPro/,,https://www.youtube.com/channel/UC59j5NEb7PRJnHWL6WlOu3A,https://twitter.com/HyperAlphaPro,
https://www.tradingview.com/u/oneezete/,,,,
https://www.tradingview.com/u/WANWNWANAWN/,,,,
https://www.tradingview.com/u/imtop4/,,,,
https://www.tradingview.com/u/USAstockwatch/,,,,
https://www.tradingview.com/u/Ollieplanter/,,,,
https://www.tradingview.com/u/SuperMars/,,,https://twitter.com/mars_gn02098658,
https://www.tradingview.com/u/edietsui/,,,,
https://www.tradingview.com/u/AngusLukLuk/,,,,
https://www.tradingview.com/u/Kubero/,,,,
https://www.tradingview.com/u/regretless/,,,,
https://www.tradingview.com/u/ak23468/,,,,
https://www.tradingview.com/u/Amanada/,,,,
https://www.tradingview.com/u/tienyi111/,,,,
https://www.tradingview.com/u/jingjing1983/,,,,
https://www.tradingview.com/u/Crypto_Mask/,,,,
https://www.tradingview.com/u/josh-trader/,,,,
https://www.tradingview.com/u/amischeung/,,,,
https://www.tradingview.com/u/pdafight/,,,https://twitter.com/pdafight,
https://www.tradingview.com/u/Taiwan_Bear/,,,,
https://www.tradingview.com/u/Rong83/,,,,
https://www.tradingview.com/u/forkandme/,,,,
https://www.tradingview.com/u/shibainu_fox_/,,,,
https://www.tradingview.com/u/AGOtrading/,,,,
https://www.tradingview.com/u/3ced2c9f14c24839/,,,,
https://www.tradingview.com/u/rosaline989/,,,,
https://www.tradingview.com/u/MarkLuk/,,,https://twitter.com/katrinluk,
https://www.tradingview.com/u/Smith_by_VPPBSS/,https://t.me/joinchat/O4ye4U_cgKA75hrHeLT8iw,,,æ›´å¤šå³æ™‚ç­–ç•¥è¨Žè«–ç¾¤\nhttps://t.me/joinchat/O4ye4U_cgKA75hrHeLT8iw\n\n$mith ä¸€æˆå›žå ±é »é“ \nhttps://t.me/joinchat/AAAAAFeoJzbKZ3NDHElm8A\n\n$mith ç¾Žè‚¡é »é“\nhttps://t.me/joinchat/AAAAAEYqHP13tSHSE0faBg\n\n$mith (å£¹ç™¾è¬) ä¸­é•·ç·šå€‰\nhttps://t.me/joinchat/AAAAAFCxYEf-mptr8ud5_w
https://www.tradingview.com/u/jay19961216/,,,,
https://www.tradingview.com/u/kovaca/,,,,
https://www.tradingview.com/u/Lindalindattc/,,,,
https://www.tradingview.com/u/TAOtaoduleisi/,,,,
https://www.tradingview.com/u/dongwd2016/,,,https://twitter.com/WendongD,
https://www.tradingview.com/u/Stocksea/,,,,
https://www.tradingview.com/u/ae234630/,,,,
https://www.tradingview.com/u/ahuimin88/,,,,
https://www.tradingview.com/u/Spid3r/,,,,
https://www.tradingview.com/u/donquixotemath/,,,,
https://www.tradingview.com/u/steveli1029/,,,https://twitter.com/Steveli00298861,
https://www.tradingview.com/u/STAR_Crypto_Exhibition/,,,,
https://www.tradingview.com/u/Blu_and_HakerT/,,,,
https://www.tradingview.com/u/srxzii73436/,,,,
https://www.tradingview.com/u/cd89003/,,,,
https://www.tradingview.com/u/clothespinerror/,,,,
https://www.tradingview.com/u/mm00787/,,,,
https://www.tradingview.com/u/baipiao666/,,,,
https://www.tradingview.com/u/hkhappy/,,,,
https://www.tradingview.com/u/hkrpchung/,,,,
https://www.tradingview.com/u/LinRueiWei/,,,,
https://www.tradingview.com/u/ralphfighting/,,,,
https://www.tradingview.com/u/Trader-Alex/,https://www.facebook.com/BlockInCrypto,,,Telegram é »é“ https://t.me/joinchat/AAAAAEkYrPOuBwTC5c4l5g\n\n\näº¤æ˜“æ‰€è¨»å†Šé€£çµï½œ>\n\nBingbon |>\nhttps://reurl.cc/YlNAQa\n\nBinance |> \nhttps://reurl.cc/EzG0bR\n\nPionex |>\nhttps://reurl.cc/Q34qVZ
https://www.tradingview.com/u/sherritom2738/,,,,
https://www.tradingview.com/u/yumingla2007/,,,,
https://www.tradingview.com/u/yuchien/,,,,
https://www.tradingview.com/u/UnknownUnicorn4595572/,,,,
https://www.tradingview.com/u/casper1205/,,,,
https://www.tradingview.com/u/ryan0122/,,,,
https://www.tradingview.com/u/Eric_Wang/,,,,
https://www.tradingview.com/u/daiyuu_chikyuu/,,,,
https://www.tradingview.com/u/hslisan/,,,,
https://www.tradingview.com/u/KoduckChen/,,,,
https://www.tradingview.com/u/yenjulius/,,,,
https://www.tradingview.com/u/elweiluvatar/,,,,
https://www.tradingview.com/u/Jack1996/,,,,
https://www.tradingview.com/u/V424S/,,,,
https://www.tradingview.com/u/NicCheung/,,,,
https://www.tradingview.com/u/Jacky0754/,,,,
https://www.tradingview.com/u/CHECKTALK/,,,,
https://www.tradingview.com/u/jojofang0901/,,,,
