https://www.tradingview.com/u/EC-M/,,,https://twitter.com/GK_Che,åœ¨å¤–æ±‡è·¯ä¸Šè¡Œèµ°äº†12å¹´çš„ä¿®é“è€…ï¼Œæš‚æ—¶åœ¨æœ¬äººçš„äº¤æ˜“ç³»ç»Ÿå¸¦é¢†ä¸‹åˆå…¥é—¨é“ï¼Œè‡´åŠ›ç»“åˆå·¦å³ä¾§äº¤æ˜“çš„å…¨è¿‡ç¨‹ï¼Œä¸åšä»»ä½•ç”¨å›¾å½¢åŒ¹é…è¡Œä¸ºï¼Œåªæä¾›å¦ä¸€ä¸ªå…¨æ–°çš„è§†è§’çœ‹è¡Œæƒ…ã€‚\n\nWeChatï¼šEC-MTraderï¼ˆ1069354762ï¼‰\n\nè¯¦ç»†æ¨æ¼”è¿‡ç¨‹åœ¨çŸ¥è¯†æ˜Ÿçƒä¸Š
https://www.tradingview.com/u/comooring/,,,https://twitter.com/len37372919,
https://www.tradingview.com/u/tRADERlI-/,,,,
https://www.tradingview.com/u/CoinMarket7/,,,,
https://www.tradingview.com/u/lrroy/,,,,
https://www.tradingview.com/u/renwoxing1108/,,,,
https://www.tradingview.com/u/cafe37/,,,,
https://www.tradingview.com/u/flowercaptial/,,https://www.youtube.com/channel/UCSuVO2Yq-iLDsAsO-CpdhWQ,https://twitter.com/huahuayjy,
https://www.tradingview.com/u/Liu8182/,,,https://twitter.com/Liu_xyuan,
https://www.tradingview.com/u/SQ-168/,,,https://twitter.com/qg7TorFeN9rChAz,
https://www.tradingview.com/u/Francis_BTC/,,,,
https://www.tradingview.com/u/blacktailbat/,,,,
https://www.tradingview.com/u/WAVE393/,,,https://twitter.com/WAVE393,å–„çŒè€…å¿…å–„äºç­‰å¾…ã€‚
https://www.tradingview.com/u/scarletsakura/,https://discord.gg/FKuaSSEm3s,https://www.youtube.com/channel/UCelAiiHT69SaPjNS-p7323A,https://twitter.com/Scarletsakura5,ç»“æœå·²ç»å‘Šè¯‰ä½ äº† è¦ç™½å«–æ‰‹æ³•å°±æ˜¯è‡ªæ‰¾æ²¡è¶£äº†\r\n\r\nä»˜è´¹é¢‘é“ https://discord.gg/FKuaSSEm3s \r\n\r\nä»˜è´¹å†…å®¹ä¸ºç”¨æ³¢æµªç†è®ºåˆ†æbtc ç¾è‚¡çº³æ–¯è¾¾å…‹å’Œæ ‡æ™®æœŸè´§ç­‰ å¶å°”åˆ†æå…¶ä»–çš„\r\n\r\næ²¹ç®¡ https://www.youtube.com/channel/UCelAiiHT69SaPjNS-p7323A\r\n\r\næ”¶è´¹ç”»å›¾50Uä¸€æ¬¡ åªç”»èƒ½ç”»çš„ åŒ…æ‹¬ä¸€ä¸ªä¸»è¦æ•°æµªæ–¹æ¡ˆå’Œæ¬¡è¦æ•°æµªæ–¹æ¡ˆï¼ˆæ²¡æœ‰æ¬¡è¦æ–¹æ¡ˆä¼šåœ¨ä¸»è¦æ–¹æ¡ˆå¤±æ•ˆä¹‹åé‡ç”»ï¼‰ è¯·ä¸€å®šè¦å¯¹æ³¢æµªæœ‰ä¸ªåŸºæœ¬è®¤çŸ¥å¦åˆ™å‹¿æ‰°
https://www.tradingview.com/u/lfq18214997268/,,,,
https://www.tradingview.com/u/xiaoheige/,,,https://twitter.com/Tiger5z2,
https://www.tradingview.com/u/Trader-chunpat/,,,,
https://www.tradingview.com/u/chenchencheng2011/,,,https://twitter.com/chenchencheng20,
https://www.tradingview.com/u/Cryptodengta/,https://note.youdao.com/s/NScl6Fpk,https://www.youtube.com/channel/UCHo6RoyKIve6qjTXWayMkNw,https://twitter.com/Cryptodengta,å¸åœˆæ‰€æœ‰é“¾æ¥å¯¼èˆªï¼šhttps://note.youdao.com/s/NScl6Fpk\nç”µæŠ¥ç¾¤ï¼šhttps://t.me/+D0mIIE7_4zA4ZThl\nè§†é¢‘è§‚çœ‹åœ°å€ï¼š\nå¾®åšï¼šhttps://weibo.com/2310369790\nç”µæŠ¥/æ¨ç‰¹/æ²¹ç®¡ç­‰ï¼ŒåŒåï¼šCryptodengta\n\nè·Ÿå•å…¥ç¾¤+å¾®ä¿¡ï¼šbtcdengtaï¼ˆå¤‡æ³¨TVï¼‰
https://www.tradingview.com/u/jinhuideshou/,,,,
https://www.tradingview.com/u/TraderMaxLiu/,,https://www.youtube.com/channel/UCRLrrd6A2RGur4M_XfDkdDA,,
https://www.tradingview.com/u/blackcat1402/,https://discord.gg/ZTGpQJq,,https://twitter.com/_blackcat1402,"Donate TRC20 USDT to below address, 5USDT per monthly sub, 50USDT per yearly sub: TNz84MjJTWUUUyQFpPNjaAU7J2SwhJJ7j9\r\nNote: USDT_TRC20 deposits sent from decentralized exchanges are not yet supported."
https://www.tradingview.com/u/Forex_Man/,,,,
https://www.tradingview.com/u/tbzc666/,,,https://twitter.com/tbzc666,
https://www.tradingview.com/u/asiafinancier/,,,,
https://www.tradingview.com/u/ZacharyZcR/,,,https://twitter.com/HikasaHana,
https://www.tradingview.com/u/trading_dooog/,,,,
https://www.tradingview.com/u/KisonChan/,,,,
https://www.tradingview.com/u/AirForce-One/,,,https://twitter.com/MSCI_Inc,
https://www.tradingview.com/u/long_jojo/,,,,
https://www.tradingview.com/u/sbl19212/,,https://www.youtube.com/channel/UCUmskBA4VumGPLLOA6-g5zg,https://twitter.com/Luke83608846,
https://www.tradingview.com/u/Trackfx/,,https://www.youtube.com/channel/UCxWw9v12in2BDhwed9k-h_Q,,
https://www.tradingview.com/u/zhaopengd691/,,,,
https://www.tradingview.com/u/jiashu/,,,,
https://www.tradingview.com/u/EliteOtaku/,,https://www.youtube.com/channel/UCeZQQQ_NsilEz9dUU8E2gew,https://twitter.com/winnt1978,
https://www.tradingview.com/u/VolMitch/,,https://www.youtube.com/channel/UC5FccQyBhdWF9_uoY6GRoSg,,
https://www.tradingview.com/u/tamuraozie00/,,,,
https://www.tradingview.com/u/Ronnie_Dong/,,https://www.youtube.com/channel/UCWRAtzLosbGhVt4-fDDSNPw,https://twitter.com/Ronnie___Dong,
https://www.tradingview.com/u/zijun/,,,,
https://www.tradingview.com/u/rong1/,,,,
https://www.tradingview.com/u/Lifeislikeaplay/,,,,
https://www.tradingview.com/u/Mr_hua/,,,https://twitter.com/H96h20,
https://www.tradingview.com/u/butterflyfly/,,,,
https://www.tradingview.com/u/NFTsRulerGao/,,,https://twitter.com/CryptoGaoming,
https://www.tradingview.com/u/K-xianrensheng/,,https://www.youtube.com/channel/UCkJdoHS_moN0PE53_yGkDZQ,https://twitter.com/Jake49599992,
https://www.tradingview.com/u/Trader-LuYao/,https://weibo.com/3084559322/profile?rightmod=1&wvr=6&mod=personnumber&is_all=1,https://www.youtube.com/channel/UCvxmSn1wICkhmVZjN_0DV6Q,https://twitter.com/LuYao_Trader,æˆ‘æ˜¯è·¯é¥ï¼Œä¸“æ³¨äºæ•°å­—è´§å¸äº¤æ˜“åŠè¡Œæƒ…åˆ†äº«ã€‚\nç‰¹åˆ«æç¤ºï¼š\näº¤æ˜“æœ¬èº«å°±æ˜¯æ¦‚ç‡æ¸¸æˆï¼Œåœ¨èƒœç‡ä»¥åŠç›ˆäºæ¯”æœ‰ä¼˜åŠ¿çš„æƒ…å†µä¸‹åˆ©ç”¨èµ„é‡‘ç®¡ç†å»æ‰©å¤§ä½ çš„åˆ©æ¶¦ï¼Œä¸è¦å»è¿½æ±‚çŸ­æœŸçš„æš´åˆ©ï¼\næ°¸è¿œè®°ä½ï¼šç›ˆäºåŒæºã€‚\n\næ›´å¤šç²¾å½©è§†é¢‘å†…å®¹å¯åœ¨YouTubeé˜…è§ˆï¼\nhttps://www.youtube.com/channel/UCvxmSn1wICkhmVZjN_0DV6Q
https://www.tradingview.com/u/Trader_CZ/,https://01btc.com,,,4ï¼‰æˆ‘çš„æœ€æ–°æ“ä½œã€â€œT-1000â€äº¤æ˜“ç³»ç»Ÿï¼Œè¯·åŠ å…¥ä¼šå‘˜åæŸ¥çœ‹: https://01btc.com/posts/53559.html\r\n\r\n------å…¶ä»–é“¾æ¥-----\r\n\r\nâ‘ æ»šä»“æ•™ç¨‹ï¼ˆ30å¤©19å€æ”¶ç›Šï¼‰: https://01btc.com/posts/14169.html\r\n\r\nâ‘¡ äº¤æ˜“å“²å­¦: https://01btc.com/posts/10870.html\r\n\r\nâ‘¢äº¤æ˜“å¿ƒç†å­¦:  https://01btc.com/posts/36278.html\r\n\r\nå¾®ä¿¡ï¼š3768126
https://www.tradingview.com/u/XiaoDu11/,,,,
https://www.tradingview.com/u/okexklllllll/,,,,
https://www.tradingview.com/u/sandtll/,,,,
https://www.tradingview.com/u/poten2007/,,,https://twitter.com/poten2007,
https://www.tradingview.com/u/xhzl/,,,,
https://www.tradingview.com/u/jeremy1831/,,,,
https://www.tradingview.com/u/wangsisi168/,,,,
https://www.tradingview.com/u/MiracleTiger/,,,,
https://www.tradingview.com/u/zhaojinghan/,,,,
https://www.tradingview.com/u/harmoniesman/,,https://www.youtube.com/channel/UChD7sLk2pvtk57G90NEDUfg,https://twitter.com/harmoniesman,å¾®ä¿¡ï¼šnaiweichen9912\r\nä¼šå‘˜ç°è´§+åˆçº¦ä¸€å¯¹ä¸€åˆ†æ\r\n200U/æœˆ\r\n400/å­£åº¦\r\n800/å¹´\r\n2000/é•¿æœŸ\r\nï¼ˆé›¶åŸºç¡€ä¸€å¯¹ä¸€æ•™å­¦æŒ‡å¯¼\r\nåŒ…æ•™åŒ…ä¼š+è¡Œæƒ…åˆ†ææœåŠ¡ï¼‰
https://www.tradingview.com/u/wuqianwanshoushou/,,,,
https://www.tradingview.com/u/greglao/,,,,
https://www.tradingview.com/u/jsqking99/,,,,
https://www.tradingview.com/u/Cyning7/,https://discord.gg/vG9aUUPRXP,,https://twitter.com/Cyning77,ğŸ¤–ğŸ¤–ğŸ¤–ğŸ¤–ğŸ¤–ğŸ¤–ğŸ¤–\r\n\r\nè¶‹åŠ¿äº¤æ˜“è€…Â·å¶å°”åšçŸ­çº¿èµšç‚¹å–é…’é’±~\r\nä»˜è´¹TraderÂ·è´¼æ‹‰è´µ~\r\n\r\nå®æ—¶è§‚ç‚¹Twitter: \r\nhttps://twitter.com/Cyning77\r\nç²‰ä¸ç¾¤Discord:\r\nhttps://discord.gg/vG9aUUPRXP
https://www.tradingview.com/u/wsnidaye/,,,https://twitter.com/btccoinmr,
https://www.tradingview.com/u/yuerong520/,,,,
https://www.tradingview.com/u/elufly44/,,,,
https://www.tradingview.com/u/liming1987828/,,https://www.youtube.com/channel/UCwKTSOVSowW7Qp8DxeXbxkw,https://twitter.com/roger13349280,
https://www.tradingview.com/u/emmslaw/,,,,
https://www.tradingview.com/u/JKVX_jktrader888/,,https://www.youtube.com/channel/UCR1IdSO1KID8ysQdNliSq-w,,
https://www.tradingview.com/u/pai2020/,,https://www.youtube.com/channel/UCf30S_zShleb3LMoDEfEZMQ,,
https://www.tradingview.com/u/POIMKNB/,,,,
https://www.tradingview.com/u/JOJOHT66/,,,,
https://www.tradingview.com/u/chinaz/,https://mmbiz.qpic.cn/mmbiz_jpg/PdkvWbbYvX7lJHSVNnicaYBRpoH9QLyg4rw1o3IjCqKAV59IgQLbaLepKNVPH2tFeosMniaagE9Pr4jxxBTwd3cA/640?wx_fmt=jpeg&wxfrom=5&wx_lazy=1&wx_co=1,,https://twitter.com/chinaz1974,æ›´å¤šå†…å®¹è¯·è®¿é—®å…¬ä¼—å·ï¼šé’æ¢…ç…®å¸ qingmeizhubi2\r\nä¸ªäººå¾®ä¿¡å·ï¼š6162575\r\né’æ¢…ç…®å¸åªæœ‰ä¸€ä¸ªå¾®ä¿¡ç¾¤ï¼Œä¸å¸¦å•ï¼Œä¸èå¸ï¼Œæ˜¯æŠ€æœ¯åˆ†æäº¤æµå­¦ä¹ ç¾¤ï¼Œä¸€èˆ¬ä¼šé›†ä¸­åœ¨8:00ã€16:00ã€20:00è¿™ä¸‰ä¸ªæ—¶é—´æ®µåšçœ‹ç›˜åˆ†äº«ã€‚
https://www.tradingview.com/u/Mr-Chen/,,,https://twitter.com/xiaofan1314,ä»£æ“ç›˜/è´¦æˆ·æ‰˜ç®¡ï¼ŒæœˆåŒ–5ï¼…ï¼Œå¾®ä¿¡ ï¼šu31u31
https://www.tradingview.com/u/moxiao/,,,,
https://www.tradingview.com/u/jonnyjumper/,,,,
https://www.tradingview.com/u/unruffledlxy/,,,,
https://www.tradingview.com/u/hello-xiaofengchui/,,,,
https://www.tradingview.com/u/WMX_Q_System_Trading/,,,,åŠ å…¥TVï¼Œ äº«å—æŠ˜æ‰£ï¼Œå¯ç”¨ä¸‹é¢é“¾æ¥\r\n\r\nhttps://cn.tradingview.com/gopro/?share_your_love=WMX_Q_System_Trading
https://www.tradingview.com/u/lovekkcoola/,,,,
https://www.tradingview.com/u/Y-Y-J/,,,,
https://www.tradingview.com/u/lislost/,,,,
https://www.tradingview.com/u/liyefei1201/,,,https://twitter.com/leon12015,å‰å‰æ˜¯æˆ‘çš„çˆ±çŠ¬
https://www.tradingview.com/u/wuhahaha/,,,,
https://www.tradingview.com/u/huangfeihong97/,,,,ã€æŒç»­è¾“å‡ºï¼Œä¸­ç«‹ç†æ€§æ•¬ç•ï¼Œå…±åˆ›å…±èµ¢ï¼ã€‘â€”â€”IPç²¾ç¥\nã€ç›¸é€¢äºæœ€å¥½çš„æ—¶ä»£ï¼Œæ„¿å„ä½å¾—å¿æ‰€æ„¿ï¼ã€‘â€”â€”ç¥è¯­\n\nã€å…è´¹äº¤æµç¾¤ï¼šglory555666ï¼ˆè¯·å¤‡æ³¨TVï¼‰ã€‘
https://www.tradingview.com/u/Harmonic-Trading168/,,,,
https://www.tradingview.com/u/Danlyp/,,,,
https://www.tradingview.com/u/super6tttop/,,,,
https://www.tradingview.com/u/Smo-qingyi/,,,,
https://www.tradingview.com/u/SamuelHP222/,,,,
https://www.tradingview.com/u/xinwei613/,,,,
https://www.tradingview.com/u/mrxiao888888/,,,https://twitter.com/foxi888888,
https://www.tradingview.com/u/kingIsabella/,,,,
https://www.tradingview.com/u/feibilanceon/,https://bitcoin.ritmex.one,,https://twitter.com/discountifu,å¾®ä¿¡ Wechatï¼šyubolun001 ï¼ˆå¤‡æ³¨ï¼šTradingviewï¼‰\r\n------------\r\näº¤æ˜“ç”¨ Binance refferal ä¼˜æƒ ï¼š\r\nhttps://accounts.binance.com/zh-CN/register?ref=20768006\r\nTradingview refferal ä¼˜æƒ ï¼š\r\nhttps://cn.tradingview.com/?aff_id=13033\r\nOKX ä¼˜æƒ ï¼š\r\nhttps://www.ouyicn.art/join/85046829
https://www.tradingview.com/u/Color_Crypto/,,,,
https://www.tradingview.com/u/foolboy/,,,,
https://www.tradingview.com/u/Jason-ch/,,,https://twitter.com/yang12102,
https://www.tradingview.com/u/qt14263/,,,,æƒ³è¦è¿›å¾®ä¿¡ç¾¤ç›´æ¥åŠ æˆ‘ï¼Œä¸šåŠ¡å‘˜å‹¿æ‰°ï¼Œä¸ªäººå¾®ä¿¡ï¼šLW14263
https://www.tradingview.com/u/wuyuangang/,,,,
https://www.tradingview.com/u/pengfs/,,,,
https://www.tradingview.com/u/Artoria_Shu/,,,https://twitter.com/Artoria_Shu,
https://www.tradingview.com/u/SixSigmaAlgo/,,,,
https://www.tradingview.com/u/B_100/,,,,
https://www.tradingview.com/u/JesseHMA/,,https://www.youtube.com/channel/UCfaNJnQr6M1z4jO92_t0pSQ,https://twitter.com/jessegold_shi,
https://www.tradingview.com/u/itwangzhi/,,,,
https://www.tradingview.com/u/Tom2025/,,,,
https://www.tradingview.com/u/gdboy/,,,https://twitter.com/gdboy42816461,
https://www.tradingview.com/u/jimmy88888/,,,,
https://www.tradingview.com/u/zhangyangibi/,,,,
https://www.tradingview.com/u/Harmony_Block_Capital/,,,https://twitter.com/HB_Invest,
https://www.tradingview.com/u/qqq716053/,,,,
https://www.tradingview.com/u/warriorinvest/,,,,
https://www.tradingview.com/u/YCSHJWL/,,https://www.youtube.com/channel/UCMLf3qeJsJJc5HNyVD7QNYQ,https://twitter.com/NakamotoStory,
https://www.tradingview.com/u/YangNaiCangBtc/,,,https://twitter.com/YangYou23234838,
https://www.tradingview.com/u/PENINAJ/,,,,
https://www.tradingview.com/u/zylau/,,,,
https://www.tradingview.com/u/Ian_V7/,,,https://twitter.com/shengliang_zhan,
https://www.tradingview.com/u/Jerry_wang/,,https://www.youtube.com/channel/UCX_mVbrkOC2szGauR1dnD6w,,
https://www.tradingview.com/u/AuCheuk/,,,,
https://www.tradingview.com/u/TimeTrader_01/,,,https://twitter.com/TimeTrader01,æ•°å­—è´§å¸ï¼Œé»„é‡‘ï¼Œè‚¡å¸‚è¡Œæƒ…äº¤æµã€‚\nå¾®ä¿¡ï¼šTimetrader01ï¼ˆè¿›å…è´¹äº¤æµç¾¤ï¼‰
https://www.tradingview.com/u/dongpeng949/,,,,
https://www.tradingview.com/u/XianFeng101/,,,https://twitter.com/VTNuE0tKLGS0N5g,
https://www.tradingview.com/u/zack_huo/,,,,
https://www.tradingview.com/u/weidadejiucai/,,,,
https://www.tradingview.com/u/ATWtrader/,,,,"æŒ‡æ¨™å…è²»æä¾›è¨‚é–±ï¼Œæ­¡è¿é€²ç¾¤è¨è«–ï¼Œä¸€èµ·åšå–®\r\nThe indicator provides free subscriptions, welcome to join our discord channel\r\n\r\nDCï¼š\r\nhttps://discord.gg/XArUp4zmD3\r\n\r\nTGï¼š\r\nhttps://t.me/+QLykmeb1SdNkYTk1"
https://www.tradingview.com/u/Dawson0312/,,,,
https://www.tradingview.com/u/btc_ordinarycitizen/,,,https://twitter.com/huangccm,
https://www.tradingview.com/u/mofa3800/,,,https://twitter.com/agar5757,é‡‘èå¸‚åœºè¯´åˆ°åº•å°±æ˜¯ï¼šæ—¶é—´æ¸¸æˆâ€”æˆæœ¬æ¸¸æˆâ€”å¿ƒç†æ¸¸æˆ\r\nç”³æ˜ï¼šä¸ªäººè§è§£ï¼ŒéæŠ•èµ„å»ºè®®ï¼\r\nå¦‚æœä½ è§‰å¾—è€å¤´ç”»çš„å›¾è®©ä½ æŒ£é’±äº†ï¼Œéšç¼˜æ‰“èµå’¯ï¼\r\næ‰“èµæ–¹å¼\r\n1ï¼šåœ¨è¿™é‡Œå†²å€¼TVä»£å¸\r\n2ï¼šæ•°å­—å¸USDT\r\næˆ‘çš„å……å€¼åœ°å€.åœ°å€å¦‚ä¸‹ï¼š\r\né€‰TRC20å……å€¼ç½‘ç»œ\r\nåœ°å€æ˜¯ TG5vBfBXf6QwF3Z6fN1ZagAMm5wbudwcdW\r\n\r\nç‰¹æ­¤å…¬å‘Šï¼šç”»å›¾æ¶¨ä»·äº†ï¼Œ100usdtä¸€å¼ ï¼å“ˆå“ˆğŸ˜Š\r\n\r\nè°¢è¿‡ï¼
https://www.tradingview.com/u/KingTsungRu/,,,,æˆ‘çš„å…¨éƒ¨è§†é¢‘éƒ½æ˜¯æˆ‘ä¸ªäººè§‚ç‚¹çš„åˆ†äº«ï¼ŒéæŠ•èµ„å»ºè®®ï¼Œè€Œä¸”æˆ‘çš„æƒ³æ³•ä¸ä¸€å®šå…¨éƒ¨éƒ½æ˜¯æ­£ç¡®ï¼Œå¤§å®¶åœ¨åšå†³å®šå‰ä¸€å®šè¦ç‹¬ç«‹æ€è€ƒã€ä»”ç»†è¯„ä¼°ã€‚æˆ‘æ— æ³•ä¸ºå¤§å®¶çš„ç›ˆåˆ©æˆ–æŸå¤±è´Ÿè´£ã€‚æŠ•èµ„æœ‰é£é™©ï¼ŒæŠ•èµ„éœ€è°¨æ…ã€‚
https://www.tradingview.com/u/JLucifer/,,,,åå°”è¡—ä¹‹é¬¼
https://www.tradingview.com/u/Anruoshan/,,,https://twitter.com/immaokai,
https://www.tradingview.com/u/okkoko/,,,,
https://www.tradingview.com/u/ruoruo131494/,,,,
https://www.tradingview.com/u/A1992007020/,,,https://twitter.com/Vx1992007020,
https://www.tradingview.com/u/Dahuzi-Swingtrader/,https://huziguanbi.com/,https://www.youtube.com/channel/UCfO4rhvhRPb9U0lqCC0m3nQ,https://twitter.com/Dahuzi74686011,"ğŸ›‘ğŸ›‘ğŸ›‘ğŸ›‘ğŸ›‘ğŸ›‘ğŸ›‘ğŸ›‘ğŸ›‘\r\n\r\nè¯¦ç»†å†…å®¹å…³æ³¨twitter\r\n\r\nèƒ¡å­ï¼Œå…‰å¤´ï¼Œä¸å€Ÿé’±ã€‚\r\nçŸ¥è¯†åˆ†äº«æ¨ä¸»ï¼ŒèŒä¸šäº¤æ˜“åŠé€€å¸ˆ ,BAYC #254  MAYC#23595\r\n\r\nåäººæœ€å¤§çš„ä¼ ç»Ÿå›¾è¡¨äº¤æ˜“ç¤¾åŒºï¼šhttps://discord.gg/mGh9GsKj"
https://www.tradingview.com/u/susuger888/,,,,
https://www.tradingview.com/u/Trader_AY/,,,,
https://www.tradingview.com/u/Hell-Life/,,,,
https://www.tradingview.com/u/stephenDing/,,,,
https://www.tradingview.com/u/Nefelibata_/,,,,
https://www.tradingview.com/u/jianglong522/,,,,
https://www.tradingview.com/u/Aposeimi/,,,,
https://www.tradingview.com/u/yudaowo/,,,,
https://www.tradingview.com/u/ancha8883/,,,,
https://www.tradingview.com/u/yueqian/,,,https://twitter.com/K3d6jkXOKuWJNK9,
https://www.tradingview.com/u/Vitcoin_/,,,,
https://www.tradingview.com/u/ChengYue626/,,,,
https://www.tradingview.com/u/cailinliu/,,,,
https://www.tradingview.com/u/zhuzilan/,,,,
https://www.tradingview.com/u/kno_ci/,,,,
https://www.tradingview.com/u/qwekjc/,,,,
https://www.tradingview.com/u/tea2house/,,,,
https://www.tradingview.com/u/wxsh1988/,,,,
https://www.tradingview.com/u/peter-l/,,,https://twitter.com/peter83437938,æœ‰äººè§‰å¾—æˆ‘åªæ˜¯æç¤ºé£é™©ï¼Œå¾ˆå°‘æç¤ºæœºä¼šã€‚å…¶å®è¿™ä¸ªå¸‚åœºï¼Œç›²ç›®çœ‹å¤šï¼Œç¼ºä¹é£é™©æ„è¯†æ˜¯å¤šæ•°äººçš„ç‰¹æ€§ã€‚å¦‚æœæˆ‘æç¤ºçœ‹å¤šï¼Œä¸è¿‡æ˜¯é”¦ä¸Šæ·»èŠ±ï¼›ä½†æç¤ºé£é™©ï¼Œç¡®æ˜¯é›ªä¸­é€ç‚­ã€‚\néœ€è¦æ¯æ—¥åˆ†æï¼Œè¯·æœç´¢å¾®ä¿¡å·peter-tqbjï¼Œè·å–å…è´¹è¯•ç”¨æœºä¼šã€‚
https://www.tradingview.com/u/E-Talk/,,,https://twitter.com/Etalk_Crypto,
https://www.tradingview.com/u/KevinZong/,,,,
https://www.tradingview.com/u/m08082309/,,,,
https://www.tradingview.com/u/amos19940507/,,,,
https://www.tradingview.com/u/Julianliu/,,,,
https://www.tradingview.com/u/RAINLI/,,,https://twitter.com/rainli9871,
https://www.tradingview.com/u/BernhardAnalytics/,,,,
https://www.tradingview.com/u/agdholo/,,,https://twitter.com/stackFlam1ngo,
https://www.tradingview.com/u/wzs5277/,,,https://twitter.com/Ryan36911,
https://www.tradingview.com/u/BLUE-laosepi/,,,,
https://www.tradingview.com/u/Ls392728196/,,,,
https://www.tradingview.com/u/mfflaha/,,,,
https://www.tradingview.com/u/ironharry/,,,,
https://www.tradingview.com/u/hxzz88/,,,,
https://www.tradingview.com/u/NICKCANCER/,,,,
https://www.tradingview.com/u/Love-learning/,,,,
https://www.tradingview.com/u/BTC-ETH-fly/,,,,
https://www.tradingview.com/u/xs66792320/,,,,
https://www.tradingview.com/u/EilianS/,,,,
https://www.tradingview.com/u/Orkax/,,,,
https://www.tradingview.com/u/aisoly/,,,,
https://www.tradingview.com/u/TouFrancis/,http://note.youdao.com/s/y736Bnn,,,ã€æ”¶è²»æœå‹™é …ç›®ã€‘\n\n\n1.é«˜ç´šé€²éšç¾¤ï¼ˆé©åˆæœ‰å¿ƒç³»çµ±å®Œæ•´å­¸ç¿’è€…ï¼‰\n\n2.ç§äººå°å¸«ï¼äº¤æ˜“ã€å€‹æ¡ˆè«®è©¢\n\n\n\n\n\n\nè”ç³»å¾®ä¿¡å·:Do597452\nï¼ˆç„¡ä»»ä½•å…è²»äº¤æµç¾¤ã€ä¸é–’èŠã€è¯·ç›´æ¥å‘ŠçŸ¥æ˜ç¡®éœ€æ±‚ï¼Œè¬è°¢ã€‚ï¼‰
https://www.tradingview.com/u/Adam_Wu/,,,,
https://www.tradingview.com/u/tenggewudibaofu/,,,,
https://www.tradingview.com/u/Little-Caesar/,,,,
https://www.tradingview.com/u/halfgod/,,,https://twitter.com/halfgod001,
https://www.tradingview.com/u/DannyC914/,,,https://twitter.com/Noah_cc914,
https://www.tradingview.com/u/xjsoul/,,,https://twitter.com/Soul_Xj,
https://www.tradingview.com/u/OKXChinese/,,https://www.youtube.com/channel/UCaOgkYkSngJcNHR5kdd8FPw,https://twitter.com/ouyi4321,
https://www.tradingview.com/u/ASAP_BustinG/,,,https://twitter.com/Bboy_xiaokai,
https://www.tradingview.com/u/emoji0107/,,,,
https://www.tradingview.com/u/HuangDao/,,,https://twitter.com/leon_li2,
https://www.tradingview.com/u/chenshiqi/,,,,
https://www.tradingview.com/u/legendcontinue/,,,,
https://www.tradingview.com/u/Musa_laji/,,,,
https://www.tradingview.com/u/Allen-Fu/,https://weibo.com/7182721977/HxYdeAd2I,,,2022.è¿›é˜¶è¯¾ç¨‹å·²ç»å…¨éƒ¨å‡çº§æ›´æ–°ï¼Œå·¦å³ä¾§è¯¾ç¨‹ä¹Ÿå°†æ›´æ–°ï¼\r\n1.è¿›é˜¶è¯¾ç¨‹----å®Œæ•´ç³»ç»Ÿæ•™å­¦ï¼ˆæ— åŸºç¡€æ›´å¥½ï¼‰ï¼Œå®æ—¶è¡Œæƒ…åˆ†æåŠæç¤º\r\n2.ä¸€å¯¹ä¸€äº¤æ˜“æŒ‡å¯¼----è¦æ±‚è¾ƒé«˜\r\nå¾®ä¿¡ï¼šåªä¿ç•™å¥½å‹ä¸€å¤©ï¼ŒAllenFu777 è¯·å‘ŠçŸ¥æ˜ç¡®éœ€æ±‚ï¼Œä¸æ¥é¡¹ç›®å’Œå¹³å°ä»£ç†ï¼\r\næ²¡æœ‰äººä¼šåœ¨è¯åº—é—­ç€çœ¼ç›å‡­æ„Ÿè§‰æ‹¿è¯æœç”¨ï¼Œä½†åŒªå¤·æ‰€æ€çš„æ˜¯ï¼Œä½ å´ä¼šå‡­ç€æ„Ÿè§‰æŠŠé’±æ‰”åˆ°å¸‚åœºå»äº¤æ˜“ï¼(å³ä½¿è‡ªå­¦ä¹Ÿè¦å­¦ä¹ åå†äº¤æ˜“ï¼ï¼‰
https://www.tradingview.com/u/NovaDQ/,,https://www.youtube.com/channel/UCUpzR6yCpjMYxY6yQdmP4-w,https://twitter.com/Nova_DigitQuant,
https://www.tradingview.com/u/xiaocainiao/,,,,
https://www.tradingview.com/u/Harmonic-Trading-001/,,,,
https://www.tradingview.com/u/MARKET_WATCHER_X/,,,,
https://www.tradingview.com/u/k4y51n/,,,,
https://www.tradingview.com/u/visionary1211/,,,https://twitter.com/young_tcsn,
https://www.tradingview.com/u/AssassinES/,,,,
https://www.tradingview.com/u/yugz08/,,,,
https://www.tradingview.com/u/heibai1989/,,,,
https://www.tradingview.com/u/chikinchan/,,,,
https://www.tradingview.com/u/ttlifes/,,,,
https://www.tradingview.com/u/Baisefengche/,,,,
https://www.tradingview.com/u/YUN_DING_D_T/,https://discord.gg/BdAznzjpXb,https://www.youtube.com/channel/UC_dfvaYqJUMM0_eBneLYu0A,https://twitter.com/deshunquant,ç¨³å¥æˆé•¿ï¼Œä¸çŠ¯å¤§é”™ï¼   OKXæ¬§æ„20%é«˜è¿”ä½£é“¾æ¥ï¼šhttps://www.okx.com/join/DESHUN æ³¨å†Œå¾—é«˜çº§é‡åŒ–ç­–ç•¥
https://www.tradingview.com/u/charlieliu-1/,,,,
https://www.tradingview.com/u/thi7758521/,,,,
https://www.tradingview.com/u/A-KeMuSan/,,,,
https://www.tradingview.com/u/kotamashiro/,,,,
https://www.tradingview.com/u/VX_lyongsment/,,,,
https://www.tradingview.com/u/njr86u7gqj/,,,,
https://www.tradingview.com/u/SniperMan/,,,,
https://www.tradingview.com/u/C_flaming/,,,,
https://www.tradingview.com/u/papafx/,,,https://twitter.com/@BTC446,
https://www.tradingview.com/u/abbbank/,,,,
https://www.tradingview.com/u/alike19/,,,,
https://www.tradingview.com/u/Wetrader2018/,,,,
https://www.tradingview.com/u/Waldeinsamkeit0315/,,,https://twitter.com/Walk,
https://www.tradingview.com/u/Ten_Dimension_Trader/,,,,
https://www.tradingview.com/u/nvanhoolan/,,,,
https://www.tradingview.com/u/LHK1992813/,,,https://twitter.com/ghWZBenJJf8fLeB,
https://www.tradingview.com/u/LiuDuoXing/,,,,æˆ‘çš„ä¸ªäººå¾®ä¿¡ID WEECHATï¼šwoshiliuduoxing\nå¾®åšï¼š6å¸å¸¦ä½ é£\næ¬¢è¿è¿›è®¨è®ºç¾¤å¤šå¤šè®¨è®º~
https://www.tradingview.com/u/trader-levi/,,,,
https://www.tradingview.com/u/ziranyu/,,,,
https://www.tradingview.com/u/adysion/,,,,
https://www.tradingview.com/u/ever-z/,,,,
https://www.tradingview.com/u/jack_monmont/,,,,åªçˆ±ä¸“æ³¨ç ”ç©¶åˆçº¦æ æ†äº¤æ˜“ã€‚\r\nå¤´åƒé‡Œæ‰¾å¯†ç ã€‚
https://www.tradingview.com/u/wangzhifei5277/,,,,
https://www.tradingview.com/u/Trader_Joe_Lee/,,,https://twitter.com/honeynickla,
https://www.tradingview.com/u/SnowWolfzzZ/,,,,
https://www.tradingview.com/u/topzzy/,,,,
https://www.tradingview.com/u/CryptoShalom/,,,https://twitter.com/Robin420420420,
https://www.tradingview.com/u/kokoszbd/,,,https://twitter.com/204c71963c2f4a7,
https://www.tradingview.com/u/xiaoguangtou/,,,,
https://www.tradingview.com/u/nutcatrrrrr/,,,https://twitter.com/nutcatrrrrr,
https://www.tradingview.com/u/JerryXu/,,,,
https://www.tradingview.com/u/lynn20011/,,,,
https://www.tradingview.com/u/Andrew_Yao/,,,,
https://www.tradingview.com/u/yuxiansheng131/,,,,
https://www.tradingview.com/u/laotie/,,,,
https://www.tradingview.com/u/TristanPeng/,,,,
https://www.tradingview.com/u/Kaazzy/,,,,
https://www.tradingview.com/u/KafkaK/,,,,
https://www.tradingview.com/u/Cooooools/,,,,
https://www.tradingview.com/u/ruanhangcc/,,,https://twitter.com/Ch1WXueDmWO8nRN,
https://www.tradingview.com/u/TradingBen_/,,,https://twitter.com/Hansenwang9,
https://www.tradingview.com/u/QINPENG521/,,,,
https://www.tradingview.com/u/superiorDove25091/,,,,
https://www.tradingview.com/u/Aron-kaka/,,,,
https://www.tradingview.com/u/HTmoon1000/,,,,
https://www.tradingview.com/u/yaodoodoo/,,,,æ–‡ä¸­è§‚ç‚¹ä¸æ„æˆæŠ•èµ„å»ºè®®ï¼Œä»…ä¾›äº¤æµå‚è€ƒã€‚åˆä½œè¯·ç§ä¿¡ã€‚
https://www.tradingview.com/u/abcdxyzqwe/,,,,
https://www.tradingview.com/u/TraderChenge/,,,,Telegramè”ç³»æ–¹å¼ï¼š\r\nhttps://t.me/TraderChenge\r\nï¼ˆåŠ å…¥ç¤¾åŒºã€æä¾›ä¸€å¯¹ä¸€æœåŠ¡ï¼‰\r\n\r\nå¦‚æœæ‚¨æ— æ³•é€šè¿‡Telegramä¸æˆ‘è”ç³»ï¼Œ\r\nå¤‡ç”¨è”ç³»æ–¹å¼QQï¼š3446819022
https://www.tradingview.com/u/L-good/,,,,
https://www.tradingview.com/u/fluffy000x/,,,,
https://www.tradingview.com/u/ziqidonglai/,,,https://twitter.com/FXABC,
https://www.tradingview.com/u/jiejie111/,,,https://twitter.com/8B6a6IwRRKDa90S,
https://www.tradingview.com/u/phocaxios/,,,,
https://www.tradingview.com/u/William-Liang/,,,,
https://www.tradingview.com/u/XXXXBTCXXXX/,,,,
https://www.tradingview.com/u/Corleoneum/,,,,
https://www.tradingview.com/u/stevenchenpa/,,,,
https://www.tradingview.com/u/taotaoge/,,,,
https://www.tradingview.com/u/kaimeher/,,,,
https://www.tradingview.com/u/jeomerow619/,,,,
https://www.tradingview.com/u/yanruihu/,,,https://twitter.com/Yama76211307,
https://www.tradingview.com/u/Luckyren/,,,,
https://www.tradingview.com/u/HoldonCZF/,,,,
https://www.tradingview.com/u/jess7758/,,,,
https://www.tradingview.com/u/kobexinwang/,,,,
https://www.tradingview.com/u/TraderZHbtc/,,,https://twitter.com/TraderZHbtc,
https://www.tradingview.com/u/littleZ/,,,,
https://www.tradingview.com/u/zhu654312106/,,,,
https://www.tradingview.com/u/dandrideng/,,,,
https://www.tradingview.com/u/changqing/,,,,
https://www.tradingview.com/u/SANJIN/,,,,
https://www.tradingview.com/u/flywind/,,,,
https://www.tradingview.com/u/Crypto-W-corner/,,,,
https://www.tradingview.com/u/mikoxiao230/,,,https://twitter.com/Johnsonm230,
https://www.tradingview.com/u/Silent-Bullet/,,,,
https://www.tradingview.com/u/ggf8289416/,,,,
https://www.tradingview.com/u/tyloo_milu/,,,,
https://www.tradingview.com/u/taotaozhang212/,,,,
https://www.tradingview.com/u/zyy00354/,,,https://twitter.com/yujieJessica,
https://www.tradingview.com/u/narentoya19950328/,,,,
https://www.tradingview.com/u/Carefreelife/,,,,
https://www.tradingview.com/u/yufeizhige/,https://teams.microsoft.com/l/team/19%3a1c3759133764405fb5ca1f0f93bf101f%40thread.tacv2/conversations?groupId=bed791c2-b223-403b-995f-aab1e9deeabb&tenantId=cfde9bb0-76ca-420e-8689-a7eeca0a729d,https://www.youtube.com/channel/UCogdpMfMaB9CFuGNFmiCn5A,https://twitter.com/yufeizhige,èŒä¸šäº¤æ˜“å‘˜ã€ä»13å¹´åšäº¤æ˜“åˆ°ç°åœ¨ï¼Œä¸­é€”è·Œå®•èµ·ä¼ï¼Œæ›¾èµšä¸Šäº¿ï¼Œçˆ†ä»“è¿‡åƒä¸‡ï¼Œç»ˆäºæœ‰æ‰€é¢†æ‚Ÿï¼Œè‘—æœ‰èŒä¸šäº¤æ˜“å‘˜è¿›é˜¶ä¹‹è·¯ç³»åˆ—è¯¾ç¨‹ï¼Œç ”å‘æœ‰é±¼é£å‘¨æœŸäº¤æ˜“ç³»ç»Ÿï¼Œæˆ‘æ‰€æœ‰äº¤æ˜“è®¡åˆ’å‡æŒ‰ç…§é±¼é£å‘¨æœŸäº¤æ˜“ç³»ç»Ÿçš„ä¿¡å·è¿›è¡Œæ“ç›˜ï¼Œ2017å¹´åˆ›ç«‹é€šå¾€è´¢å¯Œè‡ªç”±ä¹‹è·¯ç¤¾ç¾¤ï¼Œå¹¶åœ¨ç¤¾ç¾¤æ¯å¤©8:00æ’­æŠ¥åˆ†æè¡Œæƒ…ï¼Œéœ€è¦åŠ å…¥æˆ‘ä»¬ç¤¾ç¾¤çš„ç§èŠæˆ‘è·å–è”ç³»æ–¹å¼åŠ å…¥\r\n\r\nç¤¾ç¾¤æ²¹ç®¡é¢‘é“ï¼šhttps://www.youtube.com/channel/UCogdpMfMaB9CFuGNFmiCn5A\r\n\r\næ²¹ç®¡æ¯å‘¨æ—¥æ™š8:30è¡Œæƒ…åˆ†æç›´æ’­ï¼Œåˆ†äº«æ¯å‘¨äº¤æ˜“è®¡åˆ’åˆ¶å®šæ€è·¯
https://www.tradingview.com/u/Mashalihai/,,,https://twitter.com/mashalihai,
https://www.tradingview.com/u/plentiful138/,https://www.facebook.com/groups/552439326277225,https://www.youtube.com/channel/UCuYaZTuhHQyi7R_Z7TjkN8A,https://twitter.com/easyrich1688,
https://www.tradingview.com/u/Loike/,,,,
https://www.tradingview.com/u/Linghu1/,,,https://twitter.com/Linghu111,
https://www.tradingview.com/u/tuziBTC/,https://weibo.com/u/7476554987,https://www.youtube.com/channel/UC0I6A6Q2Dv5SBQ7fvsGX22Q,https://twitter.com/tuzibtc,ã€Škçº¿è¶‹åŠ¿äº¤æ˜“ç³»ç»Ÿã€‹ã€Šè°æ³¢äº¤æ˜“ç³»ç»Ÿã€‹å–è¯¾åšä¸»ï¼Œå¾®åšï¼šæŠ€æœ¯æµå…”å­NFT
https://www.tradingview.com/u/Yuchi-Trader/,,https://www.youtube.com/channel/UCW1KHRAydlyBrX7nz7bz26g,https://twitter.com/yurenzhilian,
https://www.tradingview.com/u/philsong/,,,https://twitter.com/yichencrypto,
https://www.tradingview.com/u/lov7bitcoin/,,,https://twitter.com/2000All_in,
https://www.tradingview.com/u/baiji/,,,,
https://www.tradingview.com/u/Kwu_/,https://kbtc.club/,https://www.youtube.com/channel/UC4jaqcMl-g_3Eb8L9l-1OEQ,,https://cn.tradingview.com/gopro/?share_your_love=Kwu_
https://www.tradingview.com/u/SuperAutoTrade/,,,,
https://www.tradingview.com/u/bluewakin/,,,,
https://www.tradingview.com/u/xiaoyuge/,,,https://twitter.com/xiaoyuge,
https://www.tradingview.com/u/SHIBAINU_/,,,https://twitter.com/shibainubabe,
https://www.tradingview.com/u/gzc2018429/,,,,
https://www.tradingview.com/u/loser1993/,,,,
https://www.tradingview.com/u/gaojunwei60/,,,,
https://www.tradingview.com/u/yadang120/,,,,
https://www.tradingview.com/u/leosj/,,,,
https://www.tradingview.com/u/EasonZZZ/,,,,
https://www.tradingview.com/u/i998998/,,,,
https://www.tradingview.com/u/ryanlv/,,,,
https://www.tradingview.com/u/yanglj58/,,,https://twitter.com/Jack_Yang58,
https://www.tradingview.com/u/signpuzzles/,,,,
https://www.tradingview.com/u/Dorise/,,,,
https://www.tradingview.com/u/tingshouwu/,,,https://twitter.com/tingshou5,
https://www.tradingview.com/u/ProfessionalTraderJack/,,,,
https://www.tradingview.com/u/wxhyahoo/,,,,
https://www.tradingview.com/u/Beijing-capital/,,https://www.youtube.com/channel/UCSXP31ylUHRht9piMUELGYw,https://twitter.com/hulintao1991,
https://www.tradingview.com/u/huangzc100/,,,https://twitter.com/huangzc1002,
https://www.tradingview.com/u/zuoyo/,,,,
https://www.tradingview.com/u/dabzhong/,,,,
https://www.tradingview.com/u/jefflin007/,,,,
https://www.tradingview.com/u/ciwangluobu/,,,,
https://www.tradingview.com/u/Qidian_X/,,,,
https://www.tradingview.com/u/jctai1004/,,,,
https://www.tradingview.com/u/huxw1987/,,,,
https://www.tradingview.com/u/fairy1990/,,,,
https://www.tradingview.com/u/shiguan/,,,https://twitter.com/shiguan73307899,
https://www.tradingview.com/u/Lnemo/,,,,
https://www.tradingview.com/u/Roller_Coaster/,,,,
https://www.tradingview.com/u/v-hlwchj/,https://weibo.com/1882926032/profile?topnav=1&wvr=6,,,é‡ç”Ÿè´§å¸ç ”ç©¶è€…ï¼Œå­¦ä¼šçº é”™ï¼Œå‡å°‘çŠ¯é”™ï¼Œå‘ç°è¶‹åŠ¿ï¼Œé‡è§ç¾å¥½ã€‚\r\nwechatï¼šhlwchj\r\nå…¬ä¼—å·ï¼šäº’è”ç½‘å‚¬åŒ–å‰‚\r\nhttps://weibo.com/1882926032/profile?topnav=1&wvr=6
https://www.tradingview.com/u/btc-usdt/,,,,
https://www.tradingview.com/u/RAIN_H/,,,,
https://www.tradingview.com/u/lan904313852/,,,,
https://www.tradingview.com/u/Carrie777/,,,,
https://www.tradingview.com/u/lanpeng007/,,,,
https://www.tradingview.com/u/paokuaikuai/,,,,
https://www.tradingview.com/u/stellar_/,,,https://twitter.com/sypersf,
https://www.tradingview.com/u/zhangyijie/,,,,
https://www.tradingview.com/u/Always22/,,,https://twitter.com/sofunnymeow,
https://www.tradingview.com/u/jfy/,,,,
https://www.tradingview.com/u/lydiajoy/,,,,
https://www.tradingview.com/u/MoneyMojito/,,,,
https://www.tradingview.com/u/XTY-Meteor/,,,https://twitter.com/btcshesho,
https://www.tradingview.com/u/szt233/,,,,
https://www.tradingview.com/u/wu2198/,,,,
https://www.tradingview.com/u/LoisYang/,,,,äº¤ä¸ªæœ‹å‹
https://www.tradingview.com/u/D970/,,,,
https://www.tradingview.com/u/coin16888/,,https://www.youtube.com/channel/UCDNiwGNhNfMY0lojc-wKlvA,https://twitter.com/GBJ0fKVOq4frDW6,
https://www.tradingview.com/u/COVID2019/,,,,
https://www.tradingview.com/u/shenqiaq/,,,https://twitter.com/aqcscps,
https://www.tradingview.com/u/yang123/,,,,
https://www.tradingview.com/u/tombiao/,,,,
https://www.tradingview.com/u/FollowOrder/,,,,
https://www.tradingview.com/u/dxmama/,,,,
https://www.tradingview.com/u/CryptoAbunico/,,,https://twitter.com/AbunicoBTC,
https://www.tradingview.com/u/Moonwalker_dark/,,,,
https://www.tradingview.com/u/consistentMast26955/,,,,
https://www.tradingview.com/u/XXXHERMESXXX/,http://apexdao.top,https://www.youtube.com/channel/UCSQ1TJrkKtG-6JYwicyMaRQ,https://twitter.com/Yanhao_APEX,
https://www.tradingview.com/u/derekcui/,,,,
https://www.tradingview.com/u/menmen77880/,,,https://twitter.com/menmen77880,
https://www.tradingview.com/u/luanleiloveM/,,,https://twitter.com/IloveLuanle,
https://www.tradingview.com/u/Crypto_Painter/,https://appemzuoo2a3112.h5.xiaoeknow.com/homepage,https://www.youtube.com/channel/UCaVJ75pcp86MuwNf4UiIp-w,https://twitter.com/Arbiter08970457,ä¸æ—¶é—´åšæœ‹å‹ï¼Œæ˜¯æŒ‡ï¼š\r\nä½ è‡ªå·±å¾ˆæ¸…æ¥šçš„çŸ¥é“æœªæ¥ä¼šå‘ç”Ÿä¸€ä»¶äº‹\r\nä½†ä½ ä¸€ç‚¹å„¿ä¹Ÿä¸æ‹…å¿§\r\nè¿™ä»¶äº‹ä¼šåœ¨ä»€ä¹ˆæ—¶å€™å‘ç”Ÿã€‚\r\n\r\nç§ä¿¡ä¸€èˆ¬ä¸å›å¤ï¼Œæœ‰ä»»ä½•éœ€æ±‚æˆ–å’¨è¯¢è¯·åŠ å…¬ä¼—å·ã€‚\r\n\r\nå…¬ä¼—å·ï¼šCrypto Painter\r\nDiscord: https://discord.gg/9HHYQAMe\r\nTelegramç”µæŠ¥ç¾¤ï¼šhttps://t.me/joinchat/ZPkREzth-qJjOWE1\r\näº†è§£ç½‘æ ¼åŠé‡åŒ–äº¤æ˜“ã€æŠ€æœ¯åˆ†æè¯¾ç¨‹ç­‰ï¼Œåœ¨å…¬ä¼—å·èœå•å†…é€‰æ‹©â€œçŸ¥è¯†åº—é“ºâ€åŠ å…¥å³å¯ï¼›
https://www.tradingview.com/u/deliciouslemon/,,,,
https://www.tradingview.com/u/patwilldoit/,,,,
https://www.tradingview.com/u/zx1986223/,,,,
https://www.tradingview.com/u/qcz52ycr9p/,,,,
https://www.tradingview.com/u/jnteriords/,,,,
https://www.tradingview.com/u/MingCion/,,,,
https://www.tradingview.com/u/a515693455/,,,,
https://www.tradingview.com/u/thrilledHope52350/,,,,
https://www.tradingview.com/u/CTing/,,,,
https://www.tradingview.com/u/timecyclekaka/,,,,
https://www.tradingview.com/u/zhongyiqiao1/,,,,
https://www.tradingview.com/u/JacksonXie/,,,,
https://www.tradingview.com/u/fatdogge/,,,,
https://www.tradingview.com/u/Charlie-Liu/,,,https://twitter.com/alpacatomoon,
https://www.tradingview.com/u/wsbza/,https://ewc.space,,,"'When you have eliminated the impossible, whatever remains, however improbable must be the truth.'\r\n\r\n\r\n2022å¹´è¡Œæƒ…å±•æœ› https://ewc.space/market_outlook_2022_01_12/\r\næ³¢æµªæ—¶ç©ºç½‘ï¼šewc.space æˆ– ewcspace.com\r\nå¾®ä¿¡å…¬ä¼—å·ï¼šæ³¢æµªæ—¶ç©ºç½‘"
https://www.tradingview.com/u/haohaoxuexi/,,,,
https://www.tradingview.com/u/trader2102/,,,,
https://www.tradingview.com/u/voloe/,,,,
https://www.tradingview.com/u/jiesesi/,,,,
https://www.tradingview.com/u/VIC-ABC/,,,,
https://www.tradingview.com/u/rikhniyt123/,,,https://twitter.com/rikhniyt2012,
https://www.tradingview.com/u/EdgarHong/,,,,
https://www.tradingview.com/u/QuantApe/,,https://www.youtube.com/channel/UCq-ObK8KeaH6wdYinsEldUQ,https://twitter.com/FengZhang,
https://www.tradingview.com/u/Edgeopt/,,,https://twitter.com/EdgeOpt,
https://www.tradingview.com/u/bggk544/,,,,
https://www.tradingview.com/u/JACK-D/,,,,
https://www.tradingview.com/u/CryptoAssetcurrency/,,,https://twitter.com/MrBitcoinLife,
https://www.tradingview.com/u/maomao88/,,,,
https://www.tradingview.com/u/ahhh123/,,,,
https://www.tradingview.com/u/Rachelecho/,,,,
https://www.tradingview.com/u/legofish123/,,,,
https://www.tradingview.com/u/dalianamer/,,,https://twitter.com/aystyyt,
https://www.tradingview.com/u/nkz123/,,,,
https://www.tradingview.com/u/btcover/,https://btcover.com/,,https://twitter.com/btcover_com,btcover.com
https://www.tradingview.com/u/KKKKKKKKKKKKing/,,,https://twitter.com/DLysal,vxï¼šDLysal
https://www.tradingview.com/u/niujie0515/,,,,
https://www.tradingview.com/u/boshichanlun/,,,,
https://www.tradingview.com/u/kanginsuits/,,,,
https://www.tradingview.com/u/T3WAVE/,,,,
https://www.tradingview.com/u/hellokono/,,,,
https://www.tradingview.com/u/embarrassedZeb91727/,,,,
https://www.tradingview.com/u/zlxd1990/,,,,
https://www.tradingview.com/u/zarkens/,,,,
https://www.tradingview.com/u/Junlin95/,,,,
https://www.tradingview.com/u/Amyi/,,,https://twitter.com/h8fpL8LNYzMEGbE,
https://www.tradingview.com/u/Anthony-Robbins/,,,,åšæŒå­¦ä¹ æ˜¯æ ¹æœ¬ï¼
https://www.tradingview.com/u/Trader8341/,,,,
https://www.tradingview.com/u/Magic_apprentice/,https://feimengge.com/,https://www.youtube.com/channel/UC-5nhgi2GFZb0tCZ78UTh8A,https://twitter.com/nalanfeimeng,"ğŸ“ŒDiscord: å…è´¹åä½œç¾¤,ç›®æ ‡æ˜¯æ‰¾ç™¾å€å¸.\r\nhttps://discord.gg/dTJ7gGWFe5\r\nğŸ“Œ Youtubeåˆ†äº«äº¤æ˜“æŠ€æœ¯\r\n\""çº³å…°é£æ¢¦\""\r\nğŸ“Œ twitter:åˆ†äº«æ¯æ—¥è¡Œæƒ…\r\nhttps://twitter.com/nalanfeimeng\r\nğŸ“Œæˆ‘çš„åšå®¢:\r\n\r\nhttp://feimengge.com/\r\n\r\nğŸ“Œæˆ‘çš„å¾®ä¿¡:nalanfeimeng\r\n\r\nå…³æ³¨æˆ‘å§ğŸ˜Š"
https://www.tradingview.com/u/yystergreat/,,,https://twitter.com/yy_marx,
https://www.tradingview.com/u/JimbaCheng/,,,,
https://www.tradingview.com/u/xushiyou1175/,,,https://twitter.com/BitSoulmate,
https://www.tradingview.com/u/lafei_3000/,,,,
https://www.tradingview.com/u/tudoulaodie/,,,,
https://www.tradingview.com/u/brokensilver/,,,,
https://www.tradingview.com/u/relevantLion50855/,,,,
https://www.tradingview.com/u/ring_0/,,,https://twitter.com/MPUA13,
https://www.tradingview.com/u/Pento_Investment/,,,https://twitter.com/PentoDAO,
https://www.tradingview.com/u/ximencuixue/,,,,
https://www.tradingview.com/u/iWwwwwww/,,,,
https://www.tradingview.com/u/Suoha2022/,,,,
https://www.tradingview.com/u/wpfsit/,,,https://twitter.com/PF56792806,
https://www.tradingview.com/u/Virgil2021/,,,,
https://www.tradingview.com/u/Moneyhoardingparty/,,,,
https://www.tradingview.com/u/a32630/,,,,
https://www.tradingview.com/u/zcr810827/,,,,
https://www.tradingview.com/u/yang19940915ydl/,,,,
https://www.tradingview.com/u/fxgee-com/,,,,
https://www.tradingview.com/u/Rebecca88/,,,https://twitter.com/Rebecca_ATM888,
https://www.tradingview.com/u/bondwang888/,,,https://twitter.com/Max13148,
https://www.tradingview.com/u/lusji/,,,,
https://www.tradingview.com/u/wzkkzw12345/,,,,
https://www.tradingview.com/u/TingYv/,,,,
https://www.tradingview.com/u/ag7880/,,,,
https://www.tradingview.com/u/BTCdayu/,http://rich123.top,https://www.youtube.com/channel/UC9FfxkQZGNRjjKxxhU4PSRw,https://twitter.com/btcdayu,ä»¥æ— æ³•ä¸ºæœ‰æ³•ï¼›ä»¥æ— çº¿ä¸ºæœ‰çº¿ã€‚
https://www.tradingview.com/u/trader_MaxMao/,,,,
https://www.tradingview.com/u/Young1114/,,,https://twitter.com/LeslieYoung1114,
https://www.tradingview.com/u/BitBoy8/,,,https://twitter.com/Goodluc00745503,
https://www.tradingview.com/u/gege202188/,,https://www.youtube.com/channel/UCnqcKuWLghMQa4y4nHJjZdw,https://twitter.com/ElisaChan1995,
https://www.tradingview.com/u/aaqwer/,,,,
https://www.tradingview.com/u/Nsbdtxaa/,,,,
https://www.tradingview.com/u/su_c/,,,https://twitter.com/90KeJi,
https://www.tradingview.com/u/Fan_WT/,,,,
https://www.tradingview.com/u/sikke98/,,,https://twitter.com/sikke98,
https://www.tradingview.com/u/CyptoGay/,,,,
https://www.tradingview.com/u/i2tradingv/,,,,
https://www.tradingview.com/u/yicici/,,,,
https://www.tradingview.com/u/kX_WX/,,,,
https://www.tradingview.com/u/haiandxia/,,,,
https://www.tradingview.com/u/gdshen/,,,,
https://www.tradingview.com/u/tangdi4444/,,,,
https://www.tradingview.com/u/lisnnl/,,,https://twitter.com/Mkisnice,
https://www.tradingview.com/u/watch_k/,,,,
https://www.tradingview.com/u/clovea99/,,,,
https://www.tradingview.com/u/nkrfk2013/,,,,è·Ÿå•å…¥ç¾¤+QQï¼š471200970ï¼ˆå¤‡æ³¨TVï¼‰\nå¾®ä¿¡è®¢é˜…å·ï¼šç¼ ä¸­è¯´å¸æ¯æ—¥è§£ç›˜
https://www.tradingview.com/u/stupidjc/,,,,
https://www.tradingview.com/u/yuwenming111/,,,,
https://www.tradingview.com/u/SwagSwag5/,,,,
https://www.tradingview.com/u/czp1388/,,,https://twitter.com/czp1388,
https://www.tradingview.com/u/Aaron-Lee/,,,,
https://www.tradingview.com/u/kongjun/,,,,
https://www.tradingview.com/u/guiyi/,,,,
https://www.tradingview.com/u/orange_yc/,,,,
https://www.tradingview.com/u/Mrongwei/,,,,
https://www.tradingview.com/u/salmmmon/,,,https://twitter.com/Sakisus,
https://www.tradingview.com/u/heiyepahei80494/,,,,
https://www.tradingview.com/u/acheng0922/,,,,
https://www.tradingview.com/u/SandyWang/,,,,
https://www.tradingview.com/u/GongShouJianBei/,,,,
https://www.tradingview.com/u/A52wave/,https://www.52wave.cc/,,,æ›´å¤šå¸ç§åˆ†æè¯·ç™»å½•ï¼š www.52wave.cc\r\næ³¢æµªå®æˆ˜æ•™å­¦åŠå…¶ä»–ä¸šåŠ¡è¯·è”ç³»ï¼š\r\nqqï¼š366415649\r\nvxï¼šwww52wavecom
https://www.tradingview.com/u/Luncheon7/,,,,
https://www.tradingview.com/u/Zhonghua_Trader/,,,https://twitter.com/kylo_arbor,Trade what you see ï¼Œnot what you think .
https://www.tradingview.com/u/FXElon/,,,https://twitter.com/EEElooooooon,
https://www.tradingview.com/u/QWEQWEQWEQWE2313/,,,,
https://www.tradingview.com/u/NeoTsang/,,,,
https://www.tradingview.com/u/tanklepapa/,,,,
https://www.tradingview.com/u/FeiH/,,,,
https://www.tradingview.com/u/guizustudyclub/,,https://www.youtube.com/channel/UCm49mTSunFrDa1erdgH64qQ,https://twitter.com/guizustudyclub,
https://www.tradingview.com/u/lgl131419/,,,,
https://www.tradingview.com/u/JohnGe/,,,https://twitter.com/CryptoRounder,Bitcoin Believer
https://www.tradingview.com/u/Drashish11/,,,,
https://www.tradingview.com/u/btcmonsterwang/,,,https://twitter.com/wangfei97535347,
https://www.tradingview.com/u/yizhituzi/,,,,
https://www.tradingview.com/u/cat-people/,,,,
https://www.tradingview.com/u/tdvw_1688/,,,,
https://www.tradingview.com/u/LucasStar/,,https://www.youtube.com/channel/UCg_34jdhDzYnMQPJEaOqqAQ,,ä»˜è´¹æŒ‡æ ‡\r\nhttps://docs.google.com/document/d/1_yFgWa4iA6qJR090Sz5UPYxZ03ZwKiVzY8QVoejWrvY/edit?usp=sharing
https://www.tradingview.com/u/vv_Cameo/,,,,
https://www.tradingview.com/u/weiweiacovip/,,,https://twitter.com/BruneiKui,
https://www.tradingview.com/u/AKG-Trading/,,,https://twitter.com/AkgVentures,
https://www.tradingview.com/u/amehime/,,,https://twitter.com/MizukiMayuri,
https://www.tradingview.com/u/tarrance2020/,,,,
https://www.tradingview.com/u/dingguijin/,,,,
https://www.tradingview.com/u/budongshu/,,,https://twitter.com/bdstravel22,
https://www.tradingview.com/u/AMTQ/,,,,
https://www.tradingview.com/u/jinliboy1/,,,,
https://www.tradingview.com/u/fkw1130469102/,,,,
https://www.tradingview.com/u/babyfoxxx/,,,,
https://www.tradingview.com/u/PA_leexiitto/,,,https://twitter.com/leexiitto,
https://www.tradingview.com/u/StevenZhouAn/,,,,
https://www.tradingview.com/u/yanzhihong23/,,,,
https://www.tradingview.com/u/karimb9/,,,,
https://www.tradingview.com/u/findealer/,,,,
https://www.tradingview.com/u/songrenjie/,,,,
https://www.tradingview.com/u/soulTraders/,,,https://twitter.com/fakedeyu,
https://www.tradingview.com/u/Shevon2021/,,,,
https://www.tradingview.com/u/SorosWinter/,,,,
https://www.tradingview.com/u/witing_yuan_Leo/,,,,
https://www.tradingview.com/u/FX-myz/,,,,
https://www.tradingview.com/u/zh767544006/,,,,
https://www.tradingview.com/u/gorton0218/,,,,
https://www.tradingview.com/u/Trader-UltramanBelial/,,,,
https://www.tradingview.com/u/lzpgreat/,,,,
https://www.tradingview.com/u/Kangxi/,,,,
https://www.tradingview.com/u/xinrupanshirouqingshishui/,,,,
https://www.tradingview.com/u/GhostsValley/,,,,
https://www.tradingview.com/u/skyhby12345/,,,,
https://www.tradingview.com/u/Spirit13X/,,,,
https://www.tradingview.com/u/rocknie2010/,,,,
https://www.tradingview.com/u/williamyinxuzhou/,,,https://twitter.com/pku_yyxxzz,
https://www.tradingview.com/u/Zap_J/,,,,ä½ çŒœä½ çš„ï¼Œä»–çŒœä»–çš„ï¼Œå¸‚åœºè‡ªå·±èµ°è‡ªå·±çš„  ^.^
https://www.tradingview.com/u/Vincent_Ma/,,,https://twitter.com/wolongjiufeite1,
https://www.tradingview.com/u/jiemo_666/,,,,
https://www.tradingview.com/u/Bitcoin-/,https://twitter.com/PPai_Crypto,https://www.youtube.com/channel/UCy_w_BOMRHoTmDKSKC_M0JA,https://twitter.com/PPai_Crypto,
https://www.tradingview.com/u/Trader-LaoZhou/,,,,
https://www.tradingview.com/u/CycleStudies/,https://discord.io/Cyclestudies,https://www.youtube.com/channel/UC3bAlqe4dwupxrJ9xCzYKdA,https://twitter.com/CycleStudies,çº½çº¦å¤§å­¦ç»Ÿè®¡ç³» | ç¾è‚¡è‡ªè¥åŸºé‡‘æ—¥å†…äº¤æ˜“å‘˜ | æŠ•ç ”ç»„: discord.io/Cyclestudies | å¾®ä¿¡: Skyvinwang | 24å°æ—¶å…è´¹ç®—æ³•ç›´æ’­ï¼šhttps://meeting.tencent.com/dm/ROjPZe9NBvBb
https://www.tradingview.com/u/crypto_jerrxy/,,,https://twitter.com/crypto_jerrxy,
https://www.tradingview.com/u/OAYE/,,,https://twitter.com/Allin818,
https://www.tradingview.com/u/alpha-Seven/,,,,
https://www.tradingview.com/u/zdyxya/,,,,
https://www.tradingview.com/u/reverielee/,,,,
https://www.tradingview.com/u/labanyb/,,,https://twitter.com/lcl5812,
https://www.tradingview.com/u/dspsyul/,,,,
https://www.tradingview.com/u/blueskylh/,,,,
https://www.tradingview.com/u/moon0214/,,,,
https://www.tradingview.com/u/redartdoo00/,,,,
https://www.tradingview.com/u/wyx2685/,,,,
https://www.tradingview.com/u/Tradinguncle/,,,,
https://www.tradingview.com/u/w2084/,,,,
https://www.tradingview.com/u/SionXy/,,,,
https://www.tradingview.com/u/HUI_8888/,,https://www.youtube.com/channel/UC2GrwHjLG4rX-MkoS-o50Fg,https://twitter.com/zhangshuhui99,
https://www.tradingview.com/u/Da-wan/,,,,
https://www.tradingview.com/u/FerraBitget/,,,,
https://www.tradingview.com/u/Bitcoin-Chai/,,,https://twitter.com/bitcoin_chai,
https://www.tradingview.com/u/crypto-JuJu/,,,https://twitter.com/LeighCa74708049,ç®€å•çš„äº¤æ˜“ç³»ç»Ÿ-å¤åˆ©åˆ°æè‡´
https://www.tradingview.com/u/AllenL66/,,,,
https://www.tradingview.com/u/wilsonhy77/,,,https://twitter.com/wilsonh01256004,
https://www.tradingview.com/u/pnamini/,https://weibo.com/mimidan,,,å¾®ä¿¡ï¼šbtclala\näº¤æ˜“ä»˜è´¹ï¼š600ç¾é‡‘ï¼ˆå¹´ï¼‰\nåªæœ‰åŠå¹´/æ•´å¹´\næœ‰éœ€è¦å†åŠ  ä¸é—²è°ˆ è°¢è°¢
https://www.tradingview.com/u/tytydap/,,,,
https://www.tradingview.com/u/zhongben2008/,,,https://twitter.com/guanghui999,
https://www.tradingview.com/u/Morganhou/,,,,
https://www.tradingview.com/u/MRDAI27/,,,,
https://www.tradingview.com/u/qdyht1981/,,,https://twitter.com/qdyht1981,
https://www.tradingview.com/u/sumuke/,,,,
https://www.tradingview.com/u/asklhh123/,,,,
https://www.tradingview.com/u/RainYu888/,,,,
https://www.tradingview.com/u/bigbuger/,,,,
https://www.tradingview.com/u/ziyueziyue/,,,,
https://www.tradingview.com/u/kbc6/,,,,
https://www.tradingview.com/u/Financial-talent/,,,,
https://www.tradingview.com/u/ForexGlobal/,,,,
https://www.tradingview.com/u/haoranmeng98/,,,,
https://www.tradingview.com/u/rachel319_it/,,,,
https://www.tradingview.com/u/sammulchan96/,,,https://twitter.com/sammulchan96,
https://www.tradingview.com/u/YYB0034/,,,,
https://www.tradingview.com/u/forgere123zw/,,,,
https://www.tradingview.com/u/Andy_Wong/,,,https://twitter.com/Andy_Yong_,
https://www.tradingview.com/u/wuming1000/,,,,
https://www.tradingview.com/u/michael_feng/,,,,
https://www.tradingview.com/u/molaoshi222/,,,,
https://www.tradingview.com/u/heikelianren/,,,,
https://www.tradingview.com/u/nightsss/,,,,
https://www.tradingview.com/u/wzh1157/,,,,
https://www.tradingview.com/u/BlueMoon1/,,,,
https://www.tradingview.com/u/iZhaoFa/,,,,
https://www.tradingview.com/u/ConnorRepeat/,,,https://twitter.com/ConnorRepeat,
https://www.tradingview.com/u/Trade_Benny/,,,,
https://www.tradingview.com/u/zjf1122/,,,,
https://www.tradingview.com/u/Tracyamali/,,,,
https://www.tradingview.com/u/chenjun23/,,,https://twitter.com/chenjun923,
https://www.tradingview.com/u/Niya_Mu/,,,,
https://www.tradingview.com/u/changshengms/,,,,
https://www.tradingview.com/u/jackrot3/,,,,
https://www.tradingview.com/u/xhjyxgg/,,,https://twitter.com/XqikY85JRC6szxP,
https://www.tradingview.com/u/kwindboy/,,,,
https://www.tradingview.com/u/woodminer/,,,,
https://www.tradingview.com/u/RycCheen/,,,,
https://www.tradingview.com/u/t_zuji/,,,,
https://www.tradingview.com/u/SparkingZzz/,,,https://twitter.com/SparkingZzzz,
https://www.tradingview.com/u/ShaneStark/,,,https://twitter.com/zeekr10,
https://www.tradingview.com/u/soul_in_rain/,,,,
https://www.tradingview.com/u/gregregregxi/,,,,
https://www.tradingview.com/u/liaojiaao/,,,,
https://www.tradingview.com/u/ziyoumeng/,,,,
https://www.tradingview.com/u/LanYY/,,,,
https://www.tradingview.com/u/xuanheng/,,,https://twitter.com/bewhatyiu,
https://www.tradingview.com/u/EricCc223/,,,,
https://www.tradingview.com/u/mx963/,,,,
https://www.tradingview.com/u/ETH8885/,,,,
https://www.tradingview.com/u/gele5453/,,,https://twitter.com/gele5453,
https://www.tradingview.com/u/yutakuhin/,,,,
https://www.tradingview.com/u/rextron/,,,,
https://www.tradingview.com/u/Joon-007/,,,,
https://www.tradingview.com/u/xiaoshu987/,,,,
https://www.tradingview.com/u/stoguan/,,,,
https://www.tradingview.com/u/KoreTradingAcademy/,http://www.koretrading.com.au/,,https://twitter.com/infokoretrading,ä¸ºå¤§ä¼—æŠ•èµ„äººæä¾›æŠ•è¡Œçº§åˆ«ä¸“ä¸šäº¤æ˜“ç­–ç•¥æŒ‡å¼•ï¼Œç°åœ¨å°±è”ç³»æˆ‘ä»¬å…è´¹å®æˆ˜è®²è§£ï¼ˆå¾®ä¿¡å·ï¼šzhouwulian1314520 Koretrading0408 KTA123KTA zhouzhihao1747 AU0061299591999ï¼‰ï¼
https://www.tradingview.com/u/chengshutong/,,,https://twitter.com/cheng_shutong,
https://www.tradingview.com/u/Kenzai_Rosai/,,,,
https://www.tradingview.com/u/bjxlh/,,,,
https://www.tradingview.com/u/KentQQ/,,,,
https://www.tradingview.com/u/bttcoin/,,,,
https://www.tradingview.com/u/letgo2020/,,,,
https://www.tradingview.com/u/OxKNIGHT/,,,https://twitter.com/0xKngiht,
https://www.tradingview.com/u/hbiao/,,https://www.youtube.com/channel/UC2GHQaebRlCsiz9yYa5YBMA,https://twitter.com/hbiao0,
https://www.tradingview.com/u/ENEL1JK/,,,,
https://www.tradingview.com/u/TANDI-Edison/,,,,
https://www.tradingview.com/u/magican-1412/,,,,
https://www.tradingview.com/u/ziluo0427/,,,,
https://www.tradingview.com/u/xihaodong/,,,,
https://www.tradingview.com/u/softelectrock/,,,,
https://www.tradingview.com/u/asuiicvi/,,,,
https://www.tradingview.com/u/huwenhe11/,,,,
https://www.tradingview.com/u/Joyjia/,,https://www.youtube.com/channel/UC8i1lQeqfIJ9b4IgsuoxnGA,https://twitter.com/w2tHLBioNNW9SgA,
https://www.tradingview.com/u/xiaoguo141319/,,,https://twitter.com/xiaoguo141319,
https://www.tradingview.com/u/replay2746/,,,,
https://www.tradingview.com/u/nicolehuang2022/,,,,
https://www.tradingview.com/u/Jacob-WANG/,,,,
https://www.tradingview.com/u/fx-trading/,,,https://twitter.com/xiajingfa8,
https://www.tradingview.com/u/Justin_Z/,,,,
https://www.tradingview.com/u/liuxichun0220/,,,,
https://www.tradingview.com/u/ganntrader17/,https://www.royalrosstimingsolution.com/,https://www.youtube.com/channel/UC1cgiku5H-J0YZj2N2w4aEg,,
https://www.tradingview.com/u/suddenBird13546/,,,,
https://www.tradingview.com/u/uuiz/,,,,
https://www.tradingview.com/u/wukong2017/,,,https://twitter.com/wukong2022,
https://www.tradingview.com/u/salted-fish/,,,,
https://www.tradingview.com/u/Katakulip/,,,,
https://www.tradingview.com/u/Oo_Downtime/,,,,
https://www.tradingview.com/u/vp113/,,,,
https://www.tradingview.com/u/zmy1998/,,,https://twitter.com/CryptoMorty2018,
https://www.tradingview.com/u/cherrycute/,,,,
https://www.tradingview.com/u/smdingjin/,,,,
https://www.tradingview.com/u/inbox_research/,,,,inbox research
https://www.tradingview.com/u/Rich-Brave/,,,https://twitter.com/China_Day_,
https://www.tradingview.com/u/Tengb/,,,,
https://www.tradingview.com/u/dream1688/,,,https://twitter.com/cyptocoin2022,
https://www.tradingview.com/u/guomevip/,,,,
https://www.tradingview.com/u/xiaocell/,,,,
https://www.tradingview.com/u/qiaoxiaode/,,,,
https://www.tradingview.com/u/yao_916/,,,https://twitter.com/yao_916,
https://www.tradingview.com/u/yitizhengjiao/,,,,
https://www.tradingview.com/u/kaanaa/,,,,
https://www.tradingview.com/u/boonjie/,,,,
https://www.tradingview.com/u/m837720535/,,,,
https://www.tradingview.com/u/zhouning/,,,,
https://www.tradingview.com/u/mosangsang889/,,,,
https://www.tradingview.com/u/boris_levin/,,,,
https://www.tradingview.com/u/Jack_ishere/,,,,
https://www.tradingview.com/u/fan5559999/,,,,
https://www.tradingview.com/u/whl56777/,,,https://twitter.com/JIANHAO74112568,
https://www.tradingview.com/u/Bstcross/,,,https://twitter.com/Bstcross,
https://www.tradingview.com/u/AASFANS/,,,,
https://www.tradingview.com/u/WULIKANHUA/,,,,
https://www.tradingview.com/u/UnknownUnicorn38041030/,,,,
https://www.tradingview.com/u/Asura-99/,,,,
https://www.tradingview.com/u/BTC_GO/,,,https://twitter.com/bin64695017,
https://www.tradingview.com/u/woow369/,,,https://twitter.com/WOOWGOOD8,
https://www.tradingview.com/u/td7dwwmc7s/,,,,
https://www.tradingview.com/u/chengjianka/,,,,
https://www.tradingview.com/u/fatboy850/,,,,
https://www.tradingview.com/u/x139599936/,,,https://twitter.com/x139599936,
https://www.tradingview.com/u/Aabrtddd/,,,,
https://www.tradingview.com/u/UnknownUnicorn26324396/,,,,
https://www.tradingview.com/u/CastleWWWW/,,,https://twitter.com/kycmaster1,
https://www.tradingview.com/u/AdamLiu688/,,,,
https://www.tradingview.com/u/The_King_Of_Analysis-Trading/,,,,
https://www.tradingview.com/u/cryptotea0909/,,,https://twitter.com/Crypto_RedTea,
https://www.tradingview.com/u/wangzunlong98/,,,,
https://www.tradingview.com/u/OLD-Z/,,,https://twitter.com/TianXyujun,
https://www.tradingview.com/u/ashfakqfc/,,,,
https://www.tradingview.com/u/SeekGartley/,,,,
https://www.tradingview.com/u/shaoxiangfei1987/,,,,
https://www.tradingview.com/u/HiQuinn/,,,,
https://www.tradingview.com/u/JerFlipping/,,,https://twitter.com/boxxxboo,
https://www.tradingview.com/u/SanMu-Trader/,,,https://twitter.com/SanMuTrader,
https://www.tradingview.com/u/cl839472383/,,,,
https://www.tradingview.com/u/MysOriPower/,,,,
https://www.tradingview.com/u/liujijia0357/,,,https://twitter.com/liujijia0357,
https://www.tradingview.com/u/annanan9037/,,,,
https://www.tradingview.com/u/lalakuakua/,,,,
https://www.tradingview.com/u/KookbongK/,,,,
https://www.tradingview.com/u/Basurian2021/,,,,
https://www.tradingview.com/u/BTC-wolf/,,,,
https://www.tradingview.com/u/xichengjiang/,,,https://twitter.com/jiang_xicheng,
https://www.tradingview.com/u/usdclub/,,,,
https://www.tradingview.com/u/Rainjee/,,,,
https://www.tradingview.com/u/liyunlong/,,,,
https://www.tradingview.com/u/Jeson_W/,,,,
https://www.tradingview.com/u/yitiancai/,,https://www.youtube.com/channel/UCfP4Bt7aeixx_qtD9MsR8FA,https://twitter.com/Trader_jack_yi,
https://www.tradingview.com/u/snow233/,,,,
https://www.tradingview.com/u/yitaifuweng/,,,,
https://www.tradingview.com/u/bujingyun_50/,,,https://twitter.com/dark182116,
https://www.tradingview.com/u/LALALABTC/,,,,
https://www.tradingview.com/u/JeremySun/,,,https://twitter.com/unmask2405,
https://www.tradingview.com/u/Fendy17A79/,,,,
https://www.tradingview.com/u/tiandaolunhui/,,,,
https://www.tradingview.com/u/Shanlyplummy/,,,,
https://www.tradingview.com/u/Several_Light/,,,,
https://www.tradingview.com/u/Akari998/,,,,
https://www.tradingview.com/u/Ray-ma/,,,,
https://www.tradingview.com/u/simpletop1/,,,,
https://www.tradingview.com/u/Wiess/,,,,
https://www.tradingview.com/u/analyny/,,,,
https://www.tradingview.com/u/Tangjing/,,,,
https://www.tradingview.com/u/wer43533359/,,,https://twitter.com/nianfuyinian,
https://www.tradingview.com/u/dashunidejiayadiaole/,,,,
https://www.tradingview.com/u/xieboaihaozhe/,,,,
https://www.tradingview.com/u/Defuwa/,,,https://twitter.com/keerpx,
https://www.tradingview.com/u/lipeng96297901/,,,https://twitter.com/lipeng96297901,
https://www.tradingview.com/u/linfen/,,,,
https://www.tradingview.com/u/timmy1230632/,,,,
https://www.tradingview.com/u/BTC520/,,,,
https://www.tradingview.com/u/yg1125/,,,,
https://www.tradingview.com/u/Lucky37/,,,,
https://www.tradingview.com/u/aricwin/,,,https://twitter.com/AricwinQ,
https://www.tradingview.com/u/bitcoin_manfen/,,,,
https://www.tradingview.com/u/bueylee2/,,,,
https://www.tradingview.com/u/roginlj/,,,https://twitter.com/roginlj,
https://www.tradingview.com/u/733096557f8243098dd6924444e9f4/,,,,
https://www.tradingview.com/u/Bskqts/,,,,
https://www.tradingview.com/u/liuqiyue1992/,,,,
https://www.tradingview.com/u/Cryptotrader_ray/,,,https://twitter.com/tutou2040,
https://www.tradingview.com/u/dylanma/,,https://www.youtube.com/channel/UClcVTnv_UajZDrhg8WLQvNA,https://twitter.com/Dylanma69705328,
https://www.tradingview.com/u/wangmengmeng/,,,,
https://www.tradingview.com/u/solider_2/,,,,
https://www.tradingview.com/u/Andy_Chan/,,,https://twitter.com/chenzhen04,
https://www.tradingview.com/u/Haoge/,,,,
https://www.tradingview.com/u/Fishinggkd/,,,,
https://www.tradingview.com/u/Chives_Root/,,,,
https://www.tradingview.com/u/Forecast-trading/,,,,
https://www.tradingview.com/u/Heys/,,,,
https://www.tradingview.com/u/lisensen/,,,,
https://www.tradingview.com/u/lwz1978/,,,,
https://www.tradingview.com/u/chinaFx/,,,,
https://www.tradingview.com/u/sayakariyeko/,,,,
https://www.tradingview.com/u/Moonquakes_/,,,,
https://www.tradingview.com/u/laoy/,,,https://twitter.com/ZwxmHi,
https://www.tradingview.com/u/Yesantian/,,,https://twitter.com/Brian850815,
https://www.tradingview.com/u/XiuXiuuuuuuuuu/,,,,
https://www.tradingview.com/u/fisherwsd/,,,,
https://www.tradingview.com/u/blake0underwood/,,,,
https://www.tradingview.com/u/Damien-Cross/,,,,
https://www.tradingview.com/u/EgbertZ/,https://hackcapital.buzz,https://www.youtube.com/channel/UCeETsjkgDJxfNxjmNWAqZkw,https://twitter.com/bcyyzzzm13,You only live twice. \nThe first time can't be changed as you were born. \nThe second time you have the right to dream what you want.
https://www.tradingview.com/u/UnknownUnicorn37050496/,,,,
https://www.tradingview.com/u/mark_10001/,,,,
https://www.tradingview.com/u/Soranosika/,,,https://twitter.com/soranosika,
https://www.tradingview.com/u/xgdd999/,,,https://twitter.com/ca0me19,
https://www.tradingview.com/u/Haohao-X/,,,,
https://www.tradingview.com/u/AItraders/,https://www.coreframe.com.cn/ctc_h5/#/home,https://www.youtube.com/channel/UCv22aaitlkm_W1Dxd4gWyhQ,,è§£æ„å¸‚åœºèµ°åŠ¿ï¼Œç²¾å‡†ä½•æ—¶ä½•ä»·ã€‚\r\næœåŠ¡ï¼š\r\n1ã€é«˜èƒœç‡æœºå™¨äººç®—æ³•ä¿¡å·ã€‚\r\n2ã€æ¯”ç‰¹å¸æœŸè´§ä¼šå‘˜ç¤¾åŒºå¸¦å•ã€‚\r\nå¾®ä¿¡ï¼šGannTrader\r\nå¾®ä¿¡å…¬ä¼—å·ï¼šæ±Ÿæ©æ—¶ä»·å¯†é’¥
https://www.tradingview.com/u/czshdream/,,,,
https://www.tradingview.com/u/bigoneM/,,,,
https://www.tradingview.com/u/Faknds/,,,,
https://www.tradingview.com/u/Rui_0xa1/,,,,
https://www.tradingview.com/u/only2shienzo/,,,,
https://www.tradingview.com/u/YM1ca/,,,https://twitter.com/PAUA2019,
https://www.tradingview.com/u/uhayatezz/,,,https://twitter.com/uhayatezz,
https://www.tradingview.com/u/laocaifinance/,,https://www.youtube.com/channel/UCmlzijJ6iOuIH0R_IyFagzA,https://twitter.com/LaoCai,
https://www.tradingview.com/u/vanessa_0330/,,,,
https://www.tradingview.com/u/Dr_Waves/,,,https://twitter.com/Mr_ZhangYa,
https://www.tradingview.com/u/sangbazi82764/,,,,
https://www.tradingview.com/u/jiahongjuan888/,,,,
https://www.tradingview.com/u/xinxianjiucai/,,,,
https://www.tradingview.com/u/OldHUANG/,,,,
https://www.tradingview.com/u/robertoli/,,,,
https://www.tradingview.com/u/JianglongMa/,,,,
https://www.tradingview.com/u/Anaconda2099/,,,https://twitter.com/Eddie28973696,æ¯å¤©èµš50u
https://www.tradingview.com/u/Zhan97/,,,,æ²¡æœ‰è§‚ç‚¹æ˜¯æœ€å¥½çš„è§‚ç‚¹
https://www.tradingview.com/u/BTCdabing/,,,,
https://www.tradingview.com/u/bjshijinlong/,,,,
https://www.tradingview.com/u/Zkkkkkkk7/,,,,
https://www.tradingview.com/u/Mr_Feng/,,,,
https://www.tradingview.com/u/hujianghua/,,https://www.youtube.com/channel/UCEJHdarS5rparcqSvJbWZWQ,https://twitter.com/hu_jianghua,
https://www.tradingview.com/u/EthanXABCD/,,,,
https://www.tradingview.com/u/yy15256927392/,,,https://twitter.com/zgf927392,
https://www.tradingview.com/u/Alphatora/,,,,
https://www.tradingview.com/u/lujinhua/,,,https://twitter.com/qq550299,
https://www.tradingview.com/u/vincentzf/,,,,
https://www.tradingview.com/u/axingde/,,,,
https://www.tradingview.com/u/wx1217/,,,,
https://www.tradingview.com/u/pawwaves/,,,,
https://www.tradingview.com/u/knightwang/,,,https://twitter.com/knightwangcheng,
https://www.tradingview.com/u/WayneSao/,,,https://twitter.com/liberplus,
https://www.tradingview.com/u/shengd666/,,,,
https://www.tradingview.com/u/btcweiziZI2020/,,,,
https://www.tradingview.com/u/Kelven_Ling/,,,,
https://www.tradingview.com/u/RTA-Academy/,https://rta.academy/,https://www.youtube.com/channel/UCiwg-3pIDuI0KTWiH0BCRJA,,RTAå­¦é™¢\r\nå›½é™…ç«™ï¼ˆå®Œæ•´åŠŸèƒ½ğŸˆ²å¤§é™†IP)\r\nhttps://rta.academy \r\nå›½å†…ç«™ï¼ˆéƒ¨åˆ†åŠŸèƒ½ï¼‰\r\nhttp://www.rta-edu.com\r\n\r\nDiscordç¤¾ç¾¤\r\nhttps://discord.gg/tvGPf6AdVS\r\nTelegram\r\nhttps://t.me/rtaacademy\r\n\r\näº¤æ˜“æ‰€è¿”ä½£\r\nhttps://rta.academy/commission
https://www.tradingview.com/u/Furyyyy/,,,,
https://www.tradingview.com/u/PengPengPeng/,,,https://twitter.com/Chengbao2333,
https://www.tradingview.com/u/fengyue723/,,,,
https://www.tradingview.com/u/guilinggao/,,,,
https://www.tradingview.com/u/Wangyaguang8/,,,https://twitter.com/yaguangwang,
https://www.tradingview.com/u/Xxxxi/,,,,
https://www.tradingview.com/u/thehappymouse/,,,,
https://www.tradingview.com/u/DZ-ACK/,,,,
https://www.tradingview.com/u/Jamshake/,,,,
https://www.tradingview.com/u/JIAKONG/,,,,
https://www.tradingview.com/u/liuxiangkui253/,,,,
https://www.tradingview.com/u/jgzhying/,,,,
https://www.tradingview.com/u/youths/,,,,
https://www.tradingview.com/u/CryptoTradar/,,,,
https://www.tradingview.com/u/zxbo/,,,,
https://www.tradingview.com/u/OTTNO/,,,,
https://www.tradingview.com/u/RockenWu/,,https://www.youtube.com/channel/UCZbenb5tJoiJ4ilCTrtoQrA,https://twitter.com/artrocken,
https://www.tradingview.com/u/BotTrader-FLX/,,,https://twitter.com/FelixYiuFung,
https://www.tradingview.com/u/arcueidsa/,,,,
https://www.tradingview.com/u/bb890526/,,,https://twitter.com/A0Ayage,
https://www.tradingview.com/u/TAKO1f/,,,,
https://www.tradingview.com/u/seventradingmachine/,,,https://twitter.com/TradingMachine3,
https://www.tradingview.com/u/a960324/,,,,
https://www.tradingview.com/u/Vic-HE/,,,,
https://www.tradingview.com/u/Rebuilding-Logic/,,,,
https://www.tradingview.com/u/TA_KONG_XIA_/,,,,ç›—è´¼çš„æä¹‰
https://www.tradingview.com/u/Yampi/,,,,
https://www.tradingview.com/u/weizi0019/,,,,
https://www.tradingview.com/u/TomasZhao/,,,,
https://www.tradingview.com/u/Bitjeff/,,,https://twitter.com/Jeff_zzzz,
https://www.tradingview.com/u/keke158/,,,,
https://www.tradingview.com/u/huzhenxs/,,,,
https://www.tradingview.com/u/andylee258/,,https://www.youtube.com/channel/UCcHp7Pb8J8bNH47gCwVZtoQ,,
https://www.tradingview.com/u/jackypan98/,,,https://twitter.com/jackypan988,
https://www.tradingview.com/u/laidaoan/,,,https://twitter.com/laidaoan,
https://www.tradingview.com/u/tgx87114/,,,,
https://www.tradingview.com/u/mr2god/,,,,
https://www.tradingview.com/u/wzzlj/,,,https://twitter.com/wzzlj1988,
https://www.tradingview.com/u/S1mple_/,,,,
https://www.tradingview.com/u/SantiagoZW/,,,,
https://www.tradingview.com/u/dai549592484/,,,,
https://www.tradingview.com/u/nznfnje/,,,,
https://www.tradingview.com/u/CDwang/,,,,
https://www.tradingview.com/u/ungkok1126/,,,,
https://www.tradingview.com/u/tiot/,,,,
https://www.tradingview.com/u/btc642642/,,,https://twitter.com/luxinyong,
https://www.tradingview.com/u/BITZUC_com/,,,https://twitter.com/BitzucGlobal,
https://www.tradingview.com/u/Wang-WeiChao/,,,,
https://www.tradingview.com/u/qmvfm5/,,,https://twitter.com/w18916911058,
https://www.tradingview.com/u/SanQ8888/,,,https://twitter.com/GvgdO9nbkL3BwE9,
https://www.tradingview.com/u/SZZC001/,,,https://twitter.com/traderzjf,
https://www.tradingview.com/u/knownhang/,,,,
https://www.tradingview.com/u/dsaidasi/,,,,
https://www.tradingview.com/u/sy112211/,,,,
https://www.tradingview.com/u/pridefulDog96050/,,,,
https://www.tradingview.com/u/Soros-LTG/,,,,
https://www.tradingview.com/u/moonfushan/,,,,
https://www.tradingview.com/u/jack.shih/,https://www.facebook.com/bitjackshih,https://www.youtube.com/channel/UC4E3P8VhdAEvlPgXdJbhyHg,,Bybité‚€è«‹é€£çµ\r\nhttps://www.bybit.com/app/register?ref=MJLPO\r\n\r\næ¯å‘¨ä¸€ã€äº”æ™šä¸Š8:00 QQç¾¤å…è´¹ç›´æ’­ï¼š546457590\r\n\r\nTelegramå…¬é–‹ç¾¤çµ„\r\nhttps://t.me/jackscrypto\r\nTelegramé »é“\r\nhttps://t.me/JackCryptoRoom
https://www.tradingview.com/u/yhua715/,,,,
https://www.tradingview.com/u/mantan_xu/,,,,æ¼«è°ˆäº¤æ˜“è‡´åŠ›äºåˆ†äº«æœ€çœŸå®çš„äº¤æ˜“ç­–ç•¥å’ŒæŠ€æœ¯ï¼Œæˆ‘ä»¬çš„ç†å¿µæ˜¯å®æˆ˜å’Œæ—¶é—´æ˜¯æ£€éªŒä¸€åˆ‡çœŸç†çš„å”¯ä¸€æ ‡å‡†ã€‚æ•¢äºå®æˆ˜ï¼Œå…¨ç¨‹å…¬å¼€ç›´æ’­ï¼Œç”¨ç»“æœè¯´è¯ã€‚
https://www.tradingview.com/u/chuangzhu54/,,,,
https://www.tradingview.com/u/Block7/,,,,
https://www.tradingview.com/u/WhaleGrowth/,,,https://twitter.com/PicassoView,
https://www.tradingview.com/u/cheng520111/,,,,
https://www.tradingview.com/u/luswar000/,,,,
https://www.tradingview.com/u/HanksTrading/,,,,
https://www.tradingview.com/u/joker8686/,,,https://twitter.com/cryptotraderfly,
https://www.tradingview.com/u/Eynzo/,,,,
https://www.tradingview.com/u/probabilityworld/,,,,
https://www.tradingview.com/u/liulfy/,,,https://twitter.com/liulfy,
https://www.tradingview.com/u/shawnzzz/,,,,
https://www.tradingview.com/u/LVJIUCAI/,,,,
https://www.tradingview.com/u/cogitoBTC/,,,,
https://www.tradingview.com/u/suisui888/,,,,
https://www.tradingview.com/u/Carlspecul/,,,,
https://www.tradingview.com/u/zbytrading/,,,,
https://www.tradingview.com/u/Pumenggia/,,,,
https://www.tradingview.com/u/Josph/,,,,
https://www.tradingview.com/u/CaterYue/,,,https://twitter.com/steven_cater,
https://www.tradingview.com/u/OKEX_fanyong/,,,https://twitter.com/DoveYid,
https://www.tradingview.com/u/poyin/,,,https://twitter.com/Poyinji,
https://www.tradingview.com/u/its_Monday/,,,,
https://www.tradingview.com/u/toothArk/,,,https://twitter.com/pseudotrade,
https://www.tradingview.com/u/JACKRAO/,,,,
https://www.tradingview.com/u/xl34014025/,,,https://twitter.com/panzhenai,
https://www.tradingview.com/u/BTC425/,,,,
https://www.tradingview.com/u/lazy312/,,,,
https://www.tradingview.com/u/vxxxxxxxv/,,,,
https://www.tradingview.com/u/yxxsxt/,,,,
https://www.tradingview.com/u/Benny-zhang/,,,,
https://www.tradingview.com/u/falshyuhao/,,,,
https://www.tradingview.com/u/Trading8Man/,,,,
https://www.tradingview.com/u/hdhjy2008/,,,https://twitter.com/JvRkBfeUJ17YhpB,
https://www.tradingview.com/u/Crypto-QG/,,,,
https://www.tradingview.com/u/Trader-Arthur/,,,,
https://www.tradingview.com/u/guojingqin/,,,,
https://www.tradingview.com/u/wanluxing123/,,,,
https://www.tradingview.com/u/jasontames77/,,,,
https://www.tradingview.com/u/HoldBTC/,,,https://twitter.com/RalphHodlBTC,
https://www.tradingview.com/u/x4i18r/,,,,
https://www.tradingview.com/u/GamingW/,,,,
https://www.tradingview.com/u/Simonfoo/,,,,
https://www.tradingview.com/u/longgegege/,,,,
https://www.tradingview.com/u/douf7190/,,,,
https://www.tradingview.com/u/pixel_lin/,,,,
https://www.tradingview.com/u/Dyyt_0268/,,,https://twitter.com/ChanBitcoin,
https://www.tradingview.com/u/yajiegang/,,,,
https://www.tradingview.com/u/Mr2109/,,,,
https://www.tradingview.com/u/jason9508/,,,,
https://www.tradingview.com/u/Ambr0Z/,,,,
https://www.tradingview.com/u/huliting00/,,,,
https://www.tradingview.com/u/ClydeZ/,,,,
https://www.tradingview.com/u/Yaoshi/,,,,
https://www.tradingview.com/u/SHENXIU2022/,,,,
https://www.tradingview.com/u/marjews903/,,,,
https://www.tradingview.com/u/mipei521/,,,,
https://www.tradingview.com/u/BTC8808/,,,https://twitter.com/oXovGRsYfJp9gN5,
