https://www.tradingview.com/u/PimpYourTrading/,https://pimpyourtrading.de/,https://www.youtube.com/channel/UCRK3g7X2zEN87U--jhgCJ-Q,,üìà Unser Tradingroom: https://t.me/PimpYourTradingTradingroom\r\nüìâ PimpYourTrading Discord Server: https://discord.gg/2ucuRFcfkG\r\nüöÄAktien: https://bit.ly/3nHJtTm\r\nüíª EA Trading: https://bit.ly/3oMmdmE\r\nüìä Forex: https://bit.ly/3DJnkK0
https://www.tradingview.com/u/simonle2811/,,,,
https://www.tradingview.com/u/Jens_Klatt/,,https://www.youtube.com/channel/UC6GwhErh5weuZt-E6_uQnJA,https://twitter.com/JensKlattFX,
https://www.tradingview.com/u/FinPirates/,https://finpirates.com,,https://twitter.com/FinPirates,
https://www.tradingview.com/u/SwingMann/,,,,
https://www.tradingview.com/u/Global-Investa/,https://www.global-investa.com/,,https://twitter.com/GlobalInvesta,Weitere Signale und erstklassiges Research erw√ºnscht?\r\n‚Ä¶ dann werden unsere Day- u. Swing-Trading Signale Sie begeistern!\r\n\r\nüëâ Jetzt kostenlos testen!\r\nhttps://www.global-investa.com/impuls-trading\r\n\r\nGlobal Investa\r\nhttps://www.global-investa.com/
https://www.tradingview.com/u/Lessetrade/,,,https://twitter.com/lessetrade,
https://www.tradingview.com/u/xXCorlXx/,,,,
https://www.tradingview.com/u/BigBangTheory/,,,,
https://www.tradingview.com/u/stonewimmer/,,,https://twitter.com/stone_wimmer,
https://www.tradingview.com/u/tradingperspektive/,https://www.tradingperspektive.de/,https://www.youtube.com/channel/UCtQfD5IwQJnOolCFwty5VzA,,"https://www.tradingperspektive.de/\r\nMeine Homepage mit Kursen, Ideen und Weiterbildungsm√∂glichkeiten und vielen Infos zu mir.\r\n\r\nWenn Ihr mich auf TradingView unterst√ºtzen wollt mit einem Abo?\r\nhttps://de.tradingview.com/gopro/?share_your_love=hafenrichte"
https://www.tradingview.com/u/dominickuster/,,https://www.youtube.com/channel/UC4UZ3R46zorLh07undt0NcA,https://twitter.com/dominickuster1,
https://www.tradingview.com/u/Andre_Stagge/,https://www.andre-stagge.de/,,https://twitter.com/andre_stagge,Insiderinformationen direkt vom Portfoliomanager‚ùì\n-->\n SEI JETZT KOSTENLOS DABEIüìà üìà üìà\n-->\nhttps://www.andre-stagge.de/newsletter/\nhttps://www.andre-stagge.de/newsletter/\nhttps://www.andre-stagge.de/newsletter/\n‚ù§Ô∏èÔ∏è
https://www.tradingview.com/u/Askana/,,,,
https://www.tradingview.com/u/Bollinger_Bande/,https://www.patreon.com/bollingerbande,https://www.youtube.com/channel/UCl5n46BQ32Uow5e25p7hsfQ,https://twitter.com/BollingerBande,Ihr wollt mehr Trading-Setups bekommen? Dann abonniert uns: https://www.patreon.com/bollingerbande
https://www.tradingview.com/u/ew_tradeclub/,https://discord.gg/NWMB3HbWkR,,,"Wer meinen Echtzeit Analysen und Betrachtungen folgen m√∂chte, ist herzlich auf meinen Discord Server eingeladen. Lasst mir gerne ein Like da und schaut bei Discord vorbei. üòâ\r\n# Anmeldungen zum n√§chsten EW Kurs bitte zeitnah einbringen! Begrenzte Pl√§tze."
https://www.tradingview.com/u/Gummibaerenmann/,,https://www.youtube.com/channel/UC9ejdgwM32v6apykbUOMOYA,https://twitter.com/JustinProbis,
https://www.tradingview.com/u/DrMartin_Kawumm/,https://money-monkeys.com,https://www.youtube.com/channel/UCYwqrgg0_JwaYex3gFBImoA,https://twitter.com/DEmoney_monkeys,
https://www.tradingview.com/u/mathiasschiller1989/,,,,
https://www.tradingview.com/u/tiednogh/,,,,
https://www.tradingview.com/u/amazedLion33201/,,,,
https://www.tradingview.com/u/solitz/,,,https://twitter.com/danielkhunz,Die Inhalte stellen keine Anlageberatung oder Handelsempfehlung dar. S√§mtliche Strategien und Inhalte m√ºssen von Ihrem Anlageberater gepr√ºft werden
https://www.tradingview.com/u/Philboy/,,,https://twitter.com/Philboy34272270,
https://www.tradingview.com/u/KarstenKagels/,https://www.kagels-trading.de,https://www.youtube.com/channel/UCTme-6lq94sCXjs6l7G7tgg,https://twitter.com/KagelsTrading,‚ñ∫ Indikatoren f√ºr TradingView \n\nhttps://www.kagels-trading.de/trading-indikatoren/\n\n‚ñ∫ Trading Signale testen: \n\nhttps://www.kagels-trading.de/trading-signale/\n\n‚ñ∫ Kagels Trading Club: \n\nhttps://www.kagels-trading.de/ktc-optin/
https://www.tradingview.com/u/Trading_Tagebuch/,,,https://twitter.com/TagebuchTrading,
https://www.tradingview.com/u/Howardxx85/,,,,
https://www.tradingview.com/u/dmnkmler/,,,https://twitter.com/DmnkMler,
https://www.tradingview.com/u/kindOil1930/,,,,
https://www.tradingview.com/u/mstei/,,,,
https://www.tradingview.com/u/Hawkeye-Charting/,https://discord.gg/XckKV7uAku,https://www.youtube.com/channel/UCHXC2jHL1GIyWT0GUdkCKRg,https://twitter.com/HawkeyeCharting,Sichere dir deinen kostenlosen Zugang zu Hawkeye-Indikatoren und unseren Discord Server:\r\n\r\nRSI Integral:\thttps://de.tradingview.com/script/nF6pKiy9/\r\nMMVD:\t\thttps://de.tradingview.com/script/nQitNib\r\nDiscord:\t\thttps://discord.gg/XckKV7uAku\r\n\r\nBis bald üëã
https://www.tradingview.com/u/Noah1010/,,,,
https://www.tradingview.com/u/MoritzBttner/,,,,
https://www.tradingview.com/u/Aycan./,https://linktr.ee/aycan.sk,,,Fragen und mehr üîÆ‚ö°\r\nhttps://linktr.ee/aycan.sk\r\n\r\n¬©System learned from Stefan Kassing\r\nHinweis: Diese Analyse stellt keine Anlageempfehlung dar!
https://www.tradingview.com/u/Corncholio/,,,,
https://www.tradingview.com/u/lucahenrichs/,,,,
https://www.tradingview.com/u/General_Ranzung/,,,,
https://www.tradingview.com/u/KhanPhelan/,,,https://twitter.com/KhanPhelanTrade,
https://www.tradingview.com/u/DrKurtWeinknecht/,,,,
https://www.tradingview.com/u/Cryptotradergirl22/,,,,
https://www.tradingview.com/u/Wedekind/,,,,
https://www.tradingview.com/u/Tradingfreaks-TF/,https://tradingfreaks.com,https://www.youtube.com/channel/UCBiagMHMKE2DklpC49Ez6pQ,https://twitter.com/tradingfreaks,"Das Daytrading Portal f√ºr Anf√§nger und fortgeschrittene Trader. \r\nHier lernst du professionellen B√∂rsenhandel von Vollzeittradern. \r\nFX, DAX, Aktien und Co."
https://www.tradingview.com/u/philippxkaiser/,,,,
https://www.tradingview.com/u/EnormousTrading/,,,https://twitter.com/BWentzler,
https://www.tradingview.com/u/Feliixxx/,https://ffdk.academy/,,,#Tunaround-Portfolio-Projekt!!!\nhttps://de.tradingview.com/chart/TLRY/fLJovYoz/\nhttps://app.parqet.com/p/60d6f95f8bdb0f00380770ca\n\nhttps://ffdk.academy/\n\nhttps://t.me/joinchat/GIHy81HLs0Ewnuu_WHSwYQ
https://www.tradingview.com/u/Trendbetter/,,https://www.youtube.com/channel/UCfJm7zQWAljCYmXwDhx2NSg,https://twitter.com/RadekVegas,
https://www.tradingview.com/u/wuerges/,,,https://twitter.com/wuergesFC,
https://www.tradingview.com/u/fferasarman/,,,,
https://www.tradingview.com/u/Traderflo12/,,,,
https://www.tradingview.com/u/Mike-MBE/,,,,Telegram: https://t.me/cryptomikembe
https://www.tradingview.com/u/GrimsV/,,,,
https://www.tradingview.com/u/MarcelHeld/,,,,
https://www.tradingview.com/u/xKanni/,,,,
https://www.tradingview.com/u/SvenKlarname/,,,https://twitter.com/TeddyVonFussel,
https://www.tradingview.com/u/TheOldGuy/,,,,
https://www.tradingview.com/u/Fridaybull/,,,,
https://www.tradingview.com/u/Schulz-Team-Analytik/,,https://www.youtube.com/channel/UCm62Fc-KLhthnendjDBeUyw,https://twitter.com/schulz_team,
https://www.tradingview.com/u/investor-guard/,https://investor-guard.com,https://www.youtube.com/channel/UCEUuvIVllUeJb4p01_5JYzg,https://twitter.com/investor_guard,
https://www.tradingview.com/u/Unfoldemy/,,https://www.youtube.com/channel/UCeE_BljVq7C7ABUD3KfK5ow,https://twitter.com/unfoldemy,
https://www.tradingview.com/u/Mr_Sagitario/,https://t.me/TheWaveReader,https://www.youtube.com/channel/UCjgiHGU7Y-a1e8dReZ6pfxA,,JOIN US: https://t.me/TheWaveReader\r\n\r\nüü¢ Werde Teil der BullvsBear Akademie und erhalte:üü¢\r\n\r\n- den WAVEREADER üåä\r\n- T√§gliche Analysen ‚úçÔ∏è\r\n- Unsere Pers√∂nlichen Markschritte üó£\r\n- Education ü•á\r\n- Austausch in der Community üèÜ\r\n\r\nwww.bullvsbear-akdemie.de
https://www.tradingview.com/u/jenaparadies/,,,,
https://www.tradingview.com/u/lexus4377/,,,,
https://www.tradingview.com/u/langenmartin87/,,,,
https://www.tradingview.com/u/KryptoAnalyse0816/,,https://www.youtube.com/channel/UCNO7nCABICxZ-8ukKQFVldw,,
https://www.tradingview.com/u/Traderherz-Analytics/,https://www.traderherz.com/,https://www.youtube.com/channel/UCtrEeDkfP-BkkQDDErVQJGg,https://twitter.com/traderherz,www.traderherz.com - Algo Trading and  Analysis
https://www.tradingview.com/u/WayAnalysen/,,https://www.youtube.com/channel/UCEWMZMx0ood5D4c_obp5zMA,,POWER SCORE SCALPING AKADEMIE & \r\nBetreuung von Profis for FREE\r\n\r\neinfach Beitreten und kostenlos verwenden\r\n\r\nhttps://discord.com/invite/mustermannstradersclub
https://www.tradingview.com/u/crsc/,,,,
https://www.tradingview.com/u/Beyazfx/,,,https://twitter.com/Beyazfx,
https://www.tradingview.com/u/Yazici_Bank_Invest/,,,,
https://www.tradingview.com/u/flame_finance/,,,,
https://www.tradingview.com/u/ChancenTrader/,,https://www.youtube.com/channel/UC0m3mKV9HRnQepXgCrxXYjA,https://twitter.com/ChancenTrader,"Haftungsausschluss: Ver√∂ffentlichte Analysen & Prognosen stellen die Meinung des Autors dar, keine Anlageberatung.\n\nEs k√∂nnen Interessenskonflikte bestehen."
https://www.tradingview.com/u/r1e55y/,,,,
https://www.tradingview.com/u/FaustDick/,,,https://twitter.com/FaustDick1,
https://www.tradingview.com/u/signaturs/,,,,
https://www.tradingview.com/u/shesscom13/,,,https://twitter.com/NotOutis,
https://www.tradingview.com/u/Schrilipp/,,,,
https://www.tradingview.com/u/Redokart/,,,,
https://www.tradingview.com/u/togo100/,,,https://twitter.com/xorpio,
https://www.tradingview.com/u/WilfiKrypto/,,,,
https://www.tradingview.com/u/marvinjacob/,,,,
https://www.tradingview.com/u/Kryptoturk85/,,https://www.youtube.com/channel/UClBLS51yUSIpBFHOeWnpR_Q,https://twitter.com/@Kryptoturk8,
https://www.tradingview.com/u/paufel/,,,,
https://www.tradingview.com/u/NonOletPecunia/,,,,
https://www.tradingview.com/u/kilian1408/,,,https://twitter.com/realDonaldTrump,
https://www.tradingview.com/u/El_Torrero/,,,,
https://www.tradingview.com/u/Final67/,,,,
https://www.tradingview.com/u/cybershredder/,,,,
https://www.tradingview.com/u/lucapaulbachmann/,,,,
https://www.tradingview.com/u/tradebobb/,,,,
https://www.tradingview.com/u/SnowballFinanzen/,,,,
https://www.tradingview.com/u/JMTradingInc/,,https://www.youtube.com/channel/UCMTsIsDZdy9tTdGxI1rizyg,https://twitter.com/JakobM51274210,
https://www.tradingview.com/u/ForexFamilyTrading/,,,,
https://www.tradingview.com/u/derthommmi/,,,,
https://www.tradingview.com/u/Purzel/,,,,
https://www.tradingview.com/u/Vanmeer/,,,,
https://www.tradingview.com/u/sherwan77/,,,,
https://www.tradingview.com/u/salammanalaissa1997/,,,,
https://www.tradingview.com/u/m9jzmw6cqr/,,,,
https://www.tradingview.com/u/bbtech/,,,,
https://www.tradingview.com/u/Romanovic11/,,,,
https://www.tradingview.com/u/cheerfulSeagul82462/,,,,
https://www.tradingview.com/u/tradeart_/,,,https://twitter.com/juicy_fx_trader,
https://www.tradingview.com/u/Anderl78/,,,,
https://www.tradingview.com/u/roberusky/,,,https://twitter.com/roberusky,
https://www.tradingview.com/u/Trading_Evolution/,https://trading-evolution.de/,,https://twitter.com/TE_GoldenPocket,Informationen zu unserem Premium Angebot findet ihr hier: https://trading-evolution.de/trading-community/\r\n\r\nTelegram Chat: https://t.me/walcafe\r\nTelegram Kanal: https://t.me/Trading_Evolution\r\nWebsite: https://trading-evolution.de
https://www.tradingview.com/u/deldar030/,,,,
https://www.tradingview.com/u/PiP-iT/,,,,
https://www.tradingview.com/u/patapata25/,,,,
https://www.tradingview.com/u/Baua1990/,,,,
https://www.tradingview.com/u/Sarp-berlin/,,,,
https://www.tradingview.com/u/Twomek/,,,,
https://www.tradingview.com/u/Sp4t3n/,,,,
https://www.tradingview.com/u/DaVinci-Trader/,,,,
https://www.tradingview.com/u/StefanBode/,https://www.youtube.com/c/StefanBodeRenditeWohlstandsWelle,https://www.youtube.com/channel/UCP3BS-2RHl4pf_NCf42T3yw,https://twitter.com/StefanJBode,https://t.me/stefan_bode_analysen\r\nZins oder Dividende? Aktien oder Anleihen? Was sind Wandeloptionsanleihen? \r\nImmobilien oder Rohstoffe? \r\nSind Lebensversicherungen sicher?\r\nGeld richtig investieren! \r\n\r\nwww.fondslounge.de
https://www.tradingview.com/u/marvineckhardt04092003/,,,,
https://www.tradingview.com/u/Silwerrhino/,,,,
https://www.tradingview.com/u/mustangchefe/,,,,
https://www.tradingview.com/u/TradingBrothers_Official/,https://www.tradingbrothers.com,,,https://www.tradingbrothers.com/testen
https://www.tradingview.com/u/TofuZz/,,,,
https://www.tradingview.com/u/SenanurK/,,,,
https://www.tradingview.com/u/rmhandel3/,,https://www.youtube.com/channel/UCPCbS-qmV2icn0t1ZgUm2rQ,https://twitter.com/Robi32071432,
https://www.tradingview.com/u/S-Oliver/,,,,
https://www.tradingview.com/u/X-Sequentials/,,,https://twitter.com/DevinSage,
https://www.tradingview.com/u/matheis12/,,,,
https://www.tradingview.com/u/nemokles/,,,,
https://www.tradingview.com/u/felixrahmsdorf/,,,,
https://www.tradingview.com/u/krynmyr/,,,,
https://www.tradingview.com/u/Christians_SKS/,,,,
https://www.tradingview.com/u/Earth23Grad/,,,,
https://www.tradingview.com/u/AscendingStorm/,,,,
https://www.tradingview.com/u/IamOrtmanD/,,,,
https://www.tradingview.com/u/GregorHunkeler/,,,,
https://www.tradingview.com/u/ihsanalasadi70/,,,https://twitter.com/IhsanAlAsadi2,
https://www.tradingview.com/u/MaSa_83/,,,https://twitter.com/Madden_83,
https://www.tradingview.com/u/Balteo/,,,,
https://www.tradingview.com/u/richi_777/,,,,
https://www.tradingview.com/u/FloB11654075/,,,https://twitter.com/FloB11654075,
https://www.tradingview.com/u/geldkatze/,,,https://twitter.com/TweetStevi,
https://www.tradingview.com/u/SwissTomek/,,,https://twitter.com/tomeksmail,
https://www.tradingview.com/u/Eddy2909/,,,https://twitter.com/adrian_2ring,
https://www.tradingview.com/u/aaronmozer/,,,,
https://www.tradingview.com/u/DonHubertus/,,,,
https://www.tradingview.com/u/gimmysaltron/,,,,
https://www.tradingview.com/u/Schnarbastyle/,,,,
https://www.tradingview.com/u/pladach/,,,,
https://www.tradingview.com/u/Bechemli80/,,,https://twitter.com/bechemli80,
https://www.tradingview.com/u/Captain_Rex/,,,https://twitter.com/Captain86933328,
https://www.tradingview.com/u/MichaelHosch/,,,https://twitter.com/michael_hosch,
https://www.tradingview.com/u/competitiveDin26334/,,,,
https://www.tradingview.com/u/Die_Perfekte_Welle/,,,https://twitter.com/_Perfekte_Welle,
https://www.tradingview.com/u/LuckyLeonardoCrypto/,,https://www.youtube.com/channel/UCJ4Yo1gqi-2hyOO29WQAkhg,https://twitter.com/luckyking223,
https://www.tradingview.com/u/andigoldberger98/,,,,
https://www.tradingview.com/u/Mika_0815_SCJ-Analyst/,,,,
https://www.tradingview.com/u/SystemTrader-SNP/,,,https://twitter.com/_SystemTrader_,
https://www.tradingview.com/u/FirstDachGroup/,,,,
https://www.tradingview.com/u/Zendrig/,,,,
https://www.tradingview.com/u/dimoe/,,,https://twitter.com/24find,
https://www.tradingview.com/u/andidoom/,,,,
https://www.tradingview.com/u/tradevola/,,https://www.youtube.com/channel/UCRQI71dlTXx5V4is61K8fVw,https://twitter.com/@tradevola,
https://www.tradingview.com/u/Lorenz24/,,,,
https://www.tradingview.com/u/Colakaefer/,,,,
https://www.tradingview.com/u/thedomdubai/,,,https://twitter.com/MrToelen,
https://www.tradingview.com/u/ThomasSchrefler/,https://discord.gg/cXmCNHyWX6,,,F√úR MEHR ANALYSEN TRETE UNSER GRUPPE BEI---> https://discord.gg/cXmCNHyWX6
https://www.tradingview.com/u/gottvinc/,,,,
https://www.tradingview.com/u/Price_ActionTrader/,https://www.kagels-trading.de/trading-masterclass/,https://www.youtube.com/channel/UCmG_Ol-DOy8GkCyyRI7iZ-A,,Hier gelangst du zur Trading MasterClass https://www.kagels-trading.de/trading-masterclass/
https://www.tradingview.com/u/iermail/,,,,
https://www.tradingview.com/u/noname86/,,,https://twitter.com/noname86,
https://www.tradingview.com/u/baphopolako/,,,,
https://www.tradingview.com/u/betle/,,,https://twitter.com/belet46802336,
https://www.tradingview.com/u/SCOPO-CHRIS/,,,,
https://www.tradingview.com/u/denizuo/,,,https://twitter.com/Leonzo07045252,
https://www.tradingview.com/u/plastikmancan/,,,,
https://www.tradingview.com/u/Andreas_S/,,,https://twitter.com/schendelandreas,
https://www.tradingview.com/u/FelixWinkler/,,,,
https://www.tradingview.com/u/Markus-Siegl/,,,,
https://www.tradingview.com/u/TufanHunter/,,,https://twitter.com/TufanAr44442366,
https://www.tradingview.com/u/NinaPtr/,,,,
https://www.tradingview.com/u/Flegjo/,,,,
https://www.tradingview.com/u/mhxa_/,,,,
https://www.tradingview.com/u/Fowcee/,,,https://twitter.com/Cefix0,
https://www.tradingview.com/u/himv333/,,,,
https://www.tradingview.com/u/rareBustard78227/,,,,
https://www.tradingview.com/u/oc1994/,,,,
https://www.tradingview.com/u/Wolfe-Wave-Trading/,,https://www.youtube.com/channel/UCbLuQug9zPthq19KJM3UKfA,https://twitter.com/wolfewavetrades,
https://www.tradingview.com/u/BlackTear/,,,,
https://www.tradingview.com/u/lucagocht/,,,,
https://www.tradingview.com/u/l3p3l/,,,https://twitter.com/alziexmm,
https://www.tradingview.com/u/_Anton_/,,,,
https://www.tradingview.com/u/Fibonozzi/,https://sites.google.com/view/fibonozzi/startseite,,https://twitter.com/fibonozzi1,
https://www.tradingview.com/u/ChrisWonka/,,,,
https://www.tradingview.com/u/AlexinPixels/,,,,
https://www.tradingview.com/u/Derexx/,,,,
https://www.tradingview.com/u/franke19/,,,,
https://www.tradingview.com/u/daniel_luca/,,,,
https://www.tradingview.com/u/danielkurunci1999/,,,,
https://www.tradingview.com/u/kreizi94/,,,,
https://www.tradingview.com/u/ClavenAnalysis/,,,,
https://www.tradingview.com/u/Richteen/,,,,
https://www.tradingview.com/u/HerrRoin/,,,,
https://www.tradingview.com/u/florianslawik/,,,,
https://www.tradingview.com/u/DeMitSkill/,,,,
https://www.tradingview.com/u/xiso_io/,http://www.charitytrader.io,,https://twitter.com/charitygap,
https://www.tradingview.com/u/OneEggJoe/,,,,
https://www.tradingview.com/u/Moon_trading24/,,,,
https://www.tradingview.com/u/Optionopedia/,http://ericludwig.de,https://www.youtube.com/channel/UCwgdQVab9bjcW8PFPXzQqgQ,https://twitter.com/eludwig10,Optionsdienst: https://bit.ly/3Qw9jGf\r\nKurse zum Trading-Erfolg: https://bit.ly/3Ol6aYb\r\nIndikatoren √ºber Newsletter: https://bit.ly/3MElRbw\r\n\r\nB√ºcher:\r\nOptionen unschlagbar handeln: https://amzn.to/3I3xfwk\r\nHedging mit Optionen: https://amzn.to/3h1QhqM
https://www.tradingview.com/u/oldgainz/,,,,
https://www.tradingview.com/u/NoName1559/,,,,
https://www.tradingview.com/u/CryptoSarastro/,,,https://twitter.com/FlorianGerl,
https://www.tradingview.com/u/techniker67/,,,https://twitter.com/techniker67,
https://www.tradingview.com/u/TR7z/,,,https://twitter.com/TR7z_Armin,
https://www.tradingview.com/u/Bolle13/,,,,
https://www.tradingview.com/u/davinci-algorithm/,,,,
https://www.tradingview.com/u/YT_Krypto_Zoo/,,https://www.youtube.com/channel/UC39WRFN56h0TThL3NYwci0A,https://twitter.com/DerKrypto,
https://www.tradingview.com/u/angendul/,,,,
https://www.tradingview.com/u/Stoner53/,,,,
https://www.tradingview.com/u/marvmellow/,,,,
https://www.tradingview.com/u/samuelstahl93/,,,,
https://www.tradingview.com/u/raphabr/,,,,
https://www.tradingview.com/u/TradingQueen618/,,,https://twitter.com/gu_trading,
https://www.tradingview.com/u/RoadToFTMO_/,,,,
https://www.tradingview.com/u/moeserious/,,,,
https://www.tradingview.com/u/CryptoTicker/,,,https://twitter.com/cryptotickerDE,
https://www.tradingview.com/u/Alextt01/,,,,
https://www.tradingview.com/u/FXxxXxxW/,,,,
https://www.tradingview.com/u/amorjo8/,,,,
https://www.tradingview.com/u/PfatrigRei/,,,,
https://www.tradingview.com/u/jj7777777/,,,,
https://www.tradingview.com/u/liquidaligat0r/,,,,
https://www.tradingview.com/u/TradingGott187/,,,,
https://www.tradingview.com/u/Raven247/,https://zacgroup-moneyseeds.com/,,,"Wenn du von und mit mir lernen m√∂chtest, dann komm gern auf meinen Discord-Server und werde teil der ZAC Akademie: \r\n\r\nhttps://www.patreon.com/zacgroupakademie?fan_landing=true"
https://www.tradingview.com/u/CrystalxInk/,,,,
https://www.tradingview.com/u/Matthias071290/,,,,
https://www.tradingview.com/u/bogluel/,,,,
https://www.tradingview.com/u/Daniel-FX-/,,,,
https://www.tradingview.com/u/TrendfolgeInvestments/,,,,
https://www.tradingview.com/u/Dan_1988/,,,,
https://www.tradingview.com/u/Olli_P._Klassensprecher_der_1b/,,,,
https://www.tradingview.com/u/FW053329/,,,,
https://www.tradingview.com/u/neptuncatcher/,,,,
https://www.tradingview.com/u/DariusFxTrading/,https://linktr.ee/dariusfx,https://www.youtube.com/channel/UCKSl7tk9xOew3CUTlnNshwQ,https://twitter.com/DariusFX1,‚úîÔ∏è Inner Circle ‚≠ïÔ∏è https://launchpass.com/darius-fx/innercirclefx\r\n\r\n‚úîÔ∏èInstagram: https://instagram.com/dariusfxtrading\r\n\r\n‚úîÔ∏è Telegram(german): https://t.me/dariusfxtrading\r\n\r\n‚úîÔ∏è Top BrokerüíØ https://my.roboforex.com/de/?a=skxb
https://www.tradingview.com/u/Tankthony25/,,,,
https://www.tradingview.com/u/KW2000_2/,,,,
https://www.tradingview.com/u/SvRo/,,,,
https://www.tradingview.com/u/TobiasMechler/,,,,
https://www.tradingview.com/u/Tradehelden/,https://www.tradehelden.com/,,,www.tradehelden.com
https://www.tradingview.com/u/HedgedTrader12/,,,,
https://www.tradingview.com/u/lami125li/,,,https://twitter.com/lami125li,
https://www.tradingview.com/u/josiabe/,,,,
https://www.tradingview.com/u/BAXTRADING/,,,,
https://www.tradingview.com/u/DDTrading12/,,,,
https://www.tradingview.com/u/UnknownUnicorn38916815/,,,,
https://www.tradingview.com/u/defnotcf/,,,,
https://www.tradingview.com/u/ShahyarForex/,,,,
https://www.tradingview.com/u/Sako_han/,,,https://twitter.com/CQIN24,
https://www.tradingview.com/u/Dragan83/,https://t.me/TheWaveReader,https://www.youtube.com/channel/UCQ84h1oHEsonS3NQVH4XCtQ,,Telegram: https://t.me/TheWaveReader
https://www.tradingview.com/u/EasyMoneyMaking/,,,,
https://www.tradingview.com/u/kaankayaofficial/,,,,
https://www.tradingview.com/u/TobiasOTC/,,,https://twitter.com/TobiasBockhorn,
https://www.tradingview.com/u/traden999/,,,,
https://www.tradingview.com/u/JuhaniChristianLinde/,,,,
https://www.tradingview.com/u/RoliKo123/,,,,
https://www.tradingview.com/u/Ehrlichachwieherlich/,,,https://twitter.com/E_A_W_H,
https://www.tradingview.com/u/Christopher57/,,,,
https://www.tradingview.com/u/BabaInvest/,,,,
https://www.tradingview.com/u/Madpat74/,,,,
https://www.tradingview.com/u/Mufasa34/,,,https://twitter.com/Mufasa341,
https://www.tradingview.com/u/adriannikolic77/,,,,
https://www.tradingview.com/u/Guenter_Seidner/,,,https://twitter.com/guenterSeidner,
https://www.tradingview.com/u/Anton_Canton/,,,,
https://www.tradingview.com/u/Robbertoskokandic/,,,,
https://www.tradingview.com/u/BerndB23/,,,,
https://www.tradingview.com/u/AW-Analysen/,,,,
https://www.tradingview.com/u/John_Wayne58/,,,https://twitter.com/mxy_58,
https://www.tradingview.com/u/Rand0x/,,,https://twitter.com/Rand0x,
https://www.tradingview.com/u/Sav43816/,,,,
https://www.tradingview.com/u/infality/,,,,
https://www.tradingview.com/u/Arkannia/,,,,
https://www.tradingview.com/u/Domi110896/,,,,
https://www.tradingview.com/u/Ben178/,,,,
https://www.tradingview.com/u/Woozaa/,,,https://twitter.com/WoozaaFx,
https://www.tradingview.com/u/truckerj/,,,,
https://www.tradingview.com/u/businessstart/,,,,
https://www.tradingview.com/u/sebbok1983/,,,,
https://www.tradingview.com/u/Terminator66/,,,,
https://www.tradingview.com/u/LeonSill/,,,,
https://www.tradingview.com/u/kroelljoh/,,,,
https://www.tradingview.com/u/Remo-tbn/,,,,
https://www.tradingview.com/u/elrippo1/,,,,
https://www.tradingview.com/u/chrisuderfeuerwehrmann/,,,,
https://www.tradingview.com/u/Genesis261/,,,,
https://www.tradingview.com/u/Domelleg/,,,,
https://www.tradingview.com/u/AaronH01/,,,,
https://www.tradingview.com/u/MrThomas/,,,,
https://www.tradingview.com/u/Osilva/,,,https://twitter.com/OsilvaDen,
https://www.tradingview.com/u/KianZmrdi/,,,,
https://www.tradingview.com/u/Noahry/,,,,
https://www.tradingview.com/u/DMec1986/,,,,
https://www.tradingview.com/u/xHobbyTradeRx/,,,https://twitter.com/xHobbyTradeRx,
https://www.tradingview.com/u/Swisstradingmentor/,,,,
https://www.tradingview.com/u/Rubiii1989/,,,,
https://www.tradingview.com/u/CryptoRaphael/,,,,
https://www.tradingview.com/u/Trade_Worldwide/,,,,
https://www.tradingview.com/u/cicey74/,,,https://twitter.com/@cicey74,
https://www.tradingview.com/u/MelikeDuroglu/,,,,
https://www.tradingview.com/u/SwissCryptoJay/,http://www.swisscryptojay.ch,https://www.youtube.com/channel/UCWM1uBxzGpNb4RyxtFc3A8g,https://twitter.com/SwissCryptoJay1,
https://www.tradingview.com/u/KaiLiegl/,,,,
https://www.tradingview.com/u/Tujak/,,,,
https://www.tradingview.com/u/Talo44/,,,https://twitter.com/TalipSelvi1,
https://www.tradingview.com/u/xbox36000/,,,,
https://www.tradingview.com/u/CL1970/,,,https://twitter.com/Cl19702Cl1970,
https://www.tradingview.com/u/paparegier/,,,,
https://www.tradingview.com/u/FabianFischer9/,,,,
https://www.tradingview.com/u/pusteblume_original/,,,,
https://www.tradingview.com/u/sternendeuter/,,,,
https://www.tradingview.com/u/broke6oy/,,,,
https://www.tradingview.com/u/BenRo/,,,,
https://www.tradingview.com/u/maass257/,,,,
https://www.tradingview.com/u/jujublades/,,,,
https://www.tradingview.com/u/gissinginvestments/,,,,
https://www.tradingview.com/u/Zandieh/,,,https://twitter.com/AliZandieh3,
https://www.tradingview.com/u/LieberknechtD/,,,,
https://www.tradingview.com/u/PandaPunch/,,https://www.youtube.com/channel/UCeK1G0Ak6xfy_PVfSkutr9w,,
https://www.tradingview.com/u/Mizta_Stone/,,,,
https://www.tradingview.com/u/truefruitsgreen/,,,https://twitter.com/tfg_eot,
https://www.tradingview.com/u/Apollo534/,,,,
https://www.tradingview.com/u/axelreif/,,,,
https://www.tradingview.com/u/gleefulSeafowl66535/,,,,
https://www.tradingview.com/u/BonsaiSplinter/,,,,
https://www.tradingview.com/u/Aktieninvestor_net/,,,https://twitter.com/AktieninvestorN,
https://www.tradingview.com/u/Mindless_Confusion46/,,,https://twitter.com/ApeGoesToMoon,
https://www.tradingview.com/u/MaikRophone/,,,,
https://www.tradingview.com/u/BumbleBull/,,,,
https://www.tradingview.com/u/Frankssstein/,,,,
https://www.tradingview.com/u/Savage-D/,,,,
https://www.tradingview.com/u/BUSCHE-1/,,,,
https://www.tradingview.com/u/vonbumme34/,,,,
https://www.tradingview.com/u/Larifx/,,,,
https://www.tradingview.com/u/sucks2bu2/,,,,
https://www.tradingview.com/u/Johannes_S/,,,,
https://www.tradingview.com/u/werkannderwird/,,,,
https://www.tradingview.com/u/DaniM291/,,,,
https://www.tradingview.com/u/ronaldinho2099/,,,,
https://www.tradingview.com/u/Ticksammler/,,,,
https://www.tradingview.com/u/decentrend/,,,https://twitter.com/AJ13433198,
https://www.tradingview.com/u/Krypto-Easy/,,,https://twitter.com/krypto_easy,
https://www.tradingview.com/u/Stefan1206/,,,,
https://www.tradingview.com/u/SBFCS89/,,,,
https://www.tradingview.com/u/BonniD/,,,,
https://www.tradingview.com/u/Imba_/,,,,
https://www.tradingview.com/u/ralffritz21/,,,,
https://www.tradingview.com/u/Chiko65/,,,,
https://www.tradingview.com/u/favorsky/,,,,
https://www.tradingview.com/u/mates1991p/,,,,
https://www.tradingview.com/u/fx_trader_ru/,,,https://twitter.com/fx_trader_ru,
https://www.tradingview.com/u/Tradegeil24/,,,https://twitter.com/coingeil,
https://www.tradingview.com/u/hkirli24/,,,,
https://www.tradingview.com/u/crypto7chris/,,,,
https://www.tradingview.com/u/boggi96/,,,https://twitter.com/Bogdanof_sminem,
https://www.tradingview.com/u/mats-g/,,,,
https://www.tradingview.com/u/danieltoll18/,,,,
https://www.tradingview.com/u/Mrantifun/,,,,
https://www.tradingview.com/u/DanielKalman/,,,,
https://www.tradingview.com/u/GetKrypto/,,,https://twitter.com/getkrypto_de,
https://www.tradingview.com/u/CRV_Trader/,https://t.me/CRV_Trader,,,‚úÖ NUR HIER BEKOMMST DU ALLES MIT ‚úÖ\n\nTelegram\nüö® https://t.me/CRV_Trader
https://www.tradingview.com/u/Finanzstyler/,,,,
https://www.tradingview.com/u/thtraeg/,,,https://twitter.com/TTragner,
https://www.tradingview.com/u/RT_Trading_/,,,,
https://www.tradingview.com/u/KryptoInvester/,,,,
https://www.tradingview.com/u/ToniMo93/,,,,
https://www.tradingview.com/u/iamnvk/,,,,
https://www.tradingview.com/u/rwweber/,,,,
https://www.tradingview.com/u/trend-guard/,https://investor-guard.com/trend-guard,,https://twitter.com/investor_guard,Trend-Guard ist eine Produktlinie von investor-guard\r\nhttps://investor-guard.com/legal/disclaimer/
https://www.tradingview.com/u/zelda1496de/,,,,
https://www.tradingview.com/u/MrAllushe/,,,,
https://www.tradingview.com/u/Sxlas/,,,,
https://www.tradingview.com/u/TradingMain/,,,,
https://www.tradingview.com/u/FTMOTraderSimeon/,,,,
https://www.tradingview.com/u/PupperTrader/,,,,
https://www.tradingview.com/u/CRISS2/,,,,
https://www.tradingview.com/u/shallawsurchy5/,,,,
https://www.tradingview.com/u/kryptohype/,,,https://twitter.com/AzurMargo,
https://www.tradingview.com/u/Remo11/,,,,
https://www.tradingview.com/u/ThomasXD/,,,,
https://www.tradingview.com/u/MaximilianStarke/,,,,
https://www.tradingview.com/u/Admos-APT/,,,,
https://www.tradingview.com/u/raptor0510/,,,,
https://www.tradingview.com/u/dcasciato03/,,,,
https://www.tradingview.com/u/robsonspor/,,,,
https://www.tradingview.com/u/mvk303/,,,,
https://www.tradingview.com/u/makecoinz/,,,,
https://www.tradingview.com/u/toyur/,,,,
https://www.tradingview.com/u/JitsuOne/,,,,
https://www.tradingview.com/u/heboe2000/,,,,
https://www.tradingview.com/u/m0nkee/,,,,
https://www.tradingview.com/u/Neophyt_one/,,,,
https://www.tradingview.com/u/germaniacrypto/,,,,
https://www.tradingview.com/u/Dominik1898/,,,,
https://www.tradingview.com/u/andre114441000/,,,,
https://www.tradingview.com/u/PHinvest97/,,,,
https://www.tradingview.com/u/Nikolai_Kytzia/,,https://www.youtube.com/channel/UCZJbjc8rYuaIUm0Ts-6xlaw,https://twitter.com/nikolai_kytzia,
https://www.tradingview.com/u/Pultihno/,,,,
https://www.tradingview.com/u/kzimmermann1455/,,,,
https://www.tradingview.com/u/accurateMaster7/,,,,
https://www.tradingview.com/u/willem_trading/,,,,
https://www.tradingview.com/u/Rotexx/,,,,
https://www.tradingview.com/u/fhalberstadt/,,,,Bei Fragen k√∂nnt Ihr mir gerne auf Telegram schreiben:\r\nhttps://t.me/Fenriswolf1993\r\n\r\nBesucht mich auch gerne auf Instagram:\r\nhttps://www.instagram.com/fhalberstadt/
https://www.tradingview.com/u/Traderadamus/,,,,
https://www.tradingview.com/u/BoSe78/,,,,
https://www.tradingview.com/u/kitesurfdaniel/,,,,
https://www.tradingview.com/u/TradingView/,https://www.tradingview.com,https://www.youtube.com/channel/UCfOflihrkOKDQZ_ZKtF2VfQ,https://twitter.com/TradingView,Get $30 worth of TradingView Coins for you and a friend: https://www.tradingview.com/share-your-love/\n\nRead more about the new tools and features we're building for you: https://www.tradingview.com/blog/en/
https://www.tradingview.com/u/Poltchek/,,,,
https://www.tradingview.com/u/Mfratze510/,,,,
https://www.tradingview.com/u/Lenny_G98/,,,,
https://www.tradingview.com/u/PioneerSugar/,,,,
https://www.tradingview.com/u/gperformance/,,,,
https://www.tradingview.com/u/Stefan_E/,,,,
https://www.tradingview.com/u/kuerbse/,,,,
https://www.tradingview.com/u/ilyaKZM/,,,,
https://www.tradingview.com/u/BTCMoneymaker/,https://www.bitbull-trading.com/de,https://www.youtube.com/channel/UCh8EqZyAUunyl1ryHeZAaSw,https://twitter.com/BtcMoneymaker,YOUTUBE:\r\nhttps://www.youtube.com/channel/UCh8EqZyAUunyl1ryHeZAaSw\r\n\r\nFree Telegram Group: \r\nhttps://t.me/BK_btc_trading\r\n\r\nTwitter: \r\n@BtcMoneymaker
https://www.tradingview.com/u/Schnigls/,,,,
https://www.tradingview.com/u/J-W-W/,,,https://twitter.com/hodlandgo,
https://www.tradingview.com/u/corumlupasa/,,,,
https://www.tradingview.com/u/PsychoAlien/,,,,
https://www.tradingview.com/u/frederikschneider92/,,,,
https://www.tradingview.com/u/Omed-fedaie/,,,,
https://www.tradingview.com/u/SharinganMODE/,,,,
https://www.tradingview.com/u/Hades53416/,,,,
https://www.tradingview.com/u/NextgenTrading_Swiss/,,,,
https://www.tradingview.com/u/play4funzu4/,,,,
https://www.tradingview.com/u/Mandado_Kiefer/,,,,
https://www.tradingview.com/u/mikestriffler18/,,,,
https://www.tradingview.com/u/Fritzr/,,,,
https://www.tradingview.com/u/mirzahalilkovic/,,,,
https://www.tradingview.com/u/Schwinne/,,,,
https://www.tradingview.com/u/sapperlott/,,,,
https://www.tradingview.com/u/JokerDave/,,,https://twitter.com/BrightDonyo,
https://www.tradingview.com/u/ccnils/,,,,
https://www.tradingview.com/u/speinvest/,,,,
https://www.tradingview.com/u/SwissCryptoTec/,,,,
https://www.tradingview.com/u/streiffi/,,,https://twitter.com/SilberStreiffi,
https://www.tradingview.com/u/Tigerzzz/,,,,
https://www.tradingview.com/u/PerformanceSwing/,,,,
https://www.tradingview.com/u/Liquid1209/,,,,
https://www.tradingview.com/u/Hassel-HH/,,,,
https://www.tradingview.com/u/lio38/,,,,
https://www.tradingview.com/u/Marty_FX/,,,,
https://www.tradingview.com/u/Haustier_Trading/,,,,
https://www.tradingview.com/u/CIV-SNI/,,,https://twitter.com/XC1VX,
https://www.tradingview.com/u/teracor/,,,,
https://www.tradingview.com/u/VapeundTrade/,,,,"No Expert / No Advice - please be kind. I just have some Tales of Time, Price and Mind\n\nI don't sell anything but am thankful if you buy me a coffee\nhttps://www.buymeacoffee.com/vapeundtrade"
https://www.tradingview.com/u/CryptoBriziiiii/,,,,
https://www.tradingview.com/u/christooo/,,,https://twitter.com/ChrisT0ooo,
https://www.tradingview.com/u/NiallMoon/,,,,
https://www.tradingview.com/u/Cryptomahne/,,,,
https://www.tradingview.com/u/FrederikTrade/,,,,
https://www.tradingview.com/u/TP_Analytics/,https://tradingprophets.club,,https://twitter.com/ClubProphets,Einblicke in unser Trading-Tagebuch: https://t.me/churchoftrading\n\nWir bieten dir 14 Tage kostenlose Einblicke in unser Trading-Tagebuch.\n\nOur trading diary: https://t.me/churchoftrading\n\nWe offer a 14-day free trial.\n\nhttps://twitter.com/ClubProphets
https://www.tradingview.com/u/Lyiness/,,,,
https://www.tradingview.com/u/Schnico97/,,,,
https://www.tradingview.com/u/ClownJuice/,,,,
https://www.tradingview.com/u/Fiethe/,,,,
https://www.tradingview.com/u/topheck/,,,https://twitter.com/Tophecktv,
https://www.tradingview.com/u/amueller2001/,,,,
https://www.tradingview.com/u/Mistbaer/,,,,
https://www.tradingview.com/u/trading-fox/,,,,
https://www.tradingview.com/u/BobParker/,,,,
https://www.tradingview.com/u/gogeta1/,,,,
https://www.tradingview.com/u/Coinguider/,,https://www.youtube.com/channel/UClObLp51nz4mrzRLUhOcbRg,https://twitter.com/Chris4993,
https://www.tradingview.com/u/GottaEarnThosePercents/,,,,
https://www.tradingview.com/u/omarimehdi93/,,,,
https://www.tradingview.com/u/CryptoWolf_DE/,,,,
https://www.tradingview.com/u/Wuestenfuchs87/,,,,
https://www.tradingview.com/u/Bornabas/,,,,
https://www.tradingview.com/u/Ms_S/,,,,
https://www.tradingview.com/u/CrimZon69/,,,,
https://www.tradingview.com/u/Yatu90/,,,,
https://www.tradingview.com/u/kiddblizz/,,,,
https://www.tradingview.com/u/rlndfoley/,,,https://twitter.com/Prime28041989,
https://www.tradingview.com/u/Lacky85/,,,,
https://www.tradingview.com/u/samsambuka/,,,,
https://www.tradingview.com/u/Black5hadow/,,,,
https://www.tradingview.com/u/chris1405/,,,,
https://www.tradingview.com/u/JurijKPartners/,,,https://twitter.com/JKP_Trading,
https://www.tradingview.com/u/udogoelzer/,,,,
https://www.tradingview.com/u/LarsWe/,,,,
https://www.tradingview.com/u/JeromeJerome173/,,,,
https://www.tradingview.com/u/Foppy/,,,,
https://www.tradingview.com/u/noobtrader1234/,,,,
https://www.tradingview.com/u/Wicktrading/,,,,
https://www.tradingview.com/u/eliasxdie/,,,,
https://www.tradingview.com/u/mayasdarweesh306/,,,,
https://www.tradingview.com/u/Triton3/,,,,
https://www.tradingview.com/u/JKTrder/,,,https://twitter.com/The_JDK99,
https://www.tradingview.com/u/oktay145345442/,,,,
https://www.tradingview.com/u/Stephsache/,,,,
https://www.tradingview.com/u/Chrissmann/,,,,
https://www.tradingview.com/u/DuMalicious/,,,,
https://www.tradingview.com/u/marc-bussmann/,,,,
https://www.tradingview.com/u/wolle85/,,,,
https://www.tradingview.com/u/DudaOO/,,,,
https://www.tradingview.com/u/CarlosRodriguez7/,,,,
https://www.tradingview.com/u/Mike_07_/,,,,
https://www.tradingview.com/u/cryptobazi/,,,,
https://www.tradingview.com/u/dkovac/,,,,
https://www.tradingview.com/u/GeorgHuber/,,,,
https://www.tradingview.com/u/TrumXR/,,,,
https://www.tradingview.com/u/JoschaBr/,,,,
https://www.tradingview.com/u/warez69/,,,,
https://www.tradingview.com/u/o-bit-o-bit-o-bit-o/,,,,
https://www.tradingview.com/u/harrytornado/,,,,
https://www.tradingview.com/u/Purrp/,,,,
https://www.tradingview.com/u/lioara_con/,,,,
https://www.tradingview.com/u/Tomi_5/,,,,
https://www.tradingview.com/u/SidTurboLong/,,,,
https://www.tradingview.com/u/hanz_61/,,,,
https://www.tradingview.com/u/daxs555/,,,,
https://www.tradingview.com/u/NiMo194/,,,,
https://www.tradingview.com/u/JoshuaSobotta/,,,,
https://www.tradingview.com/u/Official_Ponycar/,,,,
https://www.tradingview.com/u/Sardo2408/,,,,
https://www.tradingview.com/u/M_Dennis/,,,,
https://www.tradingview.com/u/Der_Dom/,,,,
https://www.tradingview.com/u/Future933/,,,,
https://www.tradingview.com/u/armando1390/,,,,
https://www.tradingview.com/u/CM_SNR/,,,,
https://www.tradingview.com/u/MouradZaki/,,,,
https://www.tradingview.com/u/Robert_Rother/,https://robertrother.com,https://www.youtube.com/channel/UCmMmT0uXeQTbvPknpnSagEQ,https://twitter.com/robert_rother,"# Free Trading Gruppe https://robertrother.echofin.com\n# Spiegel Bestseller \""Drachenjahre\"" https://amzn.to/2P7ud0u"
https://www.tradingview.com/u/nxlsb/,,,,
https://www.tradingview.com/u/UNIVERSITY_OF_MONEY_MAKING/,,,,
https://www.tradingview.com/u/Trade1909/,,,,
https://www.tradingview.com/u/marketsniper1/,,,,
https://www.tradingview.com/u/gissi89/,,,,
https://www.tradingview.com/u/Kresch/,,,,
https://www.tradingview.com/u/GoldmanBlack/,,,,
https://www.tradingview.com/u/Chartsekte/,,,,
https://www.tradingview.com/u/fchart/,,,,
https://www.tradingview.com/u/ThomasHartmann/,https://thomas-hartmann.online,,,https://thomas-hartmann.online
https://www.tradingview.com/u/Raphrainer12/,,,,
https://www.tradingview.com/u/nils123uhde/,,,,
https://www.tradingview.com/u/HarryHabicht/,,,,
https://www.tradingview.com/u/DennisJustTrade/,,,https://twitter.com/DennisJustTrade,
https://www.tradingview.com/u/Goldschwert/,,,https://twitter.com/Goldschwert,
https://www.tradingview.com/u/Leo_Trading/,,https://www.youtube.com/channel/UCgCJkBTcHqUTaMaBDRgN-Yg,,
https://www.tradingview.com/u/crowdmoney/,,,,
https://www.tradingview.com/u/Adrian9111/,,,,
https://www.tradingview.com/u/moodather86/,,,,
https://www.tradingview.com/u/TheseNuts/,,,,
https://www.tradingview.com/u/owocko53817/,,,,
https://www.tradingview.com/u/fr0tz/,,,,
https://www.tradingview.com/u/loxdibo/,,,,
https://www.tradingview.com/u/lfochoalopez/,,,,
https://www.tradingview.com/u/UnknownUnicorn33735776/,,,,
https://www.tradingview.com/u/Gipfelplaner/,,,,
https://www.tradingview.com/u/jswissfx/,,,,
https://www.tradingview.com/u/Highrisk221/,https://t.me/joinchat/eETIdocERX1jZjcy,https://www.youtube.com/channel/UCY0DjoW18x7sXv5Jqnq2Npg,https://twitter.com/Highrisk221,Hier k√∂nnt ihr euch bei Trading View anmelden und mich supporten ;) \n\nhttps://de.tradingview.com/gopro/?share_your_love=Highrisk221\n\nLink zum Youtube kanal\n\nhttps://www.youtube.com/channel/UCY0DjoW18x7sXv5Jqnq2Npg\n\nhttps://t.me/joinchat/eETIdocERX1jZjcy
https://www.tradingview.com/u/kle1ngeistlich/,,,,
https://www.tradingview.com/u/Peter_W_Ger/,,,https://twitter.com/Peter_W_GER,
https://www.tradingview.com/u/darkzone1984/,,,https://twitter.com/IamGroot1984,
https://www.tradingview.com/u/BullBoss/,https://www.traden.eu,,,Trading mit BullPower Template. Headtrader von www.traden.eu
https://www.tradingview.com/u/lucasimons/,,,,
https://www.tradingview.com/u/KryptoAttackeYouTube/,,https://www.youtube.com/channel/UCfB0gfpxwM-Ezw8TsqYVI5Q,,
https://www.tradingview.com/u/gustl2019/,,,,
https://www.tradingview.com/u/C-T/,https://discord.gg/y7e2GJj,https://www.youtube.com/channel/UCvWD5-qFOAQQjUoBVK9nhzA,https://twitter.com/targets_crypto,Crypto Targets - We deliver you the really good trades\n\nJoin Us on Discord: https://discord.gg/Y4Q7A2b (Support & Community)\nJoin Us on Twitter: https://twitter.com/targets_crypto\nJoin Us on Telegram: https://t.me/crypto_targets_com
https://www.tradingview.com/u/RotherTrading/,,,,
https://www.tradingview.com/u/XVMikey720/,,,,
https://www.tradingview.com/u/Trader_Patrick/,,,,
https://www.tradingview.com/u/Mrmarket73/,,,,
https://www.tradingview.com/u/AndLen1969/,,,,
https://www.tradingview.com/u/DDLY/,,,,
https://www.tradingview.com/u/matnu/,,,,
https://www.tradingview.com/u/BenjaminCryptoGTR/,,,,
https://www.tradingview.com/u/oli2502/,,,,
https://www.tradingview.com/u/Nonix456/,,,,
https://www.tradingview.com/u/Mahrt84/,,,,
https://www.tradingview.com/u/CommanderShaQ/,,,,
https://www.tradingview.com/u/OTC_Marketer/,,,,
https://www.tradingview.com/u/Trinks74/,,,,
https://www.tradingview.com/u/AndrinK/,,,,
https://www.tradingview.com/u/Tim_trades/,,,,
https://www.tradingview.com/u/Procoloco18/,,,,
https://www.tradingview.com/u/Robi_65/,,,,
https://www.tradingview.com/u/orxeri/,,,,
https://www.tradingview.com/u/robinlee02/,,,,
https://www.tradingview.com/u/ThiesReinhold/,,,,
https://www.tradingview.com/u/bierfass50/,,,,
https://www.tradingview.com/u/CIGTechnischeAnalyse/,,https://www.youtube.com/channel/UCew8ku3m9Gh6_8qUDoKOoxQ,https://twitter.com/markus_ew,
https://www.tradingview.com/u/mwagner704/,,,,
https://www.tradingview.com/u/SkyroonHD/,,,,
https://www.tradingview.com/u/Charmin42/,,,,
https://www.tradingview.com/u/tradinggod1312/,,,,
https://www.tradingview.com/u/La_Ferrari/,,,,
https://www.tradingview.com/u/C-E/,,,,
https://www.tradingview.com/u/goblwol/,,,https://twitter.com/MarketEagles,
https://www.tradingview.com/u/fabi04/,,,,
https://www.tradingview.com/u/tierlieb24/,,,,
https://www.tradingview.com/u/the_perfect_trade/,,,,
https://www.tradingview.com/u/Aktienboss/,,,,
https://www.tradingview.com/u/Waku69/,,,,
https://www.tradingview.com/u/RSholdings/,,,,
https://www.tradingview.com/u/Invest_like_a_Lion/,,,,
https://www.tradingview.com/u/oezkan277/,,,,
https://www.tradingview.com/u/Rafi-Amini/,,,,
https://www.tradingview.com/u/aurelkudic/,,,,
https://www.tradingview.com/u/PrestiGe4535/,,,,
https://www.tradingview.com/u/Karlmaster/,,,https://twitter.com/510Karlmaster,
https://www.tradingview.com/u/mssl10/,,,,
https://www.tradingview.com/u/fi1tek/,,,,
https://www.tradingview.com/u/buy-high-seII-low/,,,,
https://www.tradingview.com/u/FollyM/,,,,
https://www.tradingview.com/u/Splittisch/,,,https://twitter.com/tobiassplitt,
https://www.tradingview.com/u/TradingPurposeCharts/,,https://www.youtube.com/channel/UCZSG7FPN2eXZcovOsrczQsg,,
https://www.tradingview.com/u/Laurent96/,,,,
https://www.tradingview.com/u/Team-Asset-Allocation/,,,https://twitter.com/scwause,
https://www.tradingview.com/u/kicoin/,,,,
https://www.tradingview.com/u/xyz1980/,,,,
https://www.tradingview.com/u/UnknownUnicorn25686288/,,,,
https://www.tradingview.com/u/alexgund/,,,,
https://www.tradingview.com/u/sonichgn/,,,,
https://www.tradingview.com/u/BleiKai/,,,,
https://www.tradingview.com/u/wallstreetstef/,,,,
https://www.tradingview.com/u/david-trading-fx/,,,,
https://www.tradingview.com/u/Jet_115/,,,,
https://www.tradingview.com/u/thanos_pa/,,,,
https://www.tradingview.com/u/anessda/,,,,
https://www.tradingview.com/u/Silvers-Raylight/,,,,
https://www.tradingview.com/u/bigben75/,,,,
https://www.tradingview.com/u/kwindsen/,,,,
https://www.tradingview.com/u/ettrading2021/,,,,
https://www.tradingview.com/u/Realmix_mit_Soda/,https://app.getquin.com/u/Realmix_mit_Soda,,https://twitter.com/realmix_soda,Haftungsausschluss:\n\nhttps://de.tradingview.com/disclaimer/
https://www.tradingview.com/u/Giovanni_67/,,,,
https://www.tradingview.com/u/jonas-garm/,,,,
https://www.tradingview.com/u/PaulMD/,,,,
https://www.tradingview.com/u/Tralan/,,,,
https://www.tradingview.com/u/JayR_BTown/,,,https://twitter.com/JayR_BTown,
https://www.tradingview.com/u/fit_trading/,,,,
https://www.tradingview.com/u/KRYPTO-02-2020-SY/,,,,
https://www.tradingview.com/u/goool0815/,,,,
https://www.tradingview.com/u/StayRich/,,,,
https://www.tradingview.com/u/timoloift/,,,,
https://www.tradingview.com/u/Latifi1717/,,,https://twitter.com/krypto_swiss,
https://www.tradingview.com/u/domipipapo/,,,,
https://www.tradingview.com/u/protraderberlin/,,,,
https://www.tradingview.com/u/qhiliqq_/,,,https://twitter.com/qhiliqq__,
https://www.tradingview.com/u/Mustermann84/,https://www.mustermannstradersclub.de/,https://www.youtube.com/channel/UC9e-nT9AAURLskNO31TYUZQ,https://twitter.com/Mustermann841,"Free Community, mit tollen Lern-Goodies f√ºr unsere Supporter:\r\nhttps://discord.com/invite/mustermannstradersclub\r\nwww.mustermannstradersclub.de \r\nUnterst√ºtze den MTC f√ºr weitere Lernbeitr√§ge √ºber unseren Affilink bei Pepperstone.\r\nhttps://bit.ly/3LNopnC"
https://www.tradingview.com/u/DennisP6666/,,,,
https://www.tradingview.com/u/danijamiedani/,,,,
https://www.tradingview.com/u/donreny/,,,,
https://www.tradingview.com/u/luc404/,,,,
https://www.tradingview.com/u/Marv1509/,,,,
https://www.tradingview.com/u/ayki/,,,https://twitter.com/RottiTrader,
https://www.tradingview.com/u/AroBLN2021/,,,,
https://www.tradingview.com/u/adoringHawk51079/,,,,
https://www.tradingview.com/u/YT_Max_Cipher/,http://onlycryptos.de,https://www.youtube.com/channel/UCqb_EEdkgHTnA4jWAsKE0Jg,,
https://www.tradingview.com/u/Krautrakete/,,,,
https://www.tradingview.com/u/Crypvision/,,,https://twitter.com/crypvision,
https://www.tradingview.com/u/BTC_EUR/,,,,
https://www.tradingview.com/u/FXAdo/,,,,
https://www.tradingview.com/u/moritz1301/,,,,
https://www.tradingview.com/u/eugii123/,,,,
https://www.tradingview.com/u/ocin1111/,,,https://twitter.com/___altcoin___,
https://www.tradingview.com/u/Skycrawler80/,,https://www.youtube.com/channel/UCSjzJw8uUP4-j4TKyLoACNw,,
https://www.tradingview.com/u/PaperhandedGuy/,,,,
https://www.tradingview.com/u/luckyJoeyMoey/,,,,
https://www.tradingview.com/u/BullTrader1402/,,,,
https://www.tradingview.com/u/HoudiniLoss/,,,,
https://www.tradingview.com/u/Thomas1965/,,,,
https://www.tradingview.com/u/Tradenova-27/,,,,
https://www.tradingview.com/u/Youssef_To_Ze_Moon/,,,,
https://www.tradingview.com/u/Bondix/,,,,
https://www.tradingview.com/u/Tradepfosten/,,,,
https://www.tradingview.com/u/Fabianx2002/,,,,
https://www.tradingview.com/u/juzeen/,,,,
https://www.tradingview.com/u/fidan33/,,,,
https://www.tradingview.com/u/gnetik90/,,,,
https://www.tradingview.com/u/Patalapap1998/,,,,
https://www.tradingview.com/u/maximilian.simon.50/,,,https://twitter.com/MucMaximilian,
https://www.tradingview.com/u/DonMarco1977/,https://www.mustermannstradersclub.de/,https://www.youtube.com/channel/UC9e-nT9AAURLskNO31TYUZQ,,
https://www.tradingview.com/u/AHT76/,,,,
https://www.tradingview.com/u/director_scope/,,,https://twitter.com/@directorscope,
https://www.tradingview.com/u/Chester_Copperpott/,,,,
https://www.tradingview.com/u/Kaan1967/,,,,
https://www.tradingview.com/u/Telegram-Trader/,,,https://twitter.com/AwsxCharts,
https://www.tradingview.com/u/SirPatrick/,,,,
https://www.tradingview.com/u/TradingTobbes/,,,https://twitter.com/TobiasBinanzer,
https://www.tradingview.com/u/hodl_ok/,,,,
https://www.tradingview.com/u/UnknownUnicorn16975086/,,,,
https://www.tradingview.com/u/StephanSF/,,,,
https://www.tradingview.com/u/steffenreizner/,,,,
https://www.tradingview.com/u/eovaEOVA1/,,,https://twitter.com/eovaEOVA1,
https://www.tradingview.com/u/joelsbalaban/,,,,
https://www.tradingview.com/u/Kusch_Ka/,,,,
https://www.tradingview.com/u/UnknownUnicorn22565770/,,,,
https://www.tradingview.com/u/MehdiMosad1313/,,,,
https://www.tradingview.com/u/TommyTrading/,,,https://twitter.com/DaytradingTrend,
https://www.tradingview.com/u/The_Mole/,,,,
https://www.tradingview.com/u/chrisundstasie/,,,,
https://www.tradingview.com/u/kingkos3000/,,,,
https://www.tradingview.com/u/Utschka/,,,,
https://www.tradingview.com/u/Cenkson/,,,https://twitter.com/Cenkson91,
https://www.tradingview.com/u/VinceSanto/,,,,
https://www.tradingview.com/u/M9RPH/,,,,
https://www.tradingview.com/u/teezett/,,,,
https://www.tradingview.com/u/Kryptobulle/,,,https://twitter.com/kryptobulle,
https://www.tradingview.com/u/MezZo42/,,,https://twitter.com/MezZo42,
https://www.tradingview.com/u/which_stocks/,,,,
https://www.tradingview.com/u/ChartIdee/,,,https://twitter.com/chart_idee,
https://www.tradingview.com/u/bert666/,,,,
https://www.tradingview.com/u/yabsikus/,,,https://twitter.com/BuhKiki,
https://www.tradingview.com/u/cryptokocher/,,,https://twitter.com/kryptokocher,
https://www.tradingview.com/u/wolfsonkel/,,,,
https://www.tradingview.com/u/m4riovolp3/,,,https://twitter.com/m4riovolp3,
https://www.tradingview.com/u/ClickbaitTrader/,,,,
https://www.tradingview.com/u/NMPTV/,,,,
https://www.tradingview.com/u/hamedrahmani13661366/,,,,
https://www.tradingview.com/u/Kelevrax/,,,,
https://www.tradingview.com/u/BLXBoy1987/,,,,
https://www.tradingview.com/u/GordonShamway222/,,,,
https://www.tradingview.com/u/josef1992/,,,,
https://www.tradingview.com/u/XImLegend/,,,,
https://www.tradingview.com/u/Oszilloskop/,,,,
https://www.tradingview.com/u/Kryptonerd35/,,,,
https://www.tradingview.com/u/stPascalTrading/,,,,
https://www.tradingview.com/u/amlodhi/,,,,
https://www.tradingview.com/u/tomb77/,,,,
https://www.tradingview.com/u/Orothred23/,,,,
https://www.tradingview.com/u/lemonn/,,,,
https://www.tradingview.com/u/johnsonyforest/,,,,
https://www.tradingview.com/u/hopihallido/,,,,
https://www.tradingview.com/u/DominikHersch/,,,https://twitter.com/Cryptomotion3,
https://www.tradingview.com/u/max20012001/,,,,
https://www.tradingview.com/u/LisaLustig/,,,,
https://www.tradingview.com/u/paulthethird/,,,,
https://www.tradingview.com/u/philippkleine/,,,,
https://www.tradingview.com/u/Mejinho/,,,,
https://www.tradingview.com/u/RaphaRi/,,,https://twitter.com/raphaRiesterer,
https://www.tradingview.com/u/X3n0nTheReal/,,,,
https://www.tradingview.com/u/DonManuelos/,,,https://twitter.com/Manuel12271797,
https://www.tradingview.com/u/DonHubert/,,,,
https://www.tradingview.com/u/WhiteTi9er/,,,,
https://www.tradingview.com/u/glaube/,,,,
https://www.tradingview.com/u/DiimaZpx/,,,,
https://www.tradingview.com/u/FabianTrading99/,,,,
https://www.tradingview.com/u/nine11FX/,,,https://twitter.com/nine11fx,
https://www.tradingview.com/u/UlfdeWulf/,,,https://twitter.com/cryptofit_swiss,
https://www.tradingview.com/u/Rico92/,,,,
https://www.tradingview.com/u/christophsky/,,,,
https://www.tradingview.com/u/Kuecki/,,,,
https://www.tradingview.com/u/trading_plan_x/,,,https://twitter.com/@trading_plan_x,
https://www.tradingview.com/u/Yanu18/,,,,
https://www.tradingview.com/u/CELSinvest/,,,https://twitter.com/crn4prez,
https://www.tradingview.com/u/Bozzzii/,,,,
https://www.tradingview.com/u/maddin305/,,,,
https://www.tradingview.com/u/ValueGrowth/,,,,
https://www.tradingview.com/u/informalHare84010/,,,,
https://www.tradingview.com/u/kryptoBash/,,,,
https://www.tradingview.com/u/jannikhufi/,,,,
https://www.tradingview.com/u/visibleZebra36666/,,,,
https://www.tradingview.com/u/pisukesoramame/,,,,
https://www.tradingview.com/u/serialll69/,,,,
https://www.tradingview.com/u/aztecch/,,,,
https://www.tradingview.com/u/IngrowAnalysen/,,https://www.youtube.com/channel/UCVbcLC26Le3MRPr0rpRbT6A,,
https://www.tradingview.com/u/Dutzens/,,,,
https://www.tradingview.com/u/bigtradesbigstacks/,,,https://twitter.com/LevThierbach_,
https://www.tradingview.com/u/Heibe_Tom/,,,,
https://www.tradingview.com/u/Evan_Moe_Money/,,,,"Trading B√ºcher:\nhttps://de.tradingview.com/chart/WDI/vosCiEtp/\n\nFree Trading Education:\nhttps://www.babypips.com/learn/forex\n\nWem meine Analysen und Gedanken gefallen, der darf mir einen Kaffee kaufen:\nhttps://www.buymeacoffee.com/EvanMoeMoney"
https://www.tradingview.com/u/Glanzjagd/,,,,
https://www.tradingview.com/u/kaufmannsven04/,,,,
https://www.tradingview.com/u/VoLLTIEcT/,,,https://twitter.com/VoLLtIEcTsDesigns,
https://www.tradingview.com/u/ZehndinatorAnalyse/,,,,
https://www.tradingview.com/u/CryptoBROxbt/,https://www.youtube.com/channel/UC6xCNayuoGjkQPNBa6KUBrQ/videos,,https://twitter.com/CryptoBROxbt,üê¶ Twitter: https://twitter.com/CryptoBROxbt\r\n\r\nüì∫Youtube: https://www.youtube.com/channel/UC6xCNayuoGjkQPNBa6KUBrQ/videos\r\n\r\n‚úÖ Best Exchanges (10% less fee): \r\nFTX: https://ftx.com/#a=Cryptobro\r\nBybit: http://partner.bybit.com/b/Cryptobro
https://www.tradingview.com/u/Pixsynq/,,,,
https://www.tradingview.com/u/EbbeundFlut/,,,,
https://www.tradingview.com/u/ehochx/,,,,
https://www.tradingview.com/u/Bakyta5/,,,https://twitter.com/Bakyta5,
https://www.tradingview.com/u/LauchGarnele/,,,,
https://www.tradingview.com/u/Volkan_15985381/,,https://www.youtube.com/channel/UCNrAamILlJdJjJ2lcKZCX-Q,https://twitter.com/BoruGithub,
https://www.tradingview.com/u/wusato/,,,,
https://www.tradingview.com/u/aapdo/,,,,
https://www.tradingview.com/u/Wulf12w/,,,,
https://www.tradingview.com/u/FlostarAUT/,,,,
https://www.tradingview.com/u/LivermoresFollower/,,,https://twitter.com/LivermoresFoll1,
https://www.tradingview.com/u/ligand/,,,https://twitter.com/ligandew,
https://www.tradingview.com/u/Patientia_007/,,,,
https://www.tradingview.com/u/Fafito/,,https://www.youtube.com/channel/UCBtbl4XTEMgOLuSMoJDbdGw,https://twitter.com/fazeller,
https://www.tradingview.com/u/santiagothecat/,,https://www.youtube.com/channel/UCGUi8e21DGy9YzbkRs1cxTQ,,
https://www.tradingview.com/u/rareEggs50169/,,,,
https://www.tradingview.com/u/KryptoBitboy/,,,https://twitter.com/ahaHenny,
https://www.tradingview.com/u/haehnar/,,,,
https://www.tradingview.com/u/jnz_regi/,,,,
https://www.tradingview.com/u/mariusklemm333/,,,,
https://www.tradingview.com/u/Demech/,,,,
https://www.tradingview.com/u/DarthTrader28/,,,https://twitter.com/DarthTrader4,
https://www.tradingview.com/u/Slagorforth/,,,,
https://www.tradingview.com/u/RoscherTrading/,,,,
https://www.tradingview.com/u/slowcrypto/,,,https://twitter.com/Slowcrypto77,
https://www.tradingview.com/u/coezi/,,,,
https://www.tradingview.com/u/TheWozz/,,,,
https://www.tradingview.com/u/JonasGER/,,,,
https://www.tradingview.com/u/memo64can/,,,,
https://www.tradingview.com/u/KikoInvestments/,,,,
https://www.tradingview.com/u/ASKrypto/,,,,
https://www.tradingview.com/u/ztipo/,,,,
https://www.tradingview.com/u/R42/,,,,
https://www.tradingview.com/u/Magnetik112/,,,,
https://www.tradingview.com/u/Kabooms/,,,,
https://www.tradingview.com/u/AllesNurZufall/,,,,
https://www.tradingview.com/u/Yasdem/,,,,
https://www.tradingview.com/u/ViewTR/,,,,
https://www.tradingview.com/u/Nuklearium/,,,,
https://www.tradingview.com/u/TheBigBubble/,,,,
https://www.tradingview.com/u/NewinCrypto/,,,,
https://www.tradingview.com/u/GoProKaya/,,,,
https://www.tradingview.com/u/Wastl0r/,,,,
https://www.tradingview.com/u/Philipp_96/,,,,
https://www.tradingview.com/u/NatthapolBraun/,,,,
https://www.tradingview.com/u/Isaac8383/,,,,
https://www.tradingview.com/u/UnknownUnicorn29287020/,,,,
https://www.tradingview.com/u/WAY_Trading/,,,,
https://www.tradingview.com/u/HerrMaximilian/,,,,
https://www.tradingview.com/u/soren021/,,,,
https://www.tradingview.com/u/janni91/,,,,
https://www.tradingview.com/u/Janinator1992/,,,,
https://www.tradingview.com/u/monamirsfshop/,,,,
https://www.tradingview.com/u/Sbger/,,,,
https://www.tradingview.com/u/M3skal/,,,,
https://www.tradingview.com/u/Kafkasinho/,,,,
https://www.tradingview.com/u/withhold/,,,,
https://www.tradingview.com/u/EW-Trader/,,,,
https://www.tradingview.com/u/FabienGo/,,,,
https://www.tradingview.com/u/franzrieger1986/,,,,
https://www.tradingview.com/u/TradeWilliamK/,,,,
https://www.tradingview.com/u/RobBob122/,,,,
https://www.tradingview.com/u/TTS_Real/,,,,
https://www.tradingview.com/u/inlnja1/,,,,
https://www.tradingview.com/u/Harry1896/,,,,
https://www.tradingview.com/u/eellocoo/,,,,
https://www.tradingview.com/u/witali/,,,,"\""Das Schwierigste an den Elliott Wellen ist, zu glauben was man sieht\""\r\nAndre Tiedje"
https://www.tradingview.com/u/plasmay2/,,,,
https://www.tradingview.com/u/Master-of-Stocks/,,,https://twitter.com/RexTrading1,
https://www.tradingview.com/u/BrokerTom1981/,,,,
https://www.tradingview.com/u/strichter76/,,,,
https://www.tradingview.com/u/Lukas_forcrypt/,,,,
https://www.tradingview.com/u/no1pick/,,,,
https://www.tradingview.com/u/cryptoamoo/,,,https://twitter.com/AmuCrypto,
https://www.tradingview.com/u/Kiiese/,,,,
https://www.tradingview.com/u/AntonsElliottPattern/,,,,
https://www.tradingview.com/u/FreeTobe83/,,,,
https://www.tradingview.com/u/BossTox/,,,,
https://www.tradingview.com/u/intelligentDea29162/,,,,
https://www.tradingview.com/u/Perlonizer/,,,,
https://www.tradingview.com/u/FreedomChanger/,,,,
https://www.tradingview.com/u/DominikDividend45/,,,,
https://www.tradingview.com/u/AlexXx_xX/,,,,
https://www.tradingview.com/u/raphaelflattinger78/,,,,
https://www.tradingview.com/u/ertoCrypto/,,,,
https://www.tradingview.com/u/pantherpaul/,,,,
https://www.tradingview.com/u/yildiray/,,https://www.youtube.com/channel/UCKyFa-xdc-zd63fR1mvdTyA,https://twitter.com/@YildirayDemir1,
https://www.tradingview.com/u/Versum-Invest/,,,https://twitter.com/SharkoonSkilla,
https://www.tradingview.com/u/Roul_Charts/,,,https://twitter.com/Roul_Charts,
https://www.tradingview.com/u/fk_domain88/,,,,
https://www.tradingview.com/u/COINGEIL/,,,https://twitter.com/coingeil,
https://www.tradingview.com/u/GoldenMammon/,,https://www.youtube.com/channel/UCPgvQZD8nsvoTucakHKlaPg,,
https://www.tradingview.com/u/Karl24368/,,,https://twitter.com/Cryptoking_____,
https://www.tradingview.com/u/usefulKitten34204/,,,,
https://www.tradingview.com/u/Muggoslav/,,,,
https://www.tradingview.com/u/Janzen_/,,,,
https://www.tradingview.com/u/baijun/,,,,
https://www.tradingview.com/u/DorianCreek/,,,,
https://www.tradingview.com/u/pixelJA/,,,,
https://www.tradingview.com/u/AnavriN/,,https://www.youtube.com/channel/UC45ylmL-SwQ-c6Jl6YZu8Rg,,
https://www.tradingview.com/u/JonesKO/,,,,
https://www.tradingview.com/u/Potta1989/,,,,
https://www.tradingview.com/u/cfexistenz/,,,,
https://www.tradingview.com/u/MacWarner2021/,,,,
https://www.tradingview.com/u/MartinLor/,,,,
https://www.tradingview.com/u/Autobach_Crypto/,,,https://twitter.com/Autobach_Crypto,
https://www.tradingview.com/u/GrapheneOS/,,,,
https://www.tradingview.com/u/imutighandler/,,,https://twitter.com/mutighandler,
https://www.tradingview.com/u/FrancescoMolina/,,,,
https://www.tradingview.com/u/dgalantucci/,,,,
https://www.tradingview.com/u/Semixi/,,,,
https://www.tradingview.com/u/MPY/,,,,
https://www.tradingview.com/u/bosnierschwitzer12/,,,,
https://www.tradingview.com/u/Count38/,,,,
https://www.tradingview.com/u/KryptoSahinS/,,,https://twitter.com/serhat061,
https://www.tradingview.com/u/Uncrypt/,,,https://twitter.com/uncryptofficial,
https://www.tradingview.com/u/startraderfabian/,,,,
https://www.tradingview.com/u/Tradingnogger/,,,,
https://www.tradingview.com/u/Gainzz_for_Dayzzz/,,,,
https://www.tradingview.com/u/TobiasWidmer/,,,https://twitter.com/RussMeyer16,
https://www.tradingview.com/u/Marc_Andrew/,,,,
https://www.tradingview.com/u/malzein123/,,,,
https://www.tradingview.com/u/Pateksar/,,,,
https://www.tradingview.com/u/maxelinho/,,,,
https://www.tradingview.com/u/Heidyeins/,,,,
https://www.tradingview.com/u/Trading-Julian/,,,,
