https://www.tradingview.com/u/impossibleBear86044/,,,,
https://www.tradingview.com/u/NobyZo/,,,,
https://www.tradingview.com/u/farhanmilano/,,,,
https://www.tradingview.com/u/steven.tjia/,,,,
https://www.tradingview.com/u/Alanrobbostein77/,,,https://twitter.com/Alanrobbostein,
https://www.tradingview.com/u/jasawebdigital/,,,https://twitter.com/jasawebdigital,
https://www.tradingview.com/u/GUSTIWIRATAWAN/,https://www.doktertrader.com/,https://www.youtube.com/channel/UCUFkl3bOlvAS41-fN7ygRow,https://twitter.com/ignwiratawan,Gusti Wiratawan
https://www.tradingview.com/u/fropitbinimo86/,,,,
https://www.tradingview.com/u/astronacci/,http://www.astronacci.com,,,
https://www.tradingview.com/u/wahyusispriliyanto/,,,,
https://www.tradingview.com/u/WayanEko/,,,,
https://www.tradingview.com/u/nugrohocaturpamungkas/,,,,
https://www.tradingview.com/u/DENKHALIF/,,,,
https://www.tradingview.com/u/AhmedSar/,https://www.tokopedia.com/fxuniversityasia,https://www.youtube.com/channel/UC1XtOa1frFqezZvNME4fVZA,https://twitter.com/oketrader1,
https://www.tradingview.com/u/achmad_yaki/,,,,
https://www.tradingview.com/u/fxhealer/,,https://www.youtube.com/channel/UCBF8sekvHzSdqJzR0twi69g,https://twitter.com/yohanesetiawan,
https://www.tradingview.com/u/AriyantoHerika/,,,,
https://www.tradingview.com/u/Lambok_kharisma/,,,,
https://www.tradingview.com/u/MisaelHendrik5575/,,,,
https://www.tradingview.com/u/obo182/,,,https://twitter.com/kerabat_dewa,
https://www.tradingview.com/u/WarjoTrade/,,,,
https://www.tradingview.com/u/stupidtradeFX/,,,,
https://www.tradingview.com/u/galerisaham/,https://galerisaham.com,,,GaleriSaham.com | Your No.1 Trading Partner in IDX | Visit: https://galerisaham.com/modul
https://www.tradingview.com/u/forexdumb/,,,,
https://www.tradingview.com/u/highname/,,,https://twitter.com/fadilhighname,
https://www.tradingview.com/u/ivanlearnstock/,,,,
https://www.tradingview.com/u/TRISDIANTORO/,,,,
https://www.tradingview.com/u/Trisnolife/,,,https://twitter.com/trisnolife,
https://www.tradingview.com/u/PRIVATE_WITH_ANDREW/,,,,
https://www.tradingview.com/u/IndependetTraderAnalis/,,,https://twitter.com/ita_byimanWY,
https://www.tradingview.com/u/Nurfaisyah/,,,,
https://www.tradingview.com/u/thomsonfong/,,,,
https://www.tradingview.com/u/dkrisnajati1/,,,,
https://www.tradingview.com/u/andysanjaya/,,,,
https://www.tradingview.com/u/IpinkDou/,,https://www.youtube.com/channel/UC5eMgwCbDf3Ytbz4zgSKu_Q,https://twitter.com/ID01401,
https://www.tradingview.com/u/SilumanTrading/,,,https://twitter.com/siluman_trading,
https://www.tradingview.com/u/hatzsiahaan/,,,,
https://www.tradingview.com/u/irwanjap88/,,,,
https://www.tradingview.com/u/RTraderSamarinda/,,,,
https://www.tradingview.com/u/Udachaaa/,,,,
https://www.tradingview.com/u/Juliatylie/,,,,
https://www.tradingview.com/u/putraderrFX/,,,,
https://www.tradingview.com/u/NetSpaceFx/,,,,
https://www.tradingview.com/u/rakaadnaninfinity/,,https://www.youtube.com/channel/UCxf_USOKWeV2lm_Q0abtSUQ,,
https://www.tradingview.com/u/ramozfx/,,,,
https://www.tradingview.com/u/KangTidur/,,,,
https://www.tradingview.com/u/mokosupriyadi/,,,,
https://www.tradingview.com/u/alexparta41/,,,https://twitter.com/Alexandrpandu,
https://www.tradingview.com/u/Auliaramazan/,,,,
https://www.tradingview.com/u/GENIUS99/,,,,
https://www.tradingview.com/u/Kahfiyourbae/,,,,
https://www.tradingview.com/u/Marga77/,,,,
https://www.tradingview.com/u/BimaInfinity/,,https://www.youtube.com/channel/UCWAMM0ng4jCng715mg1lVHA,,
https://www.tradingview.com/u/rizki_trader/,,,,
https://www.tradingview.com/u/ksepitb/,http://www.linkedin.com/company/ksepitb/,,,
https://www.tradingview.com/u/stockina99/,,,,
https://www.tradingview.com/u/RyanAR/,,,,
https://www.tradingview.com/u/Jee_D/,,https://www.youtube.com/channel/UCHJA0nINjH49GMbN4cGEnIQ,https://twitter.com/goinvestgen,
https://www.tradingview.com/u/Bimaanggara/,,,,
https://www.tradingview.com/u/zydan_abli/,,,https://twitter.com/brokerasow,
https://www.tradingview.com/u/KDrA_Trade/,,,,
https://www.tradingview.com/u/anggarendika16/,,,,
https://www.tradingview.com/u/RDMNICK/,,,,
https://www.tradingview.com/u/erbe/,,,https://twitter.com/rosanabudhiman,
https://www.tradingview.com/u/Walsy/,,,https://twitter.com/wlyrrhmns,
https://www.tradingview.com/u/kingscalper_ID/,,https://www.youtube.com/channel/UCyOC_ZuaQdjZ28D0f4R3WZw,https://twitter.com/Kingfx_id,
https://www.tradingview.com/u/NANDORIO23/,,,https://twitter.com/rioafrnd,
https://www.tradingview.com/u/ayajsp/,,,,
https://www.tradingview.com/u/Queesadah/,,,,
https://www.tradingview.com/u/AddinKhadinouv/,,,,
https://www.tradingview.com/u/ThoseEye/,,,,
https://www.tradingview.com/u/syaifurrizal/,,,https://twitter.com/syaifurrizal,
https://www.tradingview.com/u/NovianFX/,,,,
https://www.tradingview.com/u/galangharis20/,,,,
https://www.tradingview.com/u/IrwanChandra/,,,,
https://www.tradingview.com/u/rvjhms/,,,,
https://www.tradingview.com/u/helgagumilar/,,,,
https://www.tradingview.com/u/dickydsaputro/,,,,
https://www.tradingview.com/u/Frxtn/,,,,
https://www.tradingview.com/u/Kenjoe33/,,,https://twitter.com/yaelahmasmas,
https://www.tradingview.com/u/babylord/,,,,
https://www.tradingview.com/u/liraagung/,,https://www.youtube.com/channel/UCisXgVT3GcleH209JrTLK3A,,
https://www.tradingview.com/u/sobattradersby/,,,,
https://www.tradingview.com/u/zulfikri838/,,,,
https://www.tradingview.com/u/sftradingmania/,https://bit.ly/seputarforex,https://www.youtube.com/channel/UC_NR4fEkyCqi8ng3u3iV5gw,https://twitter.com/seputarforex,
https://www.tradingview.com/u/ANDRE-MPP/,,,https://twitter.com/black86rabbit,
https://www.tradingview.com/u/jonatan10/,,,,
https://www.tradingview.com/u/Igrah/,,,,
https://www.tradingview.com/u/AMAT_DS/,,,,
https://www.tradingview.com/u/Justge/,,,,
https://www.tradingview.com/u/kurniadi0804/,,,https://twitter.com/Sagitahalley,
https://www.tradingview.com/u/Fajarpraass/,,,https://twitter.com/FajarPraass,
https://www.tradingview.com/u/markuspotter88/,,,,
https://www.tradingview.com/u/samsubunmd/,,,,
https://www.tradingview.com/u/sriyosa99/,,,,
https://www.tradingview.com/u/kapalselam/,,,https://twitter.com/RafiqulHakim,
https://www.tradingview.com/u/sugiantospeedy/,,,,
https://www.tradingview.com/u/JULIANMERSI2022/,,,,
https://www.tradingview.com/u/prmdj/,,,,
https://www.tradingview.com/u/PribzTrader/,,https://www.youtube.com/channel/UCVtaD71Lbn6ZxoNr-slJqqg,https://twitter.com/PribzTrader,
https://www.tradingview.com/u/HeruCahyo/,,,https://twitter.com/privacypolicyyy,
https://www.tradingview.com/u/vickorahman/,,,https://twitter.com/vickorahman,
https://www.tradingview.com/u/HasanAlBanna/,,,,
https://www.tradingview.com/u/whennRICH/,,,,
https://www.tradingview.com/u/Itsmeexayd/,,,,
https://www.tradingview.com/u/Diarda/,,,,
https://www.tradingview.com/u/GemaGoeyardi/,,https://www.youtube.com/channel/UCYRFEuGLfXFFvbq2-nStY9w,,
https://www.tradingview.com/u/NurulHuda/,,,https://twitter.com/NurulHuda_SMn,
https://www.tradingview.com/u/Art_And_Chart/,,,,
https://www.tradingview.com/u/Rastyo/,,,,
https://www.tradingview.com/u/RoyHiddenTesla/,,,https://twitter.com/roy_fx,
https://www.tradingview.com/u/samunibkl07/,,,,
https://www.tradingview.com/u/Najikh/,,,,
https://www.tradingview.com/u/FiboWarrior/,,,,
https://www.tradingview.com/u/Crypto_Magezine072/,,,https://twitter.com/C_magezine,
https://www.tradingview.com/u/asepilhamsulaeman06/,,,,
https://www.tradingview.com/u/njedoth/,,,,
https://www.tradingview.com/u/pehaga228/,,,https://twitter.com/trader_magang,
https://www.tradingview.com/u/dewarikudo9/,,,,
https://www.tradingview.com/u/CatBoy88/,,,,
https://www.tradingview.com/u/arifsyahrudinhibautama/,,,,
https://www.tradingview.com/u/siahu75/,,,https://twitter.com/Siahu75,
https://www.tradingview.com/u/soethysna/,,,,
https://www.tradingview.com/u/YudhiTW/,https://mahirtrading.live,https://www.youtube.com/channel/UCZkeGnHMBgYyvW0rHDF-4Lg,https://twitter.com/@YudhiTw2,Sekian Terimakasih\r\n\r\nHappy Trading\r\n\r\nSalam Wede\r\n\r\nFx Stocks Commodity Crypto Coach\r\n\r\nYudhi TW\r\n\r\nTelp/WA : 08222 08222 52\r\nFB : https://www.facebook.com/trader.works\r\nTweet : @YudhiTw2\r\nIG : @mahirtradinglive\r\nEmail : coach.yudhitw@gmail.com
https://www.tradingview.com/u/Andy_So/,,,,
https://www.tradingview.com/u/rexdaffaggg/,,,https://twitter.com/yummy_burger,
https://www.tradingview.com/u/TheCryptoLegend/,,https://www.youtube.com/channel/UCFaaku7yckpmo2kvK9Zf9xQ,https://twitter.com/mkbijaksana,
https://www.tradingview.com/u/ANALISACRYPTO/,,,,
https://www.tradingview.com/u/BahowSuperStrategi/,,,,
https://www.tradingview.com/u/mashadid244/,,,https://twitter.com/mohad_id,
https://www.tradingview.com/u/dzulfikarma/,,,https://twitter.com/opixhikaru,
https://www.tradingview.com/u/fadeldinero/,,,,
https://www.tradingview.com/u/fajarbchtr/,,,,
https://www.tradingview.com/u/tafrevo/,,,,
https://www.tradingview.com/u/RADENABIMANYU/,,,,
https://www.tradingview.com/u/TimeTrade_FX/,,,,
https://www.tradingview.com/u/ilhamkurniawanependi/,,,https://twitter.com/_06031997,
https://www.tradingview.com/u/yudoyonoekovito/,,,,
https://www.tradingview.com/u/Sendi_Tyrn/,,,,
https://www.tradingview.com/u/chandrapandiangann/,,,,
https://www.tradingview.com/u/yayaksuryo/,,,,
https://www.tradingview.com/u/mbulukk/,,,https://twitter.com/CanMbull,
https://www.tradingview.com/u/im_ekay/,,,https://twitter.com/imanekay,
https://www.tradingview.com/u/yoganovri/,,,,
https://www.tradingview.com/u/Investamanet/,,,,
https://www.tradingview.com/u/Zericx/,,,,
https://www.tradingview.com/u/kilmee/,,,https://twitter.com/erlan_herland,
https://www.tradingview.com/u/asc_cyc/,,,,
https://www.tradingview.com/u/samwhebhe/,,,,
https://www.tradingview.com/u/satriawanfx_analyze/,,,https://twitter.com/KdkSatriawan,
https://www.tradingview.com/u/cryptaffilia/,,,,
https://www.tradingview.com/u/Rich_From_Trade/,https://t.me/RICHFROMCRYPTOTRADE,,,Forex Signals 3-5 Daily : https://t.me/richfromtrades\r\nCrypto Signals 10-30 Daily: https://t.me/RICHFROMCRYPTOTRADE
https://www.tradingview.com/u/BitcoinWall/,,,,
https://www.tradingview.com/u/Gunardi007/,,,https://twitter.com/CryptoTalk_007,
https://www.tradingview.com/u/Nandang_Abi_Saputra/,,,,
https://www.tradingview.com/u/EvilHanzo1995/,,,https://twitter.com/ygs_id,
https://www.tradingview.com/u/habibulkhairi4/,,,,
https://www.tradingview.com/u/adikamajaya/,,,https://twitter.com/Adikamajaya,
https://www.tradingview.com/u/striyadi/,,,,
https://www.tradingview.com/u/fjrn01/,,,,
https://www.tradingview.com/u/RizkiOkta/,,,,
https://www.tradingview.com/u/AFX_traders/,,,,
https://www.tradingview.com/u/Trader_CuanOfficial/,,https://www.youtube.com/channel/UChxDNP68m6OE6XuREH7KsrQ,,
https://www.tradingview.com/u/taboyan/,,https://www.youtube.com/channel/UCb1qLwdJZ92lQznS50rwi4Q,,
https://www.tradingview.com/u/AlifRzq0_0/,,,,
https://www.tradingview.com/u/Jamiebayu/,,,https://twitter.com/jamiebdrmwn,
https://www.tradingview.com/u/The_Long_Dream/,,,,
https://www.tradingview.com/u/Andy_Osborn101/,,,,
https://www.tradingview.com/u/joytrader2021/,,,,
https://www.tradingview.com/u/hadifathus/,,,,
https://www.tradingview.com/u/pejuangmuda2021/,,https://www.youtube.com/channel/UClBd3t3cQ_gzpTccFYwvatg,https://twitter.com/Riswanda2906,
https://www.tradingview.com/u/Singo-Budiutomo/,,,https://twitter.com/Gemini080699,
https://www.tradingview.com/u/aainufarhan/,,,https://twitter.com/AinuFarhan,
https://www.tradingview.com/u/Rizkyywbx/,,,,
https://www.tradingview.com/u/muhhairul86/,,,https://twitter.com/DegrafId,
https://www.tradingview.com/u/pice/,,,https://twitter.com/pixx_rr,
https://www.tradingview.com/u/latifassidik18/,,,,
https://www.tradingview.com/u/sutisna_sutisna/,,,,
https://www.tradingview.com/u/dhitodhatu21/,,,https://twitter.com/dhatupidhito,
https://www.tradingview.com/u/Mesa_EmEs/,,,,
https://www.tradingview.com/u/Dfb_33/,,,,
https://www.tradingview.com/u/otnayluj/,,,,
https://www.tradingview.com/u/Abah_KeyG/,,,,
https://www.tradingview.com/u/rockyasepfernandes1/,,,,
https://www.tradingview.com/u/Learn_Drawing_Chart/,,,https://twitter.com/DrawChart,
https://www.tradingview.com/u/TRANSITinvesting/,https://transitinvesting.com/,,https://twitter.com/IDXchart,"Sering salah beli dan salah jual? Strategi TRANSIT Investing memanfaatkan RAHASIA yang terjadi di balik pergerakan harga. Sehingga Anda tahu, kapan waktunya beli dan kapan waktunya jual! https://transitinvesting.com/"
https://www.tradingview.com/u/skidipapap0111/,,,,
https://www.tradingview.com/u/arieramadianto09/,,,,
https://www.tradingview.com/u/TRYTRADES/,,,https://twitter.com/trytrades69,
https://www.tradingview.com/u/riopurwanggono/,,,https://twitter.com/riopurwanggono,
https://www.tradingview.com/u/ardianggitya/,,,,
https://www.tradingview.com/u/Busur2381/,,,,
https://www.tradingview.com/u/Hibiki-KimiTrade/,,,,
https://www.tradingview.com/u/krishnaanugrah4/,,,,
https://www.tradingview.com/u/Esaldimasodi61/,,,,
https://www.tradingview.com/u/tanz_vin/,,,,
https://www.tradingview.com/u/Trunks299/,,,,
https://www.tradingview.com/u/destrafp/,,,,
https://www.tradingview.com/u/jeffrytanuwijaya/,,,https://twitter.com/elonoshimusk,
https://www.tradingview.com/u/Nrv190/,,,,
https://www.tradingview.com/u/CRYPTONESIIE/,,https://www.youtube.com/channel/UCTEW-E95Aq0swlUMxrP-yhA,https://twitter.com/protradeid,
https://www.tradingview.com/u/Waw_PengendaliCuan/,,,https://twitter.com/Lapis5Legit,
https://www.tradingview.com/u/alcatrazz_fx/,,https://www.youtube.com/channel/UCUQqb46bz6h3OoCh6Z-aAiA,,
https://www.tradingview.com/u/Teknis/,,,,
https://www.tradingview.com/u/ulunryan/,,,,
https://www.tradingview.com/u/AL-Mahdi/,,,,
https://www.tradingview.com/u/Jarwo1945/,,,,
https://www.tradingview.com/u/farispeking/,,,,
https://www.tradingview.com/u/Irfantadwir/,,,https://twitter.com/irfan_tadwir,
https://www.tradingview.com/u/Atmodjo/,,,https://twitter.com/Atmodjo05,
https://www.tradingview.com/u/taufiqfourth/,,,,
https://www.tradingview.com/u/Adamfrnsy/,,,https://twitter.com/Adamfrnsy_,
https://www.tradingview.com/u/lukmannaxanjatan24/,,,,
https://www.tradingview.com/u/yandefrazzy/,,,,
https://www.tradingview.com/u/mitrampg/,,,,
https://www.tradingview.com/u/indonesiaelliottwave/,,,https://twitter.com/IndonesiaEW,
https://www.tradingview.com/u/mukhlisam/,,,,
https://www.tradingview.com/u/Xoyourbae/,,,,
https://www.tradingview.com/u/zralu/,,,,
https://www.tradingview.com/u/luthfiAthasany/,,,https://twitter.com/RajaBajakLautt1,
https://www.tradingview.com/u/ghayahofficial/,,,,
https://www.tradingview.com/u/azharidadas/,,,,
https://www.tradingview.com/u/Y4nde/,,,,
https://www.tradingview.com/u/itsme_faefolk/,,https://www.youtube.com/channel/UCCK3G3fKVZJ4t2obxFEcFFA,https://twitter.com/itsme_faefolk,
https://www.tradingview.com/u/Trader_Hub/,,https://www.youtube.com/channel/UCdZVMbMHrdGIyvKjh5l_-3w,,
https://www.tradingview.com/u/bagusherdaaa/,,,,
https://www.tradingview.com/u/agusalisofyan1/,,,,
https://www.tradingview.com/u/AZZR/,,,,
https://www.tradingview.com/u/hannz15/,,,,
https://www.tradingview.com/u/yusufprasetyo1198/,,,,
https://www.tradingview.com/u/GaryID/,,,,
https://www.tradingview.com/u/Guvta47/,,,https://twitter.com/guvta_chandra47,
https://www.tradingview.com/u/pablooo_/,,,,
https://www.tradingview.com/u/tiwulanda/,,,,
https://www.tradingview.com/u/Wafiofficial01/,,,,
https://www.tradingview.com/u/YuliantoMi/,,,,
https://www.tradingview.com/u/MHidayatullah/,,https://www.youtube.com/channel/UCiiYWnC2AQhX4CNAxHQ92Ow,,
https://www.tradingview.com/u/thirtakencana88/,,,,
https://www.tradingview.com/u/IDT1/,,,,
https://www.tradingview.com/u/anindyabhaswara/,,,https://twitter.com/anindyabhaswara,
https://www.tradingview.com/u/faliqdziynuha3001/,,,https://twitter.com/Faliq_Official,
https://www.tradingview.com/u/jamespalarente/,,,,
https://www.tradingview.com/u/Ali_Wibowo/,,https://www.youtube.com/channel/UC64VOx1qnvQpCOQihTBPa4Q,https://twitter.com/guentong,
https://www.tradingview.com/u/chucknora412/,,,,
https://www.tradingview.com/u/agamsuryanata/,,,https://twitter.com/sapulidiasli,
https://www.tradingview.com/u/akhmadbagir/,,https://www.youtube.com/channel/UC5bB6_H6AJQrnEqd56AjUIw,https://twitter.com/akhmadbagir,
https://www.tradingview.com/u/DesicionTrade/,,,https://twitter.com/terusberjaIan,
https://www.tradingview.com/u/elemenkayu/,,,,
https://www.tradingview.com/u/syauki_abrar/,,,,
https://www.tradingview.com/u/nasrul27/,,,,
https://www.tradingview.com/u/ekychandra1/,,,https://twitter.com/Ekychandra10,
https://www.tradingview.com/u/diponegoroagung/,,,,
https://www.tradingview.com/u/disaresta/,https://www.facebook.com/tradingviewindonesia/,https://www.youtube.com/channel/UCDI3LnOGKsPZHmk2lt2lh9Q,https://twitter.com/id_tradingview,"Adityan Mulia, M.T\nTradingView Indonesia\n\nEmail:\nmadityan@tradingview.com"
https://www.tradingview.com/u/kelvin_gautama9/,,,https://twitter.com/kelvin_gautama9,
https://www.tradingview.com/u/dionmory212/,,,,
https://www.tradingview.com/u/Rajiv123/,,,,
https://www.tradingview.com/u/kadek_adi_suharsana/,,,,
https://www.tradingview.com/u/Valent_Fx/,,,,
https://www.tradingview.com/u/Pencit/,,,,
https://www.tradingview.com/u/andreyan24/,,,,
https://www.tradingview.com/u/miftachulrochani/,,,,
https://www.tradingview.com/u/holmes_calista/,,,,
https://www.tradingview.com/u/Ajiwot/,,,,
https://www.tradingview.com/u/alanshephard929/,,,,
https://www.tradingview.com/u/Dickys/,,,,
https://www.tradingview.com/u/D4ikoKuten7_trader/,,,,
https://www.tradingview.com/u/DoremiTrader/,,,https://twitter.com/tengkorack,
https://www.tradingview.com/u/muhammadrusydi/,,,,
https://www.tradingview.com/u/hoky99/,,,https://twitter.com/budiyanto_rauf,
https://www.tradingview.com/u/masdikacuan/,,,https://twitter.com/rocketcuan,
https://www.tradingview.com/u/daleks/,,,,
https://www.tradingview.com/u/AghiaSams/,,,,
https://www.tradingview.com/u/WilliamHidayat/,,,,
https://www.tradingview.com/u/ahmadmunawir79/,,,,
https://www.tradingview.com/u/PesantrenCrypto/,,,,
https://www.tradingview.com/u/ardianfariz/,,https://www.youtube.com/channel/UCyJFCa_sOhvAAIhy3BKCzrg,https://twitter.com/ardfariz,
https://www.tradingview.com/u/konje/,,,,
https://www.tradingview.com/u/rulynurkudustia/,,,,
https://www.tradingview.com/u/BOW55/,,,,
https://www.tradingview.com/u/kamarudin28feb/,,,,
https://www.tradingview.com/u/agatarigan/,,https://www.youtube.com/channel/UCbAwOK-T6mBVSY75VXtLmxA,https://twitter.com/AgaTarigan777,
https://www.tradingview.com/u/andryfirst/,,,,
https://www.tradingview.com/u/baguci/,,,,
https://www.tradingview.com/u/har_haarr/,,,,
https://www.tradingview.com/u/OMERASANDY/,,https://www.youtube.com/channel/UCNUW1craQ-jF99Z_01jdWUQ,,
https://www.tradingview.com/u/andrirose22/,,,,
https://www.tradingview.com/u/RSMPL/,,,https://twitter.com/Wisnu_ardip,
https://www.tradingview.com/u/rzkyrahman/,,,,
https://www.tradingview.com/u/lordichwan/,,,,
https://www.tradingview.com/u/CryptoGoatOfficial/,,,,
https://www.tradingview.com/u/or1msi/,,https://www.youtube.com/channel/UCndZrd2nj97zKRQfyYevO0A,https://twitter.com/or1msi,
https://www.tradingview.com/u/sinyalforexindonesia/,,,,
https://www.tradingview.com/u/richardmarchiano/,,,,
https://www.tradingview.com/u/kudatroya99/,,,,
https://www.tradingview.com/u/Tasdik_Raksawiguna/,,,,
https://www.tradingview.com/u/sayidarmy/,,,,
https://www.tradingview.com/u/Kalilatrade/,,,https://twitter.com/mochirfann,
https://www.tradingview.com/u/Ihsan99852/,,,,
https://www.tradingview.com/u/tanjungbenny92/,,,,
https://www.tradingview.com/u/NGALAMFX/,,,,
https://www.tradingview.com/u/shaquillemaliq/,,,,
https://www.tradingview.com/u/shahabbrother/,,,,
https://www.tradingview.com/u/detconan/,,,,
https://www.tradingview.com/u/ganesyahf/,,,,
https://www.tradingview.com/u/alanqastari/,,,,
https://www.tradingview.com/u/ferdiyyy/,,https://www.youtube.com/channel/UCwmN4Cymo3QvBNX6dpIvJvQ,,
https://www.tradingview.com/u/Kamekameha/,,,,
https://www.tradingview.com/u/mustamumathias/,,,,
https://www.tradingview.com/u/Agus_M/,,,,
https://www.tradingview.com/u/Guswin/,,,,
https://www.tradingview.com/u/HotBrokerFXcom/,,,,
https://www.tradingview.com/u/Dekz_21/,,,,
https://www.tradingview.com/u/arya_gultom/,,,https://twitter.com/arya_gultom,
https://www.tradingview.com/u/faizale/,,https://www.youtube.com/channel/UC8gfihXI2S0H4uLL8OWEzEQ,,
https://www.tradingview.com/u/jutaste22/,,,,
https://www.tradingview.com/u/Bagusd5/,,,,
https://www.tradingview.com/u/dhantelo/,,,,
https://www.tradingview.com/u/mykusyairi/,,,,
https://www.tradingview.com/u/lucia_maylani/,,,,
https://www.tradingview.com/u/Erwin_Ramadhani/,,,https://twitter.com/trade12work,
https://www.tradingview.com/u/RizkiRaga/,,https://www.youtube.com/channel/UCiVEoDE99N0YIFERnxguDGg,https://twitter.com/rizkiragasukma,
https://www.tradingview.com/u/amandacantik/,,,,
https://www.tradingview.com/u/algifernanda22/,,,,
https://www.tradingview.com/u/NewbiePuppeterz/,,,,
https://www.tradingview.com/u/Pattern-Finder/,,,,
https://www.tradingview.com/u/invcepi12/,,,https://twitter.com/invcepi12,
https://www.tradingview.com/u/Ilham_ramadhan22/,,https://www.youtube.com/channel/UClkfm6R3ql0ElqJxsmsN7cQ,,
https://www.tradingview.com/u/DielmotianY/,,,https://twitter.com/DielmotianY,
https://www.tradingview.com/u/agil_feriano79/,,,https://twitter.com/DadungOx,
https://www.tradingview.com/u/b49us/,,,https://twitter.com/b49us77,
https://www.tradingview.com/u/Triple_M_4220/,,,,
https://www.tradingview.com/u/miftakhulkirom/,,,,
https://www.tradingview.com/u/Adimmuhammad237/,,,,
https://www.tradingview.com/u/suitableSwift3774/,,,,
https://www.tradingview.com/u/ihsanomics/,,,https://twitter.com/ihsanomics,
https://www.tradingview.com/u/TheBaby_Cryptroll/,https://cryptroll.id,https://www.youtube.com/channel/UCcuEpCE7sxym4gmx_FAHtSg,,"Untuk bergabung dengan komunitas Cryptroll, klik link dibawah ini :\r\nhttps://discord.gg/cryptroll"
https://www.tradingview.com/u/faiq_irawan/,,,https://twitter.com/faiq_irawan,
https://www.tradingview.com/u/Ardi39798/,,,,
https://www.tradingview.com/u/southwell161/,,,,
https://www.tradingview.com/u/fariedyanuar/,,,,
https://www.tradingview.com/u/Fynnn_/,,,https://twitter.com/awaiko30,
https://www.tradingview.com/u/valilucifer352/,,,https://twitter.com/jafar10969,
https://www.tradingview.com/u/Diary_Crypto/,,,,
https://www.tradingview.com/u/bandarsaham/,https://www.bandarsaham.com,,https://twitter.com/BandarSahamCom,
https://www.tradingview.com/u/brtlorkalen/,,,,
https://www.tradingview.com/u/pamancrypto/,,,,
https://www.tradingview.com/u/jackiscoming/,,,https://twitter.com/littlejack101,
https://www.tradingview.com/u/mangemantrade_id/,,https://www.youtube.com/channel/UC38BF--u6u3u1Mv521DMm9w,https://twitter.com/MamangEman,
https://www.tradingview.com/u/MayaDarma/,,,,
https://www.tradingview.com/u/dillo_id/,,,,
https://www.tradingview.com/u/HermanJayaA/,,,,
https://www.tradingview.com/u/madeivan7/,,,https://twitter.com/Madeivan7,
https://www.tradingview.com/u/ajus_setiawan/,,https://www.youtube.com/channel/UCaX529XaXhDOCyq9YPJVnyg,https://twitter.com/AjussetiawanIGN,
https://www.tradingview.com/u/ballindo/,,,,
https://www.tradingview.com/u/sukronahmad201/,,,,
https://www.tradingview.com/u/faheer_zain/,,,,
https://www.tradingview.com/u/Depisatrio/,,,https://twitter.com/satriodepi,
https://www.tradingview.com/u/piecosmonauts/,,,,
https://www.tradingview.com/u/FY-521/,,,,
https://www.tradingview.com/u/RamTraderz/,,,,
https://www.tradingview.com/u/Xaelignis/,,,,
https://www.tradingview.com/u/tama24/,,,,
https://www.tradingview.com/u/otwbelifortuner/,,,,
https://www.tradingview.com/u/Keong_2020/,,,,
https://www.tradingview.com/u/AL_Ft_SND_SNR/,,,,
https://www.tradingview.com/u/basitbombom82/,,,,
https://www.tradingview.com/u/daim2014/,,,,
https://www.tradingview.com/u/mrjunior403/,,,,
https://www.tradingview.com/u/arditanudjaja/,,,,
https://www.tradingview.com/u/andyburhannudien/,,,,
https://www.tradingview.com/u/Gigu_Alt/,,,https://twitter.com/gambit_501,
https://www.tradingview.com/u/rizalirwantotnieliem/,,,https://twitter.com/rizalirwanto,
https://www.tradingview.com/u/BluePipsForexDailySignals_/,,https://www.youtube.com/channel/UCStsrhVoW1IvfmB2oK7z3pw,,
https://www.tradingview.com/u/Rianto_Sitanggang/,,,,
https://www.tradingview.com/u/SATIREMOLOGY/,,,,
https://www.tradingview.com/u/Crypto_secret22/,,,,
https://www.tradingview.com/u/yazidbahuwa/,,,,
https://www.tradingview.com/u/eckho_shenaztya/,,,,
https://www.tradingview.com/u/hery88xx/,,,,
https://www.tradingview.com/u/NafiGanteng/,,,,
https://www.tradingview.com/u/Wiliam_892/,,,,
https://www.tradingview.com/u/KomunisPartij/,,,,
https://www.tradingview.com/u/sayyidalfatih22/,,,,
https://www.tradingview.com/u/capcilaa2/,,,,
https://www.tradingview.com/u/suwandikw/,,,https://twitter.com/suwandikw,
https://www.tradingview.com/u/abdulharissafei/,,,,
https://www.tradingview.com/u/TianzunCrypto/,,,,
https://www.tradingview.com/u/wiraharmonychart/,,,,
https://www.tradingview.com/u/testaqqlisa/,,,,
https://www.tradingview.com/u/PUTUEDY/,,,,
https://www.tradingview.com/u/nabilarandenia/,,,,
https://www.tradingview.com/u/imunkhairiz/,,,,
https://www.tradingview.com/u/UnknownUnicorn17351863/,,,,
https://www.tradingview.com/u/MrMahmud/,,https://www.youtube.com/channel/UCvZ0L4Df_n2ZPvZClXCugbw,,
https://www.tradingview.com/u/NarkoSantoso/,,https://www.youtube.com/channel/UCsJ3VwT6J6LywYOqoDlqMkw,,
https://www.tradingview.com/u/hanungninditya/,,,,
https://www.tradingview.com/u/BesokKawin/,,,,
https://www.tradingview.com/u/FTI_Class/,,,https://twitter.com/abazdj,
https://www.tradingview.com/u/Hahui/,,,,
https://www.tradingview.com/u/mandatory29/,,,,
https://www.tradingview.com/u/OMERAWIBU/,,,,
https://www.tradingview.com/u/akri90/,,,,
https://www.tradingview.com/u/anggazzzx00/,,,,
https://www.tradingview.com/u/alif18yahoo/,,,,
https://www.tradingview.com/u/TraderHBAR/,,,,
https://www.tradingview.com/u/Dickbest/,,,,
https://www.tradingview.com/u/MohammadNurizulhaq/,,,https://twitter.com/gazul,
https://www.tradingview.com/u/ranggandX24/,,,,
https://www.tradingview.com/u/tqmthings/,,,,
https://www.tradingview.com/u/pausmology/,,,https://twitter.com/pausmology,
https://www.tradingview.com/u/mwjy96/,,,https://twitter.com/mwjy96,
https://www.tradingview.com/u/XAUkiller/,,,,
https://www.tradingview.com/u/designailumia/,,,,
https://www.tradingview.com/u/shidiq_nol9/,,,,
https://www.tradingview.com/u/Kampung_Trading/,,,,
https://www.tradingview.com/u/zidni_nurhamid/,,,,
https://www.tradingview.com/u/setyatobing/,,,https://twitter.com/Prasetyatobing,
https://www.tradingview.com/u/abneredgarkesuma/,,,,
https://www.tradingview.com/u/Valerus_Forex/,,https://www.youtube.com/channel/UCMF5nYlb8a1HzUXkVgSudag,,
https://www.tradingview.com/u/Trader_Kampret/,,,,
https://www.tradingview.com/u/kukesuke_/,,,https://twitter.com/kukesuke_,
https://www.tradingview.com/u/aryotz/,,,https://twitter.com/TeknikCryptoID,
https://www.tradingview.com/u/OGUTBOKIS/,,,,
https://www.tradingview.com/u/deanmentari/,,,https://twitter.com/mentari_dean,
https://www.tradingview.com/u/IcalDisal/,,,https://twitter.com/IcalDisal,
https://www.tradingview.com/u/beanoftrad/,,,,
https://www.tradingview.com/u/Fadholisquad/,,,,
https://www.tradingview.com/u/zikrikurniawan/,,,,
https://www.tradingview.com/u/rizkyrabbani0205/,,,,
https://www.tradingview.com/u/Rizkhi_romadhan/,,,,
https://www.tradingview.com/u/Kepin_cryptoanalerz/,,,,
https://www.tradingview.com/u/habibhabib709/,,,,
https://www.tradingview.com/u/Danstian/,,,,
https://www.tradingview.com/u/Mhdferdi/,,,,
https://www.tradingview.com/u/okybagus7777/,,https://www.youtube.com/channel/UCzbq3gTHGUGxoms8_wZq0UQ,,
https://www.tradingview.com/u/NadhinFX/,,,https://twitter.com/Nadhinfx,
https://www.tradingview.com/u/rickychandras/,,,,
https://www.tradingview.com/u/Ivan_Deds/,,,https://twitter.com/Ivan_Deds,
https://www.tradingview.com/u/GamrangeCrypto22/,,,,
https://www.tradingview.com/u/parikesit030/,,,,
https://www.tradingview.com/u/BagiCuanCrypto/,,,https://twitter.com/YosArista,
https://www.tradingview.com/u/glnrmdan/,,,,
https://www.tradingview.com/u/traderfomo/,,,https://twitter.com/dendialsm,
https://www.tradingview.com/u/Andjar_Raditya/,,,,
https://www.tradingview.com/u/kid-y/,,,,
https://www.tradingview.com/u/Givakaz/,,,https://twitter.com/gilang_vaka,
https://www.tradingview.com/u/rendypy347/,,,https://twitter.com/rendypratama113,
https://www.tradingview.com/u/Draftercrypto/,,,https://twitter.com/novre_dan_a,
https://www.tradingview.com/u/TradingBarengNitra/,,,,
https://www.tradingview.com/u/wildanapdol/,,,,
https://www.tradingview.com/u/zackymh/,,,,
https://www.tradingview.com/u/adesujatnazakaria/,,,https://twitter.com/ade_sujatna,
https://www.tradingview.com/u/dwfinansial/,,https://www.youtube.com/channel/UCI9xWs3tHLyAb0YB1rMTQlw,https://twitter.com/DWFinansial,
https://www.tradingview.com/u/silverius1008/,,,https://twitter.com/koransimantab,
https://www.tradingview.com/u/aul147/,,,,
https://www.tradingview.com/u/RezaRhrdn/,,,,
https://www.tradingview.com/u/rendyrijanto/,,,https://twitter.com/rendyrijanto,
https://www.tradingview.com/u/radittiya/,,,,
https://www.tradingview.com/u/agung_suanto/,,,,
https://www.tradingview.com/u/csabud9393/,,,,
https://www.tradingview.com/u/mujianto/,,,,
https://www.tradingview.com/u/Veld21/,,,,
https://www.tradingview.com/u/trieisdi9/,,,https://twitter.com/trieisdi,
https://www.tradingview.com/u/Trader_gembel/,,,,
https://www.tradingview.com/u/FUTUREFORYOURBABE/,,,,
https://www.tradingview.com/u/Ragzda/,,,,
https://www.tradingview.com/u/ryaniyang/,,,,
https://www.tradingview.com/u/iim_AFM/,,,,
https://www.tradingview.com/u/fajrimuhammad71/,,,https://twitter.com/fajrimuhammad09,
https://www.tradingview.com/u/csfgroup/,,,,
https://www.tradingview.com/u/BigZora/,,https://www.youtube.com/channel/UCedJN7G5F1Vp_k3NP7mmKAw,https://twitter.com/BZ,
https://www.tradingview.com/u/DanielWang555/,,,,
https://www.tradingview.com/u/yusufmaulana440/,,,,
https://www.tradingview.com/u/michael_junior10/,,,,
https://www.tradingview.com/u/teguhsantoso1305/,,,,
https://www.tradingview.com/u/ArwinSuranta/,,,https://twitter.com/newarwin,
https://www.tradingview.com/u/astagavodka/,,,,
https://www.tradingview.com/u/Tommyrocket/,,,,
https://www.tradingview.com/u/yogaramdani03/,,,https://twitter.com/Aunk_qval,
https://www.tradingview.com/u/Punyamila/,,,,
https://www.tradingview.com/u/riyan_norick/,,,,
https://www.tradingview.com/u/zorieus/,,,,
https://www.tradingview.com/u/Tama_Agusmology/,,,,
https://www.tradingview.com/u/Idiot_Wave69/,,,,
https://www.tradingview.com/u/elangfm/,,,,
https://www.tradingview.com/u/BitRoyu/,,,,
https://www.tradingview.com/u/gracedevi0708/,,,,
https://www.tradingview.com/u/arfrhmhkm/,,,,
https://www.tradingview.com/u/febranaputra2/,,,,
https://www.tradingview.com/u/RyanDelt/,,,,
https://www.tradingview.com/u/kenaandrie/,,,,
https://www.tradingview.com/u/niki999/,,,,
https://www.tradingview.com/u/Yusuf112233/,,,,
https://www.tradingview.com/u/SniperXYZ/,,,https://twitter.com/@_SniperXYZ_,
https://www.tradingview.com/u/fitriaazy_/,,,,
https://www.tradingview.com/u/harisantoso19870807/,,,,
https://www.tradingview.com/u/KOLAMTRADING_/,,,,
https://www.tradingview.com/u/pradiptarifki03/,,,,
https://www.tradingview.com/u/IvankaCapital/,,,,
https://www.tradingview.com/u/Yenpiaopiao/,,,,
https://www.tradingview.com/u/sunarsaputro/,,,,
https://www.tradingview.com/u/cyber.hsg/,,,,
https://www.tradingview.com/u/doblesukahati/,,,,
https://www.tradingview.com/u/Rfxtrader87/,,,,
https://www.tradingview.com/u/ardianndr/,,,,
https://www.tradingview.com/u/cuan_everywhen/,,,,
https://www.tradingview.com/u/foreignBird/,,,,
https://www.tradingview.com/u/hudax18/,,,,
https://www.tradingview.com/u/MonzFX/,,,,
https://www.tradingview.com/u/Sugeng_Sumarno/,,,,
https://www.tradingview.com/u/alanalanmaulana0/,,,,
https://www.tradingview.com/u/AnggaJatmika/,,https://www.youtube.com/channel/UCLiCJf24F1dlWm1V3AVU5kg,https://twitter.com/@anggajatmika2,
https://www.tradingview.com/u/RuiKuanFx/,,,,
https://www.tradingview.com/u/dtjahjo/,,,https://twitter.com/@dtjahjo,
https://www.tradingview.com/u/rafigambling/,,,,
https://www.tradingview.com/u/mufidamukhlisah/,,,,
https://www.tradingview.com/u/Putra_Mario/,,,,
https://www.tradingview.com/u/CosmoGod/,,,,
https://www.tradingview.com/u/isnantomch/,,,https://twitter.com/Isnanto_vdb,
https://www.tradingview.com/u/medron/,,,https://twitter.com/andreparis_fx,
https://www.tradingview.com/u/TraderSejatoyyy/,,,,
https://www.tradingview.com/u/nugrahateguh478/,,,,
https://www.tradingview.com/u/rmarthaa04/,,,,
https://www.tradingview.com/u/chyoda29/,,,,
https://www.tradingview.com/u/Gold_Manipulations_Master/,,,,
https://www.tradingview.com/u/hotOwl63621/,,,,
https://www.tradingview.com/u/AtanasiusEWF/,,,,
https://www.tradingview.com/u/Randikatrader/,,,,
https://www.tradingview.com/u/herisugara/,,,https://twitter.com/HeriSugar4,
https://www.tradingview.com/u/ericlisalhaliem/,,,,
https://www.tradingview.com/u/ss_sigit_/,,,,
https://www.tradingview.com/u/hantraders/,,,https://twitter.com/han_traders,
https://www.tradingview.com/u/rekththem/,,,,
https://www.tradingview.com/u/stmsmall_group/,,,,
https://www.tradingview.com/u/raulridwan75/,,,,
https://www.tradingview.com/u/Id_traderreceh/,,https://www.youtube.com/channel/UCWtJwXbpI-Fp8aXprBx_R1g,,
https://www.tradingview.com/u/anggapramanauthama/,,,,
https://www.tradingview.com/u/Bima_Nugroho/,,,,
https://www.tradingview.com/u/ahmadprabowo/,,,,
https://www.tradingview.com/u/yogarestu55/,,,,
https://www.tradingview.com/u/Mfp_FX/,,,,
https://www.tradingview.com/u/fellingmology/,,,,
https://www.tradingview.com/u/ifasellytpfmedan/,,,,
https://www.tradingview.com/u/muhteguhpakaya/,,,,
https://www.tradingview.com/u/vilztrade789/,,,,
https://www.tradingview.com/u/Bossbuncit/,,,https://twitter.com/Bossbuncit,
https://www.tradingview.com/u/riamonica/,,,,
https://www.tradingview.com/u/randyfbryan_/,,,https://twitter.com/randyfbryan,
https://www.tradingview.com/u/ricardjeremia/,,,,
https://www.tradingview.com/u/bibulitrader/,,,,
https://www.tradingview.com/u/NoMasterFx/,,https://www.youtube.com/channel/UCzGqFdzCFUcEabRIvUbyPdQ,,
https://www.tradingview.com/u/sportjunaidi/,,,https://twitter.com/Junaidi74120145,
https://www.tradingview.com/u/xuanzao37/,,,https://twitter.com/ini_made,
https://www.tradingview.com/u/wibowoakron23/,,,,
https://www.tradingview.com/u/orimtrade1/,,,,
https://www.tradingview.com/u/MuhammadFaizalRamdhani/,,,,
https://www.tradingview.com/u/franssurya/,,,,
https://www.tradingview.com/u/IDEA_TRADER_CLUB/,,https://www.youtube.com/channel/UC3jPN2PcUNEU1JIS1jtENvQ,,
https://www.tradingview.com/u/coolpadratu/,,,,
https://www.tradingview.com/u/maskotrader/,,,https://twitter.com/Maskoo_0,
https://www.tradingview.com/u/Bimasakti13/,,,,
https://www.tradingview.com/u/philipns/,,,,
https://www.tradingview.com/u/rosyadypunch/,,,https://twitter.com/Panjirosyady,
https://www.tradingview.com/u/viekrydjafar/,,,,
https://www.tradingview.com/u/genkiabadi/,,,https://twitter.com/TJozune,
https://www.tradingview.com/u/kongz5/,,,,
https://www.tradingview.com/u/Aji_Hwang/,,,,
https://www.tradingview.com/u/TN_53/,,,https://twitter.com/cilkds,
https://www.tradingview.com/u/garapanokt/,,,,
https://www.tradingview.com/u/ihsandroid/,,,https://twitter.com/ihsanomics,
https://www.tradingview.com/u/risyadibrahim/,,,,
https://www.tradingview.com/u/Bachtiar_SH_CAT_RTA_CRA_QWP/,https://pionent.com,,,
https://www.tradingview.com/u/Star_Trade/,,,,
https://www.tradingview.com/u/dickaz123/,,,,
https://www.tradingview.com/u/RichoHidayat/,,,,
https://www.tradingview.com/u/teddy984/,,,,
https://www.tradingview.com/u/Edijun/,,,,
https://www.tradingview.com/u/Emulator_Trade/,,,https://twitter.com/emulator_trade,
https://www.tradingview.com/u/Adhim2002/,,,,
https://www.tradingview.com/u/Demakeiza/,,https://www.youtube.com/channel/UCA45dUIkAa9eobzUA5cTE4Q,,
https://www.tradingview.com/u/LAZUARDI7/,,,,
https://www.tradingview.com/u/Rasya1529/,,,,
https://www.tradingview.com/u/asaskun/,,,,
https://www.tradingview.com/u/afrizal_rasyid/,,,,
https://www.tradingview.com/u/acayaticepi/,,,https://twitter.com/cepisuhaya,
https://www.tradingview.com/u/secret00/,,,https://twitter.com/another,
https://www.tradingview.com/u/muliaraden/,,,,
https://www.tradingview.com/u/wildanmuhib/,,,https://twitter.com/wildanmuhib,
https://www.tradingview.com/u/vains/,,,https://twitter.com/HadyMartono,
https://www.tradingview.com/u/Akusara/,,,,
https://www.tradingview.com/u/slametajisantoso/,,,,
https://www.tradingview.com/u/ForexEveryday/,,,,
https://www.tradingview.com/u/yogipratikto/,,,,
https://www.tradingview.com/u/rizqidof/,,,,
https://www.tradingview.com/u/xoda_/,,,,
https://www.tradingview.com/u/aldydial20/,,,,
https://www.tradingview.com/u/mochrasyanda/,,,,
https://www.tradingview.com/u/Farizalfadira_/,,,,
https://www.tradingview.com/u/amridaniyanto/,,,,
https://www.tradingview.com/u/tanxienme/,,,,
https://www.tradingview.com/u/therainbow/,,,,
https://www.tradingview.com/u/r4f1r/,,,,
https://www.tradingview.com/u/AnthonyAssociates2020/,,,,
https://www.tradingview.com/u/iqbalramadhan98/,,,,
https://www.tradingview.com/u/bayyongmadumongso132/,,,,
https://www.tradingview.com/u/singajawa888/,,,,
https://www.tradingview.com/u/mbagiansah/,,,,
https://www.tradingview.com/u/RENDI19/,,,,
https://www.tradingview.com/u/lukmanh10/,,,,
https://www.tradingview.com/u/moontraderofficial/,,,https://twitter.com/Moontraderofc,
https://www.tradingview.com/u/sotta46/,,,,
https://www.tradingview.com/u/handrianokt/,,https://www.youtube.com/channel/UCahzTBD0vFpSJgZWHu5j9ug,,
https://www.tradingview.com/u/Palu_emas/,,,https://twitter.com/DedEyese,
https://www.tradingview.com/u/zakialifyahamzah/,,,,
https://www.tradingview.com/u/dinoftasembiring/,,,,
https://www.tradingview.com/u/Limitless-Trader/,,,,
https://www.tradingview.com/u/Snd_Monster/,,,,
https://www.tradingview.com/u/overarys/,,,,
https://www.tradingview.com/u/irwanwg13/,,,,
https://www.tradingview.com/u/gedefarell/,,,,
https://www.tradingview.com/u/kamalfauzan73/,,,,
https://www.tradingview.com/u/the_sun_trader/,,,https://twitter.com/the_sun_trader,
https://www.tradingview.com/u/Yahoyaho44/,,,,
https://www.tradingview.com/u/sannndi/,,,,
https://www.tradingview.com/u/ceecee-0/,,,,
https://www.tradingview.com/u/jarumsuper12batang12/,,,,
https://www.tradingview.com/u/TANxNAVAZA/,,,,
https://www.tradingview.com/u/itsamandaputri/,,,,
https://www.tradingview.com/u/elliottwaveid/,,,,
https://www.tradingview.com/u/luisadiputrajr/,,,,
https://www.tradingview.com/u/hendrokusbi/,,,,
https://www.tradingview.com/u/Pips_Slicer/,,,,
https://www.tradingview.com/u/agam89/,,,,
https://www.tradingview.com/u/muqron1516/,,,https://twitter.com/muqron,
https://www.tradingview.com/u/awangdepp/,,,,
https://www.tradingview.com/u/VeizoThesaiders/,,,https://twitter.com/@VeizoThesaiders,
https://www.tradingview.com/u/ABusthami/,,,,
https://www.tradingview.com/u/fslrchmd/,,,,
https://www.tradingview.com/u/LEXYHEHE/,,,,
https://www.tradingview.com/u/indoaltcoincoorporate/,,,https://twitter.com/IndoaltcoinNews,
https://www.tradingview.com/u/forsakenSnow21191/,,,,
https://www.tradingview.com/u/tradertegalt/,,,,
https://www.tradingview.com/u/BE_P4TIENT/,,,,
https://www.tradingview.com/u/fkstockmarket/,,,,
https://www.tradingview.com/u/KarismaTM/,,https://www.youtube.com/channel/UCmQKcZv6SecrMN9i-OKUKyA,https://twitter.com/BetangFX,
https://www.tradingview.com/u/Dimas0838/,,,https://twitter.com/Dimzz_Dimzz,
https://www.tradingview.com/u/bualajeffry/,,,,
https://www.tradingview.com/u/BukanTukangJudi/,,,,
https://www.tradingview.com/u/ramadhan96146/,,,,
https://www.tradingview.com/u/cryptodantt/,,,,
https://www.tradingview.com/u/donnyindrapj/,,,https://twitter.com/donnyindrapj,
https://www.tradingview.com/u/azharsmlyco/,,,,
https://www.tradingview.com/u/happytrade886/,https://t.me/happytrade886,,https://twitter.com/happytrade886,The content of my charts should not to be constituted as Financial Advice. Trades I publish are Trades I execute myself.
https://www.tradingview.com/u/MetaNatures/,,,,
https://www.tradingview.com/u/agussusiloadjie/,,,,
https://www.tradingview.com/u/KOPIPROVIT/,,,https://twitter.com/ArifXsub,
https://www.tradingview.com/u/HWID/,,,,
https://www.tradingview.com/u/thuramsiregar/,,,,
https://www.tradingview.com/u/kawan_trader/,,https://www.youtube.com/channel/UCqLNsuJgP1Ud1_szSBrwH9g,,
https://www.tradingview.com/u/mankyoga53/,,,,
https://www.tradingview.com/u/Tajulafn25/,,,https://twitter.com/tajulafn,
https://www.tradingview.com/u/harrumadigitrade/,,,,
https://www.tradingview.com/u/syubandabi9/,,,,
https://www.tradingview.com/u/Prasetyo_Saputro/,,,,
https://www.tradingview.com/u/wibowoandi/,,,,
https://www.tradingview.com/u/STC_Forex_Free/,,,,
https://www.tradingview.com/u/aliyopi77/,,,,
https://www.tradingview.com/u/zeronetreader/,,,,
https://www.tradingview.com/u/ErickGio/,,,https://twitter.com/thomas_erickgio,
https://www.tradingview.com/u/AnnanTrader/,,,,
https://www.tradingview.com/u/FHNUG/,,,,
https://www.tradingview.com/u/egiyudistia/,,,,
https://www.tradingview.com/u/adamsichigo/,,,,
https://www.tradingview.com/u/ahmadnurroziq2/,,,,
https://www.tradingview.com/u/indrawatideasy/,,,https://twitter.com/deasy_ind,
https://www.tradingview.com/u/rianmania68/,,,,
https://www.tradingview.com/u/profitaku88/,,,,
https://www.tradingview.com/u/Rizumi77/,,,,
https://www.tradingview.com/u/dvenjora/,,,,
https://www.tradingview.com/u/heruhandianto/,,,,
https://www.tradingview.com/u/faizrizkifirmansyah/,,,,
https://www.tradingview.com/u/trade_Motion/,,,,
https://www.tradingview.com/u/tralalasiganteng/,,,https://twitter.com/jeff_clasvita,
https://www.tradingview.com/u/yedbarken06/,,,,
https://www.tradingview.com/u/FiqriWicaksono/,,,,
https://www.tradingview.com/u/IRVANWJYA/,,,,
https://www.tradingview.com/u/Yosua_Mongdong/,,,,
https://www.tradingview.com/u/dickyrenaldy23/,,,,
https://www.tradingview.com/u/PausTerlantar/,,,,
https://www.tradingview.com/u/BORNEO_ONONGFX/,,,,
https://www.tradingview.com/u/sinunggilanglibero/,,,,
https://www.tradingview.com/u/unyilyoik/,,,,
https://www.tradingview.com/u/ilik07/,,https://www.youtube.com/channel/UCpv65MfHyUWQHD3bfmB-mPw,https://twitter.com/gilamb,
https://www.tradingview.com/u/R19NP/,,,,
https://www.tradingview.com/u/ariembi/,,,,
https://www.tradingview.com/u/ChiHawMa/,,,,
https://www.tradingview.com/u/ajiswing/,,,,
https://www.tradingview.com/u/indraarca9/,,,,
https://www.tradingview.com/u/Seven7Store/,,,,
https://www.tradingview.com/u/rizalazis49/,,,,
https://www.tradingview.com/u/yoviesaputro/,,,,
https://www.tradingview.com/u/bagastiand/,,,,
https://www.tradingview.com/u/rogandalee/,,,,
https://www.tradingview.com/u/Dienybf/,,,,
https://www.tradingview.com/u/garut12345/,,,,
https://www.tradingview.com/u/twistergo/,,,,
https://www.tradingview.com/u/zuhdim356/,,,,
https://www.tradingview.com/u/phioniex_trade/,,,,
https://www.tradingview.com/u/Put17637/,,,,
https://www.tradingview.com/u/Aia_FX/,,,,
https://www.tradingview.com/u/Om_Jin/,,,,
https://www.tradingview.com/u/Willigt/,,,,
https://www.tradingview.com/u/TOKIRAN/,,,,
https://www.tradingview.com/u/LoadinkFX/,,,,
https://www.tradingview.com/u/saputra9944/,,,https://twitter.com/crazyrichpluto,
https://www.tradingview.com/u/Adhanslv/,,,,
https://www.tradingview.com/u/jolansinaga67/,,,,
https://www.tradingview.com/u/lusydrop/,,,https://twitter.com/lusydrop,
https://www.tradingview.com/u/BOKARFX/,,,,
https://www.tradingview.com/u/aji0110/,,,,
https://www.tradingview.com/u/nugrohobangkit48/,,,,
https://www.tradingview.com/u/Igunawan96/,,,,
https://www.tradingview.com/u/Andreaskristow/,,,,
https://www.tradingview.com/u/faisalsyah79/,,,,
https://www.tradingview.com/u/arpiaditrader/,,,,
https://www.tradingview.com/u/antrasena/,,,,
https://www.tradingview.com/u/pandumulya25/,,,,
https://www.tradingview.com/u/blockchainmediaid/,,,,
https://www.tradingview.com/u/ridw4n/,,,,
https://www.tradingview.com/u/Richoreo77/,,,,
https://www.tradingview.com/u/EkoSetyobudi/,,https://www.youtube.com/channel/UCaD4mRVg1OWTlTwMWg-VAlA,https://twitter.com/Maskoo_0,
https://www.tradingview.com/u/rxgrx/,,,,
https://www.tradingview.com/u/EdoyTamvan/,,,,
https://www.tradingview.com/u/fakepundit/,,,https://twitter.com/fakepundit,
https://www.tradingview.com/u/Krisnayoga/,,,https://twitter.com/kaleluyaw,
https://www.tradingview.com/u/Zamahsyari/,,,,
https://www.tradingview.com/u/alulgans70/,,,https://twitter.com/alulgns404,
https://www.tradingview.com/u/CheristianDeby/,,,,
https://www.tradingview.com/u/dommysape/,,,,
https://www.tradingview.com/u/Rich_tronaut/,,,https://twitter.com/HilalAmirudin,
https://www.tradingview.com/u/Me-Myst/,,,https://twitter.com/PlaneFigureNFT,
https://www.tradingview.com/u/satriyakasan/,,,,
https://www.tradingview.com/u/rimusastama/,,,,
https://www.tradingview.com/u/hajrulaf/,,,,
https://www.tradingview.com/u/thomsky1/,,,,
https://www.tradingview.com/u/ibnukhazim27/,,,https://twitter.com/pmkntrs,
https://www.tradingview.com/u/Nyamin/,,,,
https://www.tradingview.com/u/ahmadwahyu1808/,,,,
https://www.tradingview.com/u/ErnandoSupatman/,,,,
https://www.tradingview.com/u/HenzenPalit/,,,https://twitter.com/Henzenpalit_,
https://www.tradingview.com/u/anggakung69/,,,,
https://www.tradingview.com/u/Anandha_AR/,,,https://twitter.com/RepubliksahamID,
https://www.tradingview.com/u/yovierifqyfauzy271/,,,,
https://www.tradingview.com/u/SniperPro_FX/,,,,
https://www.tradingview.com/u/OmCryptoID/,,,https://twitter.com/ZedFath,
https://www.tradingview.com/u/abdal_im/,,,https://twitter.com/abdal_im,
https://www.tradingview.com/u/dimassatwika74/,,,,
https://www.tradingview.com/u/Moehamad_Yogi_Ramdani/,,,,
https://www.tradingview.com/u/anchuuur/,,,,
https://www.tradingview.com/u/bismillaahcuan/,,,,
https://www.tradingview.com/u/boycr16780/,,,,
https://www.tradingview.com/u/A-F-X/,,,,
https://www.tradingview.com/u/ArtomoroKDSTMR/,,,,
https://www.tradingview.com/u/RESEPCUAN_ID/,,https://www.youtube.com/channel/UCCZ3wn0inUgAps0YWNTbspQ,https://twitter.com/ResepCuan,
https://www.tradingview.com/u/gugunsetiawan321/,,,,
https://www.tradingview.com/u/mahesaibra2003/,,,,
https://www.tradingview.com/u/WCov-Crypto/,,https://www.youtube.com/channel/UCAbGMIGpmCyxoY7enf54yOg,https://twitter.com/WCovCrypto,
https://www.tradingview.com/u/Arif_Sto/,,,,
https://www.tradingview.com/u/erasaputera/,,,,
https://www.tradingview.com/u/VSA_Indonesia12/,,https://www.youtube.com/channel/UCGH9QcTKO_V_C5vLplZyBPg,https://twitter.com/zainunvsa,
https://www.tradingview.com/u/omewfx/,,,https://twitter.com/ewfxgold,
https://www.tradingview.com/u/DJTradesFx/,,,,
https://www.tradingview.com/u/THEBLACKWOLVES/,,,,
https://www.tradingview.com/u/darfalana/,,,,
https://www.tradingview.com/u/Abby_98/,,,,
https://www.tradingview.com/u/mriezafirdaus/,,,https://twitter.com/mriezafirdaus,
https://www.tradingview.com/u/TR420/,,,,
https://www.tradingview.com/u/fcrazyrich/,,,,
https://www.tradingview.com/u/Fujionow/,,,,
https://www.tradingview.com/u/TradePsychology/,,,,
https://www.tradingview.com/u/Akangoto/,,https://www.youtube.com/channel/UCdyahWTZqWdm1AJJii9CByw,,
https://www.tradingview.com/u/Sydamzq/,,,,
https://www.tradingview.com/u/normancesaro/,,,,
https://www.tradingview.com/u/gamaerza/,,,,
https://www.tradingview.com/u/amdmp11/,,,,
https://www.tradingview.com/u/rapazer/,,,,
https://www.tradingview.com/u/vaizero47/,,,,
https://www.tradingview.com/u/DandyS2901/,,,,
https://www.tradingview.com/u/kangroni_adv/,,,https://twitter.com/kangroniadv,
https://www.tradingview.com/u/ilamulyandi18/,,,,
https://www.tradingview.com/u/fianassan25/,,,,
https://www.tradingview.com/u/onorupoonorego/,,,,
https://www.tradingview.com/u/khaerulyadi/,,,https://twitter.com/khaerulyadi,
https://www.tradingview.com/u/sihobiigame/,,,,
https://www.tradingview.com/u/ADAMPRADJA/,,,,
https://www.tradingview.com/u/elektronikablitar/,,,,
https://www.tradingview.com/u/beethoventheory/,,,,
https://www.tradingview.com/u/MAXPAS/,,,https://twitter.com/Suwandy39284680,
https://www.tradingview.com/u/owlcity212/,,,https://twitter.com/WakandaTrader,
https://www.tradingview.com/u/riskyfadhiila25/,,,,
https://www.tradingview.com/u/SpringFx9/,,,https://twitter.com/SpringFx9,
https://www.tradingview.com/u/Ribajo/,,,,
https://www.tradingview.com/u/candrafica1/,,,,
https://www.tradingview.com/u/triwahyudimarkus/,,,,
https://www.tradingview.com/u/ismail01/,,,,
https://www.tradingview.com/u/harikrisez/,,,,
https://www.tradingview.com/u/Zulkifli_kikip/,,https://www.youtube.com/channel/UC9Q7WJh3QpgMUPWp8JPfyDw,https://twitter.com/stormshadow990,
https://www.tradingview.com/u/robinreverend/,,,https://twitter.com/RobbinDragneel,
https://www.tradingview.com/u/hrjnstya/,,,,
https://www.tradingview.com/u/dikaaw/,,,https://twitter.com/putudikaaw,
https://www.tradingview.com/u/Doel_Stranger/,,,,
https://www.tradingview.com/u/Si1pan/,,,,
https://www.tradingview.com/u/hans1993/,,,,
https://www.tradingview.com/u/I4M/,,,,
https://www.tradingview.com/u/investrizki/,,,,
https://www.tradingview.com/u/rahmadbiznet/,,,,
https://www.tradingview.com/u/fifaturah/,,,,
https://www.tradingview.com/u/YOUNGGUNNER_/,,,,
https://www.tradingview.com/u/tenggarejodua/,,,,
https://www.tradingview.com/u/Rio_Rizky/,,,,
https://www.tradingview.com/u/puja_kesuma/,,,,
https://www.tradingview.com/u/Jonku/,,,https://twitter.com/Jonkujo1,
https://www.tradingview.com/u/CryptonicID/,,,,
https://www.tradingview.com/u/FxLeance/,,,,
https://www.tradingview.com/u/LaviAbdul16/,,,,
https://www.tradingview.com/u/randitripurnomo/,,,https://twitter.com/randiotto,
https://www.tradingview.com/u/pra200687/,,,https://twitter.com/AirJord86678039,
https://www.tradingview.com/u/hirawo98/,,,,
https://www.tradingview.com/u/galangrachmadani01/,,,,
https://www.tradingview.com/u/hmubarok88/,,,,
https://www.tradingview.com/u/tardinaje/,,,,
https://www.tradingview.com/u/Riswandi/,,,,
https://www.tradingview.com/u/DukunCrypto911/,,,,
https://www.tradingview.com/u/teknologiindo123/,,,https://twitter.com/hanslakomesem1,
https://www.tradingview.com/u/Rizky12312/,,,https://twitter.com/Gahar28993261,
https://www.tradingview.com/u/trambet92/,,,,
https://www.tradingview.com/u/Naisetry/,,,https://twitter.com/naise_try,
https://www.tradingview.com/u/ARAZFX1308/,,,,
https://www.tradingview.com/u/Rend19/,,,,
https://www.tradingview.com/u/GOYEH/,,,,
https://www.tradingview.com/u/darkweb1725/,,,,
https://www.tradingview.com/u/hosniaswendy/,,,,
https://www.tradingview.com/u/budiridhollah/,,https://www.youtube.com/channel/UC6oHPcoU-6o46BuuPo9UPMQ,,
https://www.tradingview.com/u/sharirm/,,,,
https://www.tradingview.com/u/byantoroistahargyo/,,,,
https://www.tradingview.com/u/sawicaksana/,,,,
https://www.tradingview.com/u/AnalisTidakElite/,,,,
https://www.tradingview.com/u/tibhetampan/,,https://www.youtube.com/channel/UCNCEEzawOlc9nUpT2NzJauQ,https://twitter.com/Tibhetibhe,
https://www.tradingview.com/u/aquariustrader/,,,,
https://www.tradingview.com/u/wowmen05/,,,,
https://www.tradingview.com/u/Plan282/,,,,
https://www.tradingview.com/u/ojikpaijo/,,,,
https://www.tradingview.com/u/MarvinoFransisco/,,,https://twitter.com/MFDIN3,
https://www.tradingview.com/u/ajijimbrut/,,,,
https://www.tradingview.com/u/JurnalTradingID/,,,,
https://www.tradingview.com/u/rriki21/,,,https://twitter.com/RRusmansah,
https://www.tradingview.com/u/erurangabay/,,,,
https://www.tradingview.com/u/TM-FKXSFUTURE77/,,,,
https://www.tradingview.com/u/isa_FX/,,https://www.youtube.com/channel/UCkPoc4wvW0SFdeWJygxTqGA,,
https://www.tradingview.com/u/kifly54359/,,,,
https://www.tradingview.com/u/DR_crypto442/,,,,
https://www.tradingview.com/u/Onyyy/,,,,
https://www.tradingview.com/u/Eucaliftha/,,,,
https://www.tradingview.com/u/rondaz/,,,https://twitter.com/b01legend,
https://www.tradingview.com/u/wavenacci/,,,,
https://www.tradingview.com/u/richman98/,,,,
https://www.tradingview.com/u/ThomasAlfian14/,,,,
https://www.tradingview.com/u/raffialtsany18/,,,,
https://www.tradingview.com/u/rizal_dan/,,,https://twitter.com/Danphoto3,
https://www.tradingview.com/u/leetron33/,,,,
https://www.tradingview.com/u/WormDragon/,,,,
https://www.tradingview.com/u/chiar/,,,https://twitter.com/chiarasofa,
https://www.tradingview.com/u/metalknightfap/,,,,
https://www.tradingview.com/u/ardifx12/,,,,
https://www.tradingview.com/u/suramana/,,,https://twitter.com/FinanceMarketCo,
https://www.tradingview.com/u/jonggimk/,,,https://twitter.com/jonggimk,
https://www.tradingview.com/u/poleliy599_sdysofa_com/,,,,
https://www.tradingview.com/u/ArsipSinyalCrypto/,,,,
https://www.tradingview.com/u/alizaenudin39/,,,,
https://www.tradingview.com/u/Hipdudin/,,,https://twitter.com/hipdudin,
https://www.tradingview.com/u/heilinalber15/,,,,
https://www.tradingview.com/u/agusp_22/,,,https://twitter.com/agusppujianto,
https://www.tradingview.com/u/mmuhammadmaulana/,,,,
https://www.tradingview.com/u/AnalisaCOIN/,,,https://twitter.com/DAVIDAGOYARP,
https://www.tradingview.com/u/zhikrafebri/,,,,
https://www.tradingview.com/u/Dedi_Kecil/,,https://www.youtube.com/channel/UCeBDe_yrYmc8P4VE6QcTuiA,,
https://www.tradingview.com/u/rahmattorani/,,,,
https://www.tradingview.com/u/fikosuparnanto/,,,https://twitter.com/fikosuparnanto,
https://www.tradingview.com/u/Wizecapital/,,,https://twitter.com/WizeCapital,
https://www.tradingview.com/u/WyckOffBoy/,,,https://twitter.com/0xpeb,
https://www.tradingview.com/u/isampurna/,,,https://twitter.com/isampurna_,
https://www.tradingview.com/u/wellyansah123/,,,,
https://www.tradingview.com/u/OmRestu/,,,,
https://www.tradingview.com/u/Josua_Na70/,,,,
https://www.tradingview.com/u/CryptoWibu/,,https://www.youtube.com/channel/UChwlrMh9zMS1oV8k74QQ1TA,https://twitter.com/pastipaaas321,
https://www.tradingview.com/u/abiemp2/,,,,
https://www.tradingview.com/u/sometimes_trader/,,https://www.youtube.com/channel/UCGKiw9Csb25yYfLDv_pXzWQ,,
https://www.tradingview.com/u/FernandaFajar/,,,,
https://www.tradingview.com/u/Kezzt/,,,,
https://www.tradingview.com/u/hanyaRT/,,,,
https://www.tradingview.com/u/Mukriiim/,,,https://twitter.com/Mukriiim,
https://www.tradingview.com/u/gilangilyas/,,,,
https://www.tradingview.com/u/iamtothemoon/,,,,
https://www.tradingview.com/u/ForecastCrypto/,,,,
https://www.tradingview.com/u/ridh99one/,,,,
https://www.tradingview.com/u/tenebaum/,,,,
https://www.tradingview.com/u/Arifia/,,,,
https://www.tradingview.com/u/AstronacciResearch/,,,,
https://www.tradingview.com/u/stevengmi/,,,,
https://www.tradingview.com/u/herusj01/,,,,
https://www.tradingview.com/u/nandatheo/,,,,
https://www.tradingview.com/u/Profesor_Trading/,,,,
https://www.tradingview.com/u/balfonhein/,,,,
https://www.tradingview.com/u/jacs_/,,,,
https://www.tradingview.com/u/mkhusnul26/,,,,
https://www.tradingview.com/u/tvkompilasi/,,,,
https://www.tradingview.com/u/gueunyil/,,,,
https://www.tradingview.com/u/creaturefx/,,https://www.youtube.com/channel/UCwjZb0Q9I-zYKnQgivnOIog,https://twitter.com/CreatureForAll,
https://www.tradingview.com/u/tradingcompanion/,,,,
https://www.tradingview.com/u/AchmadIsmail/,,,,
https://www.tradingview.com/u/chaly_id/,,,https://twitter.com/chalyvers,
https://www.tradingview.com/u/Zidan_Mahdavikia/,,,,
https://www.tradingview.com/u/RICKYA123/,,,,
https://www.tradingview.com/u/bimatrt/,,,https://twitter.com/bimatrt,
https://www.tradingview.com/u/geraldo_theo_17/,,,,
https://www.tradingview.com/u/bodwyn/,,,,
https://www.tradingview.com/u/dickypri/,,,https://twitter.com/dicky_priyatna,
https://www.tradingview.com/u/Worldsupermarket/,,,,
https://www.tradingview.com/u/albertsteven71/,,,,
https://www.tradingview.com/u/rahmadakbar284/,,,https://twitter.com/Rahmata60322527,
https://www.tradingview.com/u/LaPulga30/,,,,
https://www.tradingview.com/u/Kongget92/,,,,
https://www.tradingview.com/u/arisweb/,,,https://twitter.com/fakepundit,
https://www.tradingview.com/u/LEDACx/,,,,
https://www.tradingview.com/u/idewaputuokaputra54/,,,,
https://www.tradingview.com/u/Tulusrg_rnd/,,https://www.youtube.com/channel/UCNBBJ3gmm_98m9ke0kPjvIw,,
https://www.tradingview.com/u/CiwanLucky/,,,https://twitter.com/Hidupmy,
https://www.tradingview.com/u/HobiNyangkut/,,,,
https://www.tradingview.com/u/AnalysisCorner/,,,,
https://www.tradingview.com/u/CahBantul/,,,,
https://www.tradingview.com/u/renaldir/,,,,
https://www.tradingview.com/u/cahayamegahsb/,,,,
https://www.tradingview.com/u/mrskyzo/,,,,
https://www.tradingview.com/u/NuwangCrypto/,,,https://twitter.com/NuwangCrypto,
https://www.tradingview.com/u/kefimiftachululum/,,,,
https://www.tradingview.com/u/putujabbar/,,,https://twitter.com/AsrorPutujabbar,
https://www.tradingview.com/u/INVESTCADEMY_ID/,,,https://twitter.com/SiPengamatSaham,
https://www.tradingview.com/u/bypn6/,,,https://twitter.com/ansar_rasak,
https://www.tradingview.com/u/ruru23/,,,,
https://www.tradingview.com/u/CryptoHuntersBitcoin/,,,,
https://www.tradingview.com/u/hanssagita/,,,,
https://www.tradingview.com/u/apringutawa/,,,https://twitter.com/@apringutawa,
https://www.tradingview.com/u/airilynbellva/,,,,
https://www.tradingview.com/u/MUSGAN/,,,,
https://www.tradingview.com/u/M_L_S/,,,,
https://www.tradingview.com/u/kiwonid/,,,,
https://www.tradingview.com/u/Dukun_Crypto/,,,,
https://www.tradingview.com/u/ILTA86/,,,,
https://www.tradingview.com/u/faruqppx/,,,,
https://www.tradingview.com/u/GEDE_IRAWAN/,,,https://twitter.com/Gedheirawan,
https://www.tradingview.com/u/ferryanananda/,,,,
https://www.tradingview.com/u/widiandry01/,,,,
https://www.tradingview.com/u/idless/,,,,
https://www.tradingview.com/u/ryanandrea/,,,,
https://www.tradingview.com/u/lishtrade/,,,,
https://www.tradingview.com/u/FxBlackbelt/,,,https://twitter.com/AbahTri,
https://www.tradingview.com/u/ekobagus72410/,,,,
https://www.tradingview.com/u/kadekartha8888/,,,,
https://www.tradingview.com/u/ridwanfirmansyah0609/,,,,
https://www.tradingview.com/u/Qutubbroos/,,,https://twitter.com/qutubbroos,
https://www.tradingview.com/u/bobi21/,,,,
https://www.tradingview.com/u/lysin/,,,,
https://www.tradingview.com/u/adiwikana/,,,https://twitter.com/adiwikana,
https://www.tradingview.com/u/Christ_Bpf_PNK/,,,,
https://www.tradingview.com/u/TraderDesa/,,,https://twitter.com/@herianyah_s,
https://www.tradingview.com/u/iamcrocoboy/,,,,
https://www.tradingview.com/u/sukses69/,,,,
https://www.tradingview.com/u/novaaman/,,,https://twitter.com/NovaAriadi,
https://www.tradingview.com/u/Mlh05kim/,,,https://twitter.com/tetapcuan,
https://www.tradingview.com/u/ppieter160/,,,,
https://www.tradingview.com/u/reuben24/,,,,
https://www.tradingview.com/u/nkds15/,,,,
https://www.tradingview.com/u/Adrian_RA/,,,,
https://www.tradingview.com/u/warungpitoe/,,,,
https://www.tradingview.com/u/antinyangkutclubhouse/,,,,
https://www.tradingview.com/u/UnknownUnicorn27554826/,,,,
https://www.tradingview.com/u/hadiidzens/,,,,
https://www.tradingview.com/u/Mashadi_FX/,,,,
https://www.tradingview.com/u/kholifbihaque/,,,,
https://www.tradingview.com/u/andriz129/,,,,
https://www.tradingview.com/u/Fikimfa/,,,https://twitter.com/Fiki_Su,
https://www.tradingview.com/u/dikrulalfani/,,,,
https://www.tradingview.com/u/hanafimuslih/,,,,
https://www.tradingview.com/u/nafisah23/,,,,
https://www.tradingview.com/u/utmbgs/,,,https://twitter.com/tomskitomsss,
https://www.tradingview.com/u/reskybs/,,,,
https://www.tradingview.com/u/syahrulhakiki1998/,,,,
https://www.tradingview.com/u/sultanamir/,,,,
https://www.tradingview.com/u/KOCINGTRADE/,,,,
https://www.tradingview.com/u/tfksilent/,,,,
https://www.tradingview.com/u/the_anonymous/,,,,
https://www.tradingview.com/u/moreefine/,,,,
https://www.tradingview.com/u/pandupradana23/,,,https://twitter.com/pandupradana23,
https://www.tradingview.com/u/Agungsaham/,,,,
https://www.tradingview.com/u/eamifx/,,,,
https://www.tradingview.com/u/fachrezairiawan/,,,,
https://www.tradingview.com/u/ardhan21/,,,,
https://www.tradingview.com/u/iLzy/,,,,
https://www.tradingview.com/u/Lupii_e/,,,,
https://www.tradingview.com/u/be_happy/,,,https://twitter.com/beehappy212,
https://www.tradingview.com/u/khoiri89/,,,https://twitter.com/@khoiri5464,
https://www.tradingview.com/u/Davs95/,,,,
https://www.tradingview.com/u/YonatanDarmawan/,,,,
https://www.tradingview.com/u/MbahS3puh/,,,https://twitter.com/MbahS3puh,
https://www.tradingview.com/u/barokgamer/,,,,
https://www.tradingview.com/u/riffatiman/,,https://www.youtube.com/channel/UCPOGZFb-O2-WmHxtr0-LhGA,https://twitter.com/rhirzi_,
https://www.tradingview.com/u/mamangtrading/,,,,
https://www.tradingview.com/u/Forextivity/,,,https://twitter.com/Forextivity,
https://www.tradingview.com/u/Jkiar/,,,,
https://www.tradingview.com/u/HusinKadri/,,,,
https://www.tradingview.com/u/pangestugarda/,,,,
https://www.tradingview.com/u/sapitarabang/,,,,
https://www.tradingview.com/u/ainufarhan/,,,https://twitter.com/AinuFarhan,
https://www.tradingview.com/u/Kingtrader29/,,,,
https://www.tradingview.com/u/hsinaga3/,,,,
https://www.tradingview.com/u/Andhikak/,,,,
https://www.tradingview.com/u/chokypurba29/,,,,
https://www.tradingview.com/u/ugon123/,,,,
https://www.tradingview.com/u/fuzz27/,,,,
https://www.tradingview.com/u/victormt42/,,,,
https://www.tradingview.com/u/indonesiadeveloper/,,,,
https://www.tradingview.com/u/nurbaniismail/,,,,
https://www.tradingview.com/u/BendriSiregar/,,,,
https://www.tradingview.com/u/alifrifky13/,,,,
https://www.tradingview.com/u/Aguskemayoran/,,https://www.youtube.com/channel/UC-DRYIJ9Qa7bAgsYvYYfcJA,,
https://www.tradingview.com/u/ellvic/,,,,
https://www.tradingview.com/u/prafiptama/,,,,
https://www.tradingview.com/u/Avenue7/,,,https://twitter.com/Deluxeavenuee,
