https://www.tradingview.com/u/FurianPL/,,,https://twitter.com/furianpl,
https://www.tradingview.com/u/Jancio_Wodnik/,,,https://twitter.com/JancioWodnik3,
https://www.tradingview.com/u/Internetowykantor/,,,https://twitter.com/internetkantor,
https://www.tradingview.com/u/pikierus/,,,https://twitter.com/pikierus,
https://www.tradingview.com/u/Greg1974/,,,,
https://www.tradingview.com/u/FanEz/,,,https://twitter.com/FanEzTV,
https://www.tradingview.com/u/LukaszPacholski/,,https://www.youtube.com/channel/UCU2p4fImhLTWc_1164ij_7Q,https://twitter.com/pacholski_ukasz,
https://www.tradingview.com/u/Cryptonislaw/,,,,
https://www.tradingview.com/u/X-Black1/,,https://www.youtube.com/channel/UCOyfTmwxyKUU0aYs2IksdkA,https://twitter.com/Bitcoin_Cyphers,
https://www.tradingview.com/u/DroiMalcenka/,,,https://twitter.com/DroiMalcenka,
https://www.tradingview.com/u/wizimir/,,,,
https://www.tradingview.com/u/PiotrMezgier/,,,,
https://www.tradingview.com/u/gusman11184065/,,,,
https://www.tradingview.com/u/MC-Hammer/,,,,
https://www.tradingview.com/u/RickoPL/,,,https://twitter.com/pl_ricko,
https://www.tradingview.com/u/cryptodraw/,http://cryptodraw.info,,https://twitter.com/cryptodraw_info,"Informacje zawarta na tym profilu nie sƒÖ \""rekomendacjaÃ® inwestycyjnaÃ®\"" w rozumieniu przepisoÃÅw RozporzaÃ®dzenia Ministra FinansoÃÅw z dnia 19 pazÃÅdziernika 2005 r. w sprawie informacji stanowiaÃ®cych rekomendacje dotyczaÃ®ce instrumentoÃÅw finansowych"
https://www.tradingview.com/u/SkotarekG/,,,https://twitter.com/SkotarekG,"Znajdziecie mnie na Twitterze gdzie chƒôtnie dzielƒô¬†siƒô opiniami z analizy technicznej z rynku GPW, Wallstreet oraz Krypto:\r\nhttps://twitter.com/SkotarekG\r\n\r\nAnalizy nie sƒÖ¬†rekomendacjƒÖ¬†kupna / sprzeda≈ºy tylko mojƒÖ¬†subiektywnƒÖ opiniƒÖ."
https://www.tradingview.com/u/Robert_Pietraga/,,,https://twitter.com/RobertPietraga,
https://www.tradingview.com/u/olek3337/,,,,
https://www.tradingview.com/u/DominikFel/,http://dominikfelczak.pl,https://www.youtube.com/channel/UCco11DadaN-7qmakTkJTKgA,https://twitter.com/DominikFelczak,Dobry broker: https://live.crm.puremarketbroker.com/vu/signup/9Pz3qFXD\r\nüÜìO z≈Çocie: https://dominikfelczak.pl\r\nüÜì https://facebook.com/groups/analizyrynkow\r\nüÜì https://twitter.com/DominikFelczak
https://www.tradingview.com/u/puchalkom/,,,,
https://www.tradingview.com/u/MrDomelos/,,,,
https://www.tradingview.com/u/CryptoHunters/,,,https://twitter.com/@CryptoHunters8,Not financial advises\r\n\r\n‚ùåPodane informacje nie sƒÖ rekomendacjami handlowymi
https://www.tradingview.com/u/kawiakoss/,,https://www.youtube.com/channel/UCQBKdINnNiyX7WCxqzZ4JrA,,
https://www.tradingview.com/u/Haronek/,,,,
https://www.tradingview.com/u/MaxProfit24/,https://www.maxprofit24.pl,,https://twitter.com/maxprofit24pl,üí°Zapraszam do zapoznania siƒô z naszƒÖ najnowszƒÖ ofertƒÖ Automatycznych System√≥w Inwestycyjnychü§ñüí°.üëâ Wiƒôcej informacji na stronie https://www.maxprofit24.pl üëà
https://www.tradingview.com/u/all_world_Is_a_Scam/,,,,
https://www.tradingview.com/u/Stanvest32/,,,https://twitter.com/MaciejStanek31,"https://auth.zonda.exchange/ref/25468  - ZONDA\r\n\r\nZapraszam do zakupu pierwszych krypto :  \""CRO\""   CRONOS  \r\n\r\nhttps://crypto.com/exch/qjr6cv2rw5\r\n\r\nKOD:  qjr6cv2rw5\r\n  \r\nhttps://www.facebook.com/groups/analizyrynkow"
https://www.tradingview.com/u/jureks/,https://www.jureksanalizy.pl/,https://www.youtube.com/channel/UCiSNk7mzA3cQ3UQEcP_AsYA,https://twitter.com/JurekSanalizy,Niniejszy artyku≈Ç ani w ca≈Ço≈õci ani w czƒô≈õci nie stanowi ‚Äûrekomendacji‚Äù w rozumieniu przepis√≥w ustawy oraz obowiƒÖzujƒÖcych przepis√≥w.\n\nKontakt: kontakt@tradewars.pl
https://www.tradingview.com/u/Formik77/,,,,
https://www.tradingview.com/u/konfal/,,,,
https://www.tradingview.com/u/KaaT_PL/,,,,
https://www.tradingview.com/u/Duda-Trade/,https://t.me/joinchat/AAAAAEtBjCxJ1mCRFkesWA,,https://twitter.com/Duda_Trade,üîπTelegram -  https://t.me/joinchat/AAAAAEtBjCxJ1mCRFkesWA\r\nüî•Trade EXMO - https://clck.ru/sKof3\r\nüòé–°–æ—Ç—Ä—É–¥–Ω–∏—á–µ—Å—Ç–≤–æ —Å–æ –º–Ω–æ–π -¬† https://t.me/duda_admin
https://www.tradingview.com/u/Alladyn/,https://forum.longterm.pl/,,https://twitter.com/AlladynForex,"Na co dzie≈Ñ nie wystawiam nosa poza Forum VIP LONGTERM https://forum.longterm.pl/  Znajdziecie mnie w Dziale Analiza Techniczna, gdzie codziennie na ≈ºyczenie forumowicz√≥w analizujƒô po kilka sp√≥≈Çek. Prowadzƒô tam te≈º sw√≥j autorski portfel \""D≈ªIN\"".Zapraszam."
https://www.tradingview.com/u/Jan_Karczewski/,,,https://twitter.com/Janek04643394,
https://www.tradingview.com/u/AnalizyD/,,,https://twitter.com/AnalizyD,Znajdziecie mnie na Twitterze gdzie chƒôtnie dyskutujƒô i dzielƒô siƒô opiniami\n\nhttps://twitter.com/AnalizyD\n*Ka≈ºda analiza to moje prywatne zdanie/opinia i nie stanowi rekomendacji czy zachƒôty do kupna lub sprzeda≈ºy akcji\nZapraszam: twitter.com/StockupG
https://www.tradingview.com/u/iLuminaTi/,https://iluminaci.eu,,https://twitter.com/iLuminaciGPW,To jedna z wielu moich analiz. Pozosta≈Çe znajdziesz na naszym serwerze DISCORD Gie≈Çdowi iLuminaci. Oficjalne zaproszenie: https://discord.gg/vZn7pYGvZy Pamiƒôtajcie o akceptacji Regulaminu serwera. Zapraszam do odwiedzenia naszych pozosta≈Çych kana≈Ç√≥w.
https://www.tradingview.com/u/Tomo222/,,,,
https://www.tradingview.com/u/cuteAnalyst28966/,,,,
https://www.tradingview.com/u/pawelzaporski/,,,,
https://www.tradingview.com/u/sputnikon/,,,,
https://www.tradingview.com/u/RelacjeRynku/,http://www.relacjerynku.pl/,https://www.youtube.com/channel/UC94JaQJlIanglTPDOyyG0bg,https://twitter.com/@RelacjeRynku,Zapraszamy do ≈õledzenia naszych kana≈Ç√≥w: \nhttps://twitter.com/RelacjeRynku \nhttps://www.facebook.com/RelacjeRynku\nhttps://www.linkedin.com/company/relacjerynku-pl-i-agencja-relacji-inwestorskich\nhttp://www.relacjerynku.pl/
https://www.tradingview.com/u/Aerdynamik/,,,,
https://www.tradingview.com/u/mattsz89/,,,https://twitter.com/mati0689,
https://www.tradingview.com/u/Myslivietz/,,,,
https://www.tradingview.com/u/p006/,,,,
https://www.tradingview.com/u/meroltrader/,,,https://twitter.com/meroltrader,
https://www.tradingview.com/u/ljmatysek/,,,,
https://www.tradingview.com/u/marimar1982/,,,,
https://www.tradingview.com/u/igor0509/,,,https://twitter.com/iandigor,
https://www.tradingview.com/u/KacperW/,https://discord.gg/u4PcapnMKu,https://www.youtube.com/channel/UCCbMIZHE555L32kgFTMId1g,,Bezp≈Çatna grupa - https://discord.gg/u4PcapnMKu
https://www.tradingview.com/u/nuklearnypl/,,,,
https://www.tradingview.com/u/wystarczypatryk/,,,,
https://www.tradingview.com/u/DNARynkow/,https://dnarynkow.pl/,https://www.youtube.com/channel/UCgw_3Epv7swquSZyMDjYHTg,https://twitter.com/DnaRynkow,≈öled≈∫ nas na:\nhttps://dnarynkow.pl/\nhttps://www.youtube.com/c/DNARynkow\nhttps://www.facebook.com/DNARynkow\nhttps://twitter.com/DnaRynkow
https://www.tradingview.com/u/AleksDu/,https://t.me/+jYfnfwkSmIUwM2Ni,,https://twitter.com/Validuda1107,–ß—Ç–æ–±—ã –ø—Ä–∏—É–º–Ω–æ–∂–∏—Ç—å –≤–∞—à –∫–∞–ø–∏—Ç–∞–ª –≤–∞–º —Å—é–¥–∞ - https://cutt.ly/QWvjJlS\r\n\r\nTelegram Channel‚è© https://t.me/+jYfnfwkSmIUwM2Ni
https://www.tradingview.com/u/Dr_Norek/,,,,
https://www.tradingview.com/u/HedonistaHere/,,,,
https://www.tradingview.com/u/SatoshiXXX/,,,,
https://www.tradingview.com/u/variotorres/,,,,
https://www.tradingview.com/u/cryptobetgang/,,https://www.youtube.com/channel/UCOU7ZDYi8ArNO5soBgVTIgg,,
https://www.tradingview.com/u/szymonStanislaw/,,,,
https://www.tradingview.com/u/MichalKlodnicki/,,,https://twitter.com/Micha83414222,
https://www.tradingview.com/u/EhnatoX/,,https://www.youtube.com/channel/UC-a_eYfBOhGqTsnfqrIEPvA,https://twitter.com/Kryptospekulanci,
https://www.tradingview.com/u/Krisi_Brass/,,,,
https://www.tradingview.com/u/vizja10/,,,,
https://www.tradingview.com/u/ketyas/,,,,
https://www.tradingview.com/u/Kaizen_/,,,https://twitter.com/GorskiKajetan,
https://www.tradingview.com/u/Gardzin/,,,,
https://www.tradingview.com/u/hakx/,,https://www.youtube.com/channel/UCgkaqwch2GqG2w-85_GwiCg,https://twitter.com/@newsmachine_pl,
https://www.tradingview.com/u/Jaca91/,,,,
https://www.tradingview.com/u/SmartInwestor/,https://www.smartinwestor.pl/,https://www.youtube.com/channel/UC5VHJkWPArbHNOirIIhWjBA,,SmartInwestor - Oprogramowanie dla aktywnych inwestor√≥w.\nhttps://www.smartinwestor.pl/\nMieczys≈Çaw Siudek\nTre≈õci zawarte w niniejszej prezentacji nie stanowiƒÖ rekomendacji w rozumieniu przepis√≥w RozporzƒÖdzenia Ministra Finans√≥w z dnia 19 pa≈∫dziernika 2005
https://www.tradingview.com/u/jano_g/,,,https://twitter.com/JanoGra,Zapraszam na Twitter: @JanoGra\r\nAnalityk Techniczny Stowarzyszenia Inwestor√≥w Indywidualnych: www.sii.org.pl\r\nPrzyjaciele: www.RelacjeRynku.pl l Agencja Relacji Inwestorskich (@RelacjeRynku/TT i FB) / Aplikacja Stockup /
https://www.tradingview.com/u/przemekcaz/,,,https://twitter.com/cryptotraderV8,
https://www.tradingview.com/u/KoziKson/,https://discord.com/invite/JHZ766ca3E,https://www.youtube.com/channel/UCWdp209UWjTaQWuS-GsYMOA,https://twitter.com/PszemeKozik,Do≈ÇƒÖcz do naszego darmowego Discorda!\r\n\r\nDiscord Miasta Trader√≥w: https://discord.com/invite/JHZ766ca3E\r\n\r\nYTuba: https://www.youtube.com/channel/UCWdp209UWjTaQWuS-GsYMOA\r\n\r\nTwitter: https://twitter.com/miasto_traderow
https://www.tradingview.com/u/nowak-kamil/,,,,
https://www.tradingview.com/u/JacekN/,,,,
https://www.tradingview.com/u/magnatgraczewski/,,,,
https://www.tradingview.com/u/loginfuture/,,,,
https://www.tradingview.com/u/wixaa/,,,,
https://www.tradingview.com/u/prezes/,,https://www.youtube.com/channel/UC9m-i38PdscJRc_VvzWs-rg,https://twitter.com/BlogPrezesa,
https://www.tradingview.com/u/kamailro/,,,,
https://www.tradingview.com/u/LiberumPolonia/,,,https://twitter.com/KrzysztofKPOL,
https://www.tradingview.com/u/michaltrejder/,,,,
https://www.tradingview.com/u/MentorFinansowy/,,,,
https://www.tradingview.com/u/KrzSz116/,,,https://twitter.com/KrzysztofSzypu,
https://www.tradingview.com/u/JakubG/,,,,
https://www.tradingview.com/u/bartforman/,,,,
https://www.tradingview.com/u/Mr.Advice/,https://mradvice.eu,https://www.youtube.com/channel/UCpMXJngorJA6b0Edufs1Z9w,https://twitter.com/AaronKuczynski,Wiƒôcej informacji bezpo≈õrednio na forum edukacyjno - sygna≈Çowym Mr.Advice!\n* STRONA G≈Å√ìWNA: \nhttps://mradvice.eu\n* TELEGRAM DARMOWA GRUPA BTC: \nhttps://t.me/mradvice_btc_signals\n* TELEGRAM DARMOWY CHAT:\nhttps://t.me/mradvice_btc_expert
https://www.tradingview.com/u/fineofx/,,,https://twitter.com/FINEO_FX,
https://www.tradingview.com/u/Kasprol/,,,,
https://www.tradingview.com/u/eSjakSlawa/,,,https://twitter.com/esjakslawa,
https://www.tradingview.com/u/LuckyMarek/,,,,
https://www.tradingview.com/u/TradersStories/,,https://www.youtube.com/channel/UC9J9JyhNzrcehLdsU0qJvPg,https://twitter.com/TradersStories,
https://www.tradingview.com/u/xSpArtAx_/,,,https://twitter.com/xSpArtAx3,
https://www.tradingview.com/u/PawelTrejder/,,,,
https://www.tradingview.com/u/Nikodem86/,,,https://twitter.com/NikodemNawrock3,
https://www.tradingview.com/u/my4tic/,,,,
https://www.tradingview.com/u/AdrianSieradzki/,,,,
https://www.tradingview.com/u/qaaon/,,,,
https://www.tradingview.com/u/Sensem71/,,,,
https://www.tradingview.com/u/adasstadnicki/,,,,
https://www.tradingview.com/u/AnturParafin/,,,https://twitter.com/TesterzyPubow,
https://www.tradingview.com/u/Crypto_Milionare/,,,,
https://www.tradingview.com/u/dominatorek1808/,,,,
https://www.tradingview.com/u/Karolma/,,,,
https://www.tradingview.com/u/FajnyNick/,,,https://twitter.com/kiedys_zero,
https://www.tradingview.com/u/Kacper2k/,,,,
https://www.tradingview.com/u/giaur/,,https://www.youtube.com/channel/UCqkBYjUM7fplUwyvdXoWRpg,https://twitter.com/tomaszkraje133,
https://www.tradingview.com/u/sevendays126/,,,,
https://www.tradingview.com/u/similarCamel13028/,,,,
https://www.tradingview.com/u/Ocupuc_123/,,,https://twitter.com/szampla,
https://www.tradingview.com/u/marek.rogalski/,,,https://twitter.com/@RogalskiMarek,G≈Ç√≥wny analityk walutowy DM BO≈ö\n\nChcesz wiedzieƒá wiƒôcej?\n\nhttps://bossafx.pl/wiadomosci-i-analizy\n\nhttps://www.youtube.com/user/bossapl\n\nRozwa≈ºasz zmianƒô brokera?\nhttps://online.bossa.pl/bossaapp/rejestracja/
https://www.tradingview.com/u/eRobert/,,,,
https://www.tradingview.com/u/RobertKenek/,,,https://twitter.com/ROBERTB80752521,
https://www.tradingview.com/u/PofitAmen/,,,,
https://www.tradingview.com/u/tatataty/,,,,
https://www.tradingview.com/u/Kamcia84/,,,,
https://www.tradingview.com/u/Kolawka/,,,,
https://www.tradingview.com/u/Sihill/,,,,
https://www.tradingview.com/u/MarcoPolo66/,,https://www.youtube.com/channel/UCyfqDquYtq-xzPdaA619XaA,,"Zapraszam serdecznie do subskrybowania mojego kana≈Çu YouTube, gdzie prezentujƒô cykl edukacyjny pod tytu≈Çem \""Sekrety Ichimoku\"" \nhttps://www.youtube.com/channel/UCyfqDquYtq-xzPdaA619XaA"
https://www.tradingview.com/u/kamilowp/,,,,
https://www.tradingview.com/u/polik1997/,,,,
https://www.tradingview.com/u/Dmytro_Tsupran_/,,,,
https://www.tradingview.com/u/maki4evers/,,,,
https://www.tradingview.com/u/zaglobaK/,,,,
https://www.tradingview.com/u/InpovtineZ/,,,,
https://www.tradingview.com/u/Lukasz_crypto/,,,,
https://www.tradingview.com/u/Wojciech_D/,,https://www.youtube.com/channel/UCHsS2Qtb-VCHmbk6KvVCLag,https://twitter.com/WojciechDoman,"Je≈õli chcesz byƒá na bie≈ºƒÖco z rynkami, kt√≥re obserwujemy, zapraszam na:\r\n‚úÖ https://analizersi.pl ‚îá GRUPA TRADINGOWA ‚îá AKADEMIA ANALIZERA ‚îá\r\nPlatforma na kt√≥rej handluje i z czystym sumieniem polecam:\r\n‚úÖ https://primexbt.com?signup=233699"
https://www.tradingview.com/u/okhanLAB/,,,,
https://www.tradingview.com/u/sudety6536/,,,,
https://www.tradingview.com/u/kpt_cc_Markus/,,,,
https://www.tradingview.com/u/Grzegorz_kzl/,,,,
https://www.tradingview.com/u/Bosubosu/,,,,
https://www.tradingview.com/u/BTC_Infected/,,,,
https://www.tradingview.com/u/maras_bo/,,,,
https://www.tradingview.com/u/SayMoney/,,,https://twitter.com/Szymon49516942,
https://www.tradingview.com/u/Reksio/,,,,
https://www.tradingview.com/u/CLACLYN/,,,,
https://www.tradingview.com/u/Igorix19/,,,,
https://www.tradingview.com/u/InstitutionalCONCEPTS/,,,https://twitter.com/chartLover_,
https://www.tradingview.com/u/Edward_Ekke/,,,,
https://www.tradingview.com/u/BlacksmithLuke/,,,,
https://www.tradingview.com/u/VG_Blog_Invest/,,https://www.youtube.com/channel/UCNQaopi06vqngUMqTyQ9cIA,,
https://www.tradingview.com/u/Tomager/,,,,
https://www.tradingview.com/u/Adix_coin/,,,https://twitter.com/Adamprawda,
https://www.tradingview.com/u/szczeepan/,,,https://twitter.com/szczeepan,
https://www.tradingview.com/u/kranku/,,,https://twitter.com/Kranku23,
https://www.tradingview.com/u/actualFinance2403/,,,,
https://www.tradingview.com/u/HenkGK/,,https://www.youtube.com/channel/UCjIriEmwKjcE7cdXpf5llNg,,
https://www.tradingview.com/u/LookLuka/,,,,
https://www.tradingview.com/u/Axel_Trader-/,,,,
https://www.tradingview.com/u/culture7/,,,,
https://www.tradingview.com/u/g0me2z/,,,,
https://www.tradingview.com/u/passiveon/,,,,
https://www.tradingview.com/u/ja-arturo/,,,,
https://www.tradingview.com/u/RafaLG35511696/,,,https://twitter.com/RafaLG35511696,
https://www.tradingview.com/u/adwis1/,,,,
https://www.tradingview.com/u/adarth/,,,https://twitter.com/rwysoc,
https://www.tradingview.com/u/Juravielmp/,,,,
https://www.tradingview.com/u/tklimczakdom/,,,,
https://www.tradingview.com/u/maciesie/,,,,
https://www.tradingview.com/u/macpru80/,,,https://twitter.com/Maciej55422331,
https://www.tradingview.com/u/raiseNstuff/,,,,
https://www.tradingview.com/u/lobopl/,,,,
https://www.tradingview.com/u/patrykobierak/,,,,
https://www.tradingview.com/u/Megater/,,,,
https://www.tradingview.com/u/Konrad1977/,,,,
https://www.tradingview.com/u/KRIS_COIN/,http://www.timesfer.com/,,https://twitter.com/TimeSfer,
https://www.tradingview.com/u/HT1973/,,,https://twitter.com/Pawe92058901,
https://www.tradingview.com/u/Radziilla/,,,https://twitter.com/DominiakRadek,
https://www.tradingview.com/u/TJS_Patrykoo/,,,,
https://www.tradingview.com/u/woropl/,,,,
https://www.tradingview.com/u/Damcio/,,,https://twitter.com/BladaDamian,
https://www.tradingview.com/u/piacevole_fuoco/,,,,
https://www.tradingview.com/u/Borill21/,,,,
https://www.tradingview.com/u/soberapple/,,,,
https://www.tradingview.com/u/artkoni/,,,,
https://www.tradingview.com/u/stolek/,,,,
https://www.tradingview.com/u/jwojcik637/,,,,
https://www.tradingview.com/u/sylwek/,,,,
https://www.tradingview.com/u/jig201/,,,,
https://www.tradingview.com/u/L0G42O/,,,,
https://www.tradingview.com/u/celtycki1994/,,,,
https://www.tradingview.com/u/cryptorw76/,,,,
https://www.tradingview.com/u/stolek16/,,,,
https://www.tradingview.com/u/Hitero/,,,,
https://www.tradingview.com/u/Dolfro/,,,https://twitter.com/Lighterson1,
https://www.tradingview.com/u/UnknownUnicorn16041398/,,,,
https://www.tradingview.com/u/grzegorz123456/,,,,
https://www.tradingview.com/u/xKrakus/,,,,
https://www.tradingview.com/u/psurdyk/,,,,
https://www.tradingview.com/u/janekgraban11/,,,,
https://www.tradingview.com/u/finaveryy/,,,,
https://www.tradingview.com/u/tewuerde08/,,,https://twitter.com/tewuerde,
https://www.tradingview.com/u/jarojanu/,,,,
https://www.tradingview.com/u/grzegorz201/,,,,
https://www.tradingview.com/u/Quavitae/,,,https://twitter.com/quavitae,
https://www.tradingview.com/u/krzysztofja102/,,,,
https://www.tradingview.com/u/Woolf_Greg/,,,,
https://www.tradingview.com/u/Mateusz_M/,,,,
https://www.tradingview.com/u/temonuv/,,,https://twitter.com/temonuv,
https://www.tradingview.com/u/LaBambaTrader/,,,https://twitter.com/WyrzykowskiW,
https://www.tradingview.com/u/pampv/,,,,
https://www.tradingview.com/u/rokfor20/,,,,
https://www.tradingview.com/u/RadoslawRygielski/,https://web.facebook.com/groups/1894133730632907/,https://www.youtube.com/channel/UC9yzIKFex2uVuz_Iupo_nCQ,,üë®‚ÄçüíºRados≈Çaw Rygielski - Trader - Pasjonata rynk√≥w\r\nüü™Zapisz siƒô na livey!: https://kursy.instytutkryptografii.pl/webinar-radek-3\r\nüë•Do≈ÇƒÖcz do grupy: https://web.facebook.com/groups/1894133730632907/\r\n‚ùåPodane informacje nie sƒÖ rekomendacjami handlowymi
https://www.tradingview.com/u/Trad1nV1ew5555/,,,,
https://www.tradingview.com/u/adik1323/,,,,
https://www.tradingview.com/u/Arkadiusz1/,,,,
https://www.tradingview.com/u/IJM500/,,,,
https://www.tradingview.com/u/lordvadeer/,,,,
https://www.tradingview.com/u/Tytusik123/,,,,
https://www.tradingview.com/u/kasiakkasiak/,,,,
https://www.tradingview.com/u/BambsTrading/,,,https://twitter.com/FlaneurCrypto,
https://www.tradingview.com/u/jsg3/,,,,
https://www.tradingview.com/u/Szpak/,,,,
https://www.tradingview.com/u/dperkows/,,,,
https://www.tradingview.com/u/localtvpartner/,,,,
https://www.tradingview.com/u/zadykowicztrading/,,,,
https://www.tradingview.com/u/BearHand/,,,,
https://www.tradingview.com/u/Kamil_Konarkowski/,,https://www.youtube.com/channel/UCZDhsYJByMhdb9_kbJFfHRg,https://twitter.com/KKonarkowskii,
https://www.tradingview.com/u/cuteCloud70924/,,,,
https://www.tradingview.com/u/FinansowyUmysl/,,https://www.youtube.com/channel/UCkY4NtMCGsIFs_suCm2jzkg,https://twitter.com/FinansowyUmysl,
https://www.tradingview.com/u/Bullwers/,,,,
https://www.tradingview.com/u/Shadowproofgamer/,,,,
https://www.tradingview.com/u/BartNox/,,,,
https://www.tradingview.com/u/darenoks7/,,,,
https://www.tradingview.com/u/HogDadi/,,,https://twitter.com/CryptoHogDadi,
https://www.tradingview.com/u/LukasMan/,,,,
https://www.tradingview.com/u/Trader_Vibe/,,,https://twitter.com/The_GreenKai,
https://www.tradingview.com/u/Grzegorz01/,,,,
https://www.tradingview.com/u/dada1235/,,,,
https://www.tradingview.com/u/GGarlak/,,,,
https://www.tradingview.com/u/cryptonoobe/,,,,
https://www.tradingview.com/u/Suminski_Maciej/,,,https://twitter.com/suminski_maciej,
https://www.tradingview.com/u/Shadowaimer/,,,,
https://www.tradingview.com/u/dantekir/,,,,
https://www.tradingview.com/u/pietrasmarcin/,,,,
https://www.tradingview.com/u/ptvkvv/,,,,
https://www.tradingview.com/u/yorgwarez/,https://yorgwarez.com,,,https://YORGWAREZ.COM\r\n\r\nAI calculated Levels based on Darkpool and Options market data\r\nAutomatic Scanner of Supply & Demand on the market - VSA Scanner with a taste of AI ;)
https://www.tradingview.com/u/Homdan/,,,,
https://www.tradingview.com/u/MIKOLAJ_ROSZAK/,,https://www.youtube.com/channel/UCqECyfutyADjk5XeVB5w-4w,,
https://www.tradingview.com/u/ferntrade4/,,,,
https://www.tradingview.com/u/eranet/,,,https://twitter.com/eranet1976,
https://www.tradingview.com/u/Maciek83/,,,https://twitter.com/maciekszukalski,
https://www.tradingview.com/u/swistaku/,,,,
https://www.tradingview.com/u/j3z/,,,,
https://www.tradingview.com/u/lukasgolek/,,,,
https://www.tradingview.com/u/KsiadzKeyben/,,,,
https://www.tradingview.com/u/kryptogenerator1/,,,,
https://www.tradingview.com/u/vexrey/,,,,
https://www.tradingview.com/u/Chiper_79/,,,,
https://www.tradingview.com/u/paolodigr15/,,,,
https://www.tradingview.com/u/Smart-Sep/,,https://www.youtube.com/channel/UCQU15aFTPHqqXPzBXvuFzjw,https://twitter.com/sepisko,
https://www.tradingview.com/u/AndrzejCH/,,,,
https://www.tradingview.com/u/Bloo255/,,,,
https://www.tradingview.com/u/KapitanHajsik/,,,,
https://www.tradingview.com/u/Sasiad17/,,,,
https://www.tradingview.com/u/efficientDirec58751/,,,,
https://www.tradingview.com/u/forexzlewandowskim/,,https://www.youtube.com/channel/UC3faBQfoYOgOTpDtPi0yqkQ,https://twitter.com/LewandowskiKami,
https://www.tradingview.com/u/Mateusz420/,,,https://twitter.com/H4Nowak,
https://www.tradingview.com/u/piotrekcalka/,,,,
https://www.tradingview.com/u/miro91/,,,,
https://www.tradingview.com/u/Stoszek/,,,,
https://www.tradingview.com/u/FibonacciTeam/,,https://www.youtube.com/channel/UCfw1SROGzPMTSEN2Lr-hZQg,https://twitter.com/Lukasz_Fijolek,
https://www.tradingview.com/u/MoneyHunters/,,https://www.youtube.com/channel/UCxlnLPFhS9OfLOzVMFrjk8g,https://twitter.com/MCI_MoneyHunter,
https://www.tradingview.com/u/Charnecky/,,,,
https://www.tradingview.com/u/CryptoFish71/,,,,
https://www.tradingview.com/u/kuba2tiko/,,,,
https://www.tradingview.com/u/Paw3los/,,,,
https://www.tradingview.com/u/Pikami123abc/,,,,
https://www.tradingview.com/u/jpktraders/,,https://www.youtube.com/channel/UCYjQu0dGXn_lklYCv1APNHg,https://twitter.com/jpktraders,
https://www.tradingview.com/u/JackStone1719/,,,,
https://www.tradingview.com/u/tpaczoski/,,,https://twitter.com/TPaczoski,
https://www.tradingview.com/u/bartospetr2009/,,,,
https://www.tradingview.com/u/AtomowyInwestor/,,,https://twitter.com/AtomowyInwestor,
https://www.tradingview.com/u/artkacz/,,,,
https://www.tradingview.com/u/WojciechKotowski/,,,,
https://www.tradingview.com/u/Tomgis-Chan/,,,https://twitter.com/TomgisChan,
https://www.tradingview.com/u/mrtnk/,,,,
https://www.tradingview.com/u/mrmudzynn/,,,,
https://www.tradingview.com/u/Adrian_like_Trader/,,,,
https://www.tradingview.com/u/Mlenk/,,,,
https://www.tradingview.com/u/SHOCKO_WHAAA/,,,,
https://www.tradingview.com/u/ForexPolska/,,,,
https://www.tradingview.com/u/OverPowered100k/,,,https://twitter.com/cryptoraiderspl,
https://www.tradingview.com/u/rgmalocha/,,,,
https://www.tradingview.com/u/independentppl89/,,,,
https://www.tradingview.com/u/GoWithTrend/,,,,
https://www.tradingview.com/u/retailtrader98/,,,,
https://www.tradingview.com/u/Jollero/,,,,
https://www.tradingview.com/u/EGZEKUTOR/,,,,
https://www.tradingview.com/u/jsm059/,,,,
https://www.tradingview.com/u/JanuszTradingu/,,,,
https://www.tradingview.com/u/RLachu/,,,,
https://www.tradingview.com/u/JS89-TRADING/,,,,
https://www.tradingview.com/u/Mariusz_Nowak/,,,,
https://www.tradingview.com/u/MATI_BTC/,,,https://twitter.com/LisieUszka,
https://www.tradingview.com/u/alan4368/,,,,
https://www.tradingview.com/u/piera69/,,,,
https://www.tradingview.com/u/Deringer/,,,,
https://www.tradingview.com/u/arehiba/,,,,
https://www.tradingview.com/u/TomeshFX/,,,,
https://www.tradingview.com/u/davvid884/,,,,
https://www.tradingview.com/u/THOR77-PL/,,,,
https://www.tradingview.com/u/HubertBokszczanin/,,https://www.youtube.com/channel/UCRHQn_ZQd9eKnyQxtb2lpww,,
https://www.tradingview.com/u/silvershop24/,,,,
https://www.tradingview.com/u/acidbob/,,,,
https://www.tradingview.com/u/DeXteR27/,,,,
https://www.tradingview.com/u/Kuba_San/,https://linktr.ee/kuba_san,,,Podane informacje nie sƒÖ rekomendacjami handlowymi.\nhttps://linktr.ee/kuba_san
https://www.tradingview.com/u/ijaoi0021/,,,,
https://www.tradingview.com/u/MichalSojka/,,,,
https://www.tradingview.com/u/dzeus7777/,,,,
https://www.tradingview.com/u/CHARLIE93007/,,,,
https://www.tradingview.com/u/mrpw/,,,,
https://www.tradingview.com/u/Hubertz/,,,,
https://www.tradingview.com/u/Boryso88/,,,,
https://www.tradingview.com/u/ghyjek/,,,https://twitter.com/ghyjek,
https://www.tradingview.com/u/traderFIFI/,,,https://twitter.com/Traderconfifi,
https://www.tradingview.com/u/jaceksjack/,,,,
https://www.tradingview.com/u/Hades53416/,,,,
https://www.tradingview.com/u/szostek/,,,,
https://www.tradingview.com/u/zaradzki89/,,,,
https://www.tradingview.com/u/sim0n_s4ys/,,,https://twitter.com/sim0n_s4ys,
https://www.tradingview.com/u/Tomasz_D/,,,,
https://www.tradingview.com/u/slawas/,,,https://twitter.com/Slawas_98,
https://www.tradingview.com/u/DenioDan/,,,,
https://www.tradingview.com/u/krzysztof060608/,,,https://twitter.com/krzysztof060608,
https://www.tradingview.com/u/Terry_Jefferson/,,,,
https://www.tradingview.com/u/Tomasz_Marciniak/,,,,
https://www.tradingview.com/u/amafor/,,,,
https://www.tradingview.com/u/M-e-r-i-e-r/,,,,
https://www.tradingview.com/u/Grzegorz_Trader/,,,,
https://www.tradingview.com/u/zbigeu/,,,,
https://www.tradingview.com/u/SambiTrade/,,,,
https://www.tradingview.com/u/rareRhino6562/,,,,
https://www.tradingview.com/u/lkuplinski/,,,,
https://www.tradingview.com/u/f1ol3k/,,,,
https://www.tradingview.com/u/MatKlimek/,,,https://twitter.com/@MatKlimek,
https://www.tradingview.com/u/Nikoodem/,,,,
https://www.tradingview.com/u/citoesum/,,,,
https://www.tradingview.com/u/UnknownUnicorn26599683/,,,,
https://www.tradingview.com/u/n13tzsche/,,,https://twitter.com/Boring_Trade,
https://www.tradingview.com/u/kajfasz89/,,,,
https://www.tradingview.com/u/Pewien_Ponury_Lajkonik/,,,,
https://www.tradingview.com/u/Wojtek./,,,,
https://www.tradingview.com/u/krzysztof1kozak/,,,,
https://www.tradingview.com/u/Cryptocurrency_bull/,,,,
https://www.tradingview.com/u/kogutekgranitowy/,,,,
https://www.tradingview.com/u/MorcomIns/,,,https://twitter.com/MorcFlo,
https://www.tradingview.com/u/pakoz91/,,,https://twitter.com/pawelkozak13,
https://www.tradingview.com/u/Jawortrader/,,,,
https://www.tradingview.com/u/kocembaprzemek/,,,,
https://www.tradingview.com/u/BullOrBearWhatever/,,,,
https://www.tradingview.com/u/BronsonFX/,,,https://twitter.com/bronsonfx,
https://www.tradingview.com/u/Goryll/,,https://www.youtube.com/channel/UC4QxcK_nr4KKGkiJkNC2qsg,https://twitter.com/Goryl83690040,
https://www.tradingview.com/u/e.dedeszkowiercinski/,,,https://twitter.com/EugeniuszDedes,
https://www.tradingview.com/u/cryprosyroka/,,,,
https://www.tradingview.com/u/winclox/,,,,
https://www.tradingview.com/u/antonipawlewski/,,,,
https://www.tradingview.com/u/artro8/,,,,
https://www.tradingview.com/u/chemar/,,,,
https://www.tradingview.com/u/Huubsz/,,,https://twitter.com/Hubevto,
https://www.tradingview.com/u/tiubjub/,,,,
https://www.tradingview.com/u/PanGrosz/,,,https://twitter.com/Pan_Grosz,
https://www.tradingview.com/u/Gregorrr/,,,https://twitter.com/Gregorr000,
https://www.tradingview.com/u/IRONPiotr/,,,https://twitter.com/Jerzyk1989,
https://www.tradingview.com/u/madnessme/,,,,
https://www.tradingview.com/u/kamykcoin/,,,,
https://www.tradingview.com/u/Pioter_Loter/,,,https://twitter.com/Pioter_Loter,
https://www.tradingview.com/u/przemasnh/,,,https://twitter.com/PrzemyslawMias1,
https://www.tradingview.com/u/kubasmigorski/,,,,
https://www.tradingview.com/u/draskalaszlo/,,,,
https://www.tradingview.com/u/michasg/,,,,
https://www.tradingview.com/u/Karol_Pantol/,,,,
https://www.tradingview.com/u/Mimi_B/,,,,
https://www.tradingview.com/u/Bibel2116/,,,,
https://www.tradingview.com/u/silverboy1985/,,,,
https://www.tradingview.com/u/Ossskii/,,,,
https://www.tradingview.com/u/x-Palec/,,,,
https://www.tradingview.com/u/Ichimoku_System/,,https://www.youtube.com/channel/UCSJrWJCJ2ce_f4JcYwsNNkA,,
https://www.tradingview.com/u/Gibkibondo/,,,,
https://www.tradingview.com/u/lskibinski/,,,https://twitter.com/lskibinski_gpw,
https://www.tradingview.com/u/GolanskyYoung/,,,,
https://www.tradingview.com/u/ATSProfit/,,https://www.youtube.com/channel/UC5tyNqW5hvGX-I17q0lsZLw,https://twitter.com/ProfitAts,
https://www.tradingview.com/u/mtsd/,,,,
https://www.tradingview.com/u/user_giacomo/,,,https://twitter.com/givcomo,
https://www.tradingview.com/u/sowik1992/,,,,
https://www.tradingview.com/u/kamillekileki12345/,,,,
https://www.tradingview.com/u/Pablo_Ravioli_/,,https://www.youtube.com/channel/UCIGqZLtTpLku1nskju8ezuw,https://twitter.com/Pablo_Raviolii,
https://www.tradingview.com/u/Quantum2050/,,,,
https://www.tradingview.com/u/marek_marczak/,,,,
https://www.tradingview.com/u/DerLock/,,,,
https://www.tradingview.com/u/Clyde16/,,,,
https://www.tradingview.com/u/MoneyTalksTG/,,,,
https://www.tradingview.com/u/lasttruecowboi/,,,,
https://www.tradingview.com/u/monkomati2000/,,,,
https://www.tradingview.com/u/stecu/,,,,
https://www.tradingview.com/u/natalia_bojko_/,,https://www.youtube.com/channel/UC4af9Wl16XnH3_y3HUWQkCA,,
https://www.tradingview.com/u/CryptoNeptun/,,,https://twitter.com/Crypto_Neptun,
https://www.tradingview.com/u/DawidBo/,,,,
https://www.tradingview.com/u/Kamil_B/,,,,
https://www.tradingview.com/u/FarGoTraders/,,,,
https://www.tradingview.com/u/Jarek2805/,,,,
https://www.tradingview.com/u/mrzzzzzzzz/,,,,
https://www.tradingview.com/u/DaSeGr/,,,,
https://www.tradingview.com/u/Makrel77/,,,,
https://www.tradingview.com/u/Bigooss/,,,,
https://www.tradingview.com/u/Damian_F/,,,,
https://www.tradingview.com/u/mathac78973/,,,,
https://www.tradingview.com/u/Staszek231/,,,,
https://www.tradingview.com/u/BartasIII/,,,https://twitter.com/BartoszPolniak,
https://www.tradingview.com/u/kngurrek/,,,,
https://www.tradingview.com/u/palus122/,,,,
https://www.tradingview.com/u/inwestormilioner/,,,https://twitter.com/Crypto_Concept_,
https://www.tradingview.com/u/RC_CryptoRaiders/,,,,
https://www.tradingview.com/u/Siegu/,,,,
https://www.tradingview.com/u/cel_pal/,,,,
https://www.tradingview.com/u/mcspidit/,,,,
https://www.tradingview.com/u/mrdanny91/,,,,
https://www.tradingview.com/u/janrozkowski/,,,,
https://www.tradingview.com/u/hercpaint1125/,,,,
https://www.tradingview.com/u/Papinpawel/,,,,
https://www.tradingview.com/u/Szymon_Pawlik/,,,,
https://www.tradingview.com/u/SystematyczneZarabianie/,,,,
https://www.tradingview.com/u/adcvsvssvsv9/,,,,
https://www.tradingview.com/u/ravz/,,,,
https://www.tradingview.com/u/Fx-Nature/,,,https://twitter.com/FxNature,
https://www.tradingview.com/u/dobryrysiek/,,,,
https://www.tradingview.com/u/besiu007/,,,,
https://www.tradingview.com/u/mbdn/,,,,
https://www.tradingview.com/u/MIRAS-R/,,,,
https://www.tradingview.com/u/bg444/,,,,
https://www.tradingview.com/u/PanieJabu/,,,,
https://www.tradingview.com/u/Aarczi/,,,,
https://www.tradingview.com/u/mateuszk_95/,,,,
https://www.tradingview.com/u/bulaa137/,,,,
https://www.tradingview.com/u/Marahu/,,,,
https://www.tradingview.com/u/Daniel_Bamber/,,,https://twitter.com/DanielBitHODL,
https://www.tradingview.com/u/Zazek1987/,,,https://twitter.com/KubaZ_1987,
https://www.tradingview.com/u/DanielWit/,,,,
https://www.tradingview.com/u/ParanzaInvestment/,,,,
https://www.tradingview.com/u/kubiqqq/,,,,
https://www.tradingview.com/u/polwatch/,,,https://twitter.com/pawcio88,
https://www.tradingview.com/u/chili2002/,,,,
https://www.tradingview.com/u/Patrykose/,,,,
https://www.tradingview.com/u/Kamil_Zyskowski/,,,https://twitter.com/KamilZyskowski,
https://www.tradingview.com/u/ceber84/,,,,
https://www.tradingview.com/u/Tiburtus/,,,,
https://www.tradingview.com/u/AndrzejGalicki/,,,,
https://www.tradingview.com/u/seba666333/,,,,
https://www.tradingview.com/u/Stunter85/,,,,
https://www.tradingview.com/u/adriankucypera1/,,,https://twitter.com/AdrianKucypera,
https://www.tradingview.com/u/daszkiem/,,,,
https://www.tradingview.com/u/Jaro69/,,,,
https://www.tradingview.com/u/rafio77/,,,,
https://www.tradingview.com/u/aVentirusnew2/,,,,
https://www.tradingview.com/u/Arxass/,,,,
https://www.tradingview.com/u/gaszu_/,,,,
https://www.tradingview.com/u/spikerspw/,,,https://twitter.com/spikerspw,
https://www.tradingview.com/u/Parry77/,,,,
https://www.tradingview.com/u/Lotar_TV_/,,,https://twitter.com/LukasOnisk,
https://www.tradingview.com/u/wiktorkawecki99/,,,,
https://www.tradingview.com/u/Daniel_Michalski/,,,,
https://www.tradingview.com/u/LukaszBartnik/,,,,
https://www.tradingview.com/u/Clayto/,,,,
https://www.tradingview.com/u/klm_pl/,,,,
https://www.tradingview.com/u/jimmycdn/,,,https://twitter.com/Jimmycdn,
https://www.tradingview.com/u/wmdt/,,,,
https://www.tradingview.com/u/Josep1984/,,,,
https://www.tradingview.com/u/Suminski/,,,https://twitter.com/suminski_maciej,
https://www.tradingview.com/u/pawelchasikowski/,,,,
https://www.tradingview.com/u/kindCoconut52824/,,,,
https://www.tradingview.com/u/Hrycewicz/,,,https://twitter.com/blogchain_pl,
https://www.tradingview.com/u/Calabazan/,,,,
https://www.tradingview.com/u/Funfel5/,,,,
https://www.tradingview.com/u/coolcross/,,,,
https://www.tradingview.com/u/gumisofficial/,,,,
https://www.tradingview.com/u/RobinAnalyst/,,,,
https://www.tradingview.com/u/OmniCoin/,,,,
https://www.tradingview.com/u/PiotrekB89/,,,,
https://www.tradingview.com/u/thelostghostmc/,,,,
https://www.tradingview.com/u/TradeWave07/,,https://www.youtube.com/channel/UCXRrQYIlAqj2g3FpOLqNRVA,https://twitter.com/07tradesignal,
https://www.tradingview.com/u/drebel/,,,,
https://www.tradingview.com/u/baarczak/,,,,
https://www.tradingview.com/u/misieKMs/,,,,
https://www.tradingview.com/u/waqmaz/,,,https://twitter.com/DCAhodler,
https://www.tradingview.com/u/Paweu_Hopi/,,,https://twitter.com/Pawel_Hopi,
https://www.tradingview.com/u/Czarnyy/,,,,
https://www.tradingview.com/u/Kacper9209/,,,,
https://www.tradingview.com/u/dziubin/,,,,
https://www.tradingview.com/u/Faber007/,,,,
https://www.tradingview.com/u/marcin.dzida/,,,,
https://www.tradingview.com/u/raffaenrico/,,,,
https://www.tradingview.com/u/K_K_Trader/,,,,
https://www.tradingview.com/u/TomekTrader5/,,,,
https://www.tradingview.com/u/Numer125/,,,,
https://www.tradingview.com/u/KarolLaskowski/,,,,
https://www.tradingview.com/u/remuseq/,,,,
https://www.tradingview.com/u/mk-7/,,,,
https://www.tradingview.com/u/forexonheels/,,,,
https://www.tradingview.com/u/Marshallus/,,,,
https://www.tradingview.com/u/Hamoda1Brzezinski/,,,https://twitter.com/HamodaBrzezins1,
https://www.tradingview.com/u/katarzyna.kurnik.10/,,,,
https://www.tradingview.com/u/ChristopherJohnson_AT/,,,https://twitter.com/Christo67395249,
https://www.tradingview.com/u/Msu83/,,,,
https://www.tradingview.com/u/mateo19888/,,,https://twitter.com/Mateo19888,
https://www.tradingview.com/u/ariel02/,,,,
https://www.tradingview.com/u/arhibal/,,,,
https://www.tradingview.com/u/MichalN/,,,,
https://www.tradingview.com/u/carzolla/,,,,
https://www.tradingview.com/u/StaryDzikGPW/,,,,
https://www.tradingview.com/u/nojims/,,,,
https://www.tradingview.com/u/rasternet/,,,,
https://www.tradingview.com/u/piotrdec43/,,,,
https://www.tradingview.com/u/Sic_Parvis_Magna/,,,,
https://www.tradingview.com/u/relievedSnow16181/,,,,
https://www.tradingview.com/u/JohnTuld/,,,https://twitter.com/KowalskyPaul,
https://www.tradingview.com/u/tommyjabarouse/,,,,
https://www.tradingview.com/u/mszczygiel/,,,https://twitter.com/szczygielmichal,
https://www.tradingview.com/u/maramadeo/,,,,
https://www.tradingview.com/u/JJ147/,,,,
https://www.tradingview.com/u/Bart3G/,,,,
https://www.tradingview.com/u/michalzakowskipl/,,,,
https://www.tradingview.com/u/Bartlomiej53730/,,,,
https://www.tradingview.com/u/PrzemekAronKwiatkowski/,,,,
https://www.tradingview.com/u/bartosz_pasik/,,,,
https://www.tradingview.com/u/xxcxxxcc/,,,https://twitter.com/DariazMackowski,
https://www.tradingview.com/u/hetmanremigiusz/,,,,
https://www.tradingview.com/u/kokos431/,,,,
https://www.tradingview.com/u/Tomaszxrplstandard/,,,,
https://www.tradingview.com/u/przepmekwojtowicz1/,,,,
https://www.tradingview.com/u/cryptojack2020/,,,,
https://www.tradingview.com/u/MaciekMaciey/,,,,
https://www.tradingview.com/u/Wektor98/,,,,
https://www.tradingview.com/u/Pablo_Pewniaczek/,,,,
https://www.tradingview.com/u/mateuszszkozlowski4/,,,,
https://www.tradingview.com/u/Szochal/,,,,
https://www.tradingview.com/u/Lukasz1988/,,,,
https://www.tradingview.com/u/karol1985r/,,,,
https://www.tradingview.com/u/Gornykamil/,,,,
https://www.tradingview.com/u/dorian.zaczek/,,,https://twitter.com/DorianZaczek,
https://www.tradingview.com/u/UnknownUnicorn1874934/,,,,
https://www.tradingview.com/u/KruchyWilku/,,,,
https://www.tradingview.com/u/Targenor/,,,,
https://www.tradingview.com/u/verva99/,,,,
https://www.tradingview.com/u/Lubiekiedyhajssiezgadza/,,,,
https://www.tradingview.com/u/d.gajdzikk/,,,,
https://www.tradingview.com/u/yoyek/,,,,
https://www.tradingview.com/u/WielkaTuba/,,,,
https://www.tradingview.com/u/mada92/,,,https://twitter.com/Madeq_Nov,
https://www.tradingview.com/u/sirdagor/,,,,
https://www.tradingview.com/u/pankonradbaranowski/,,,,
https://www.tradingview.com/u/kuarek/,,,,
https://www.tradingview.com/u/Sebeush/,,,,
https://www.tradingview.com/u/Mat113/,,,,
https://www.tradingview.com/u/jazzik/,,,,
https://www.tradingview.com/u/PUKALOFX/,,,https://twitter.com/Pukalofx,
https://www.tradingview.com/u/zippel_marek/,,,,
https://www.tradingview.com/u/TomanPL/,,,https://twitter.com/MarcinToma,
https://www.tradingview.com/u/Stanislaw-Swierk/,,,,
https://www.tradingview.com/u/Ayax_TSS/,,,https://twitter.com/AyaxTss,
https://www.tradingview.com/u/p3t380/,,,,
https://www.tradingview.com/u/Kasia_912616947/,,,,
https://www.tradingview.com/u/yngfifa/,,,,
https://www.tradingview.com/u/Patryk1302/,,,,
https://www.tradingview.com/u/RobertW76/,,,,
https://www.tradingview.com/u/rumax5/,,,,
https://www.tradingview.com/u/ALFIX1915/,,,,
https://www.tradingview.com/u/czarnymike/,,https://www.youtube.com/channel/UC6uKOFP-1BSjyRECrAM8e1w,,
https://www.tradingview.com/u/Bartek_Irl/,,,,
https://www.tradingview.com/u/TomekTrader/,,,,
https://www.tradingview.com/u/RADOSLAWK/,,,,
https://www.tradingview.com/u/lukaszn30/,,,,
https://www.tradingview.com/u/Pablooo19881/,,,,
https://www.tradingview.com/u/TataMaKO/,,,,
https://www.tradingview.com/u/Jaras78/,,,,
https://www.tradingview.com/u/inwestowanie-indywidualne/,,,,
https://www.tradingview.com/u/jakubmika86/,,,,
https://www.tradingview.com/u/krisk4/,,,,
https://www.tradingview.com/u/QBeenSnipers/,,,,
https://www.tradingview.com/u/dolb/,,,,
https://www.tradingview.com/u/tomaszDC/,,,,
https://www.tradingview.com/u/MironBTC/,,https://www.youtube.com/channel/UCnB0OG7rMj7ggtGdYRveCBA,https://twitter.com/@swiadome,
https://www.tradingview.com/u/pmaczynski/,,,,
https://www.tradingview.com/u/mixerr5/,,,,
https://www.tradingview.com/u/bc08839/,,,,
https://www.tradingview.com/u/Lysolol/,,,,
https://www.tradingview.com/u/imie_nazwisko/,,,,
https://www.tradingview.com/u/Damian1998/,,,,
https://www.tradingview.com/u/IzmaelBarto/,,,,
https://www.tradingview.com/u/damiande/,,,,
https://www.tradingview.com/u/wichutrader/,,,,
https://www.tradingview.com/u/WyckoffPL/,,,https://twitter.com/@RafSkrzypczyk,
https://www.tradingview.com/u/hubert95/,,,,
https://www.tradingview.com/u/radekfisz/,,,,
https://www.tradingview.com/u/KubaP/,,,,
https://www.tradingview.com/u/MinoNenkiCrypto/,,,https://twitter.com/KageroCrypto,
https://www.tradingview.com/u/PyQIT/,,,,
https://www.tradingview.com/u/djcami/,,,https://twitter.com/djcami_pl,
https://www.tradingview.com/u/e-kursy-walut/,,,,
https://www.tradingview.com/u/pawlo011qw/,,,,
https://www.tradingview.com/u/mkrukiew/,,,,
https://www.tradingview.com/u/voodoom123/,,,,
https://www.tradingview.com/u/KamilK1982/,,,https://twitter.com/Kamil89122273,
https://www.tradingview.com/u/error000/,,,,
https://www.tradingview.com/u/pawulonss/,,,,
https://www.tradingview.com/u/adventure_of_investing/,,,,
https://www.tradingview.com/u/Baginsky/,,,,
https://www.tradingview.com/u/karpkiller/,,,,
https://www.tradingview.com/u/Deszcz/,,,,
https://www.tradingview.com/u/brodaty89/,,,,
https://www.tradingview.com/u/kgaszynski/,,,,
https://www.tradingview.com/u/angelaofa/,,,,
https://www.tradingview.com/u/mwfreelancer7/,,,,
https://www.tradingview.com/u/przemyslawsperski/,,,,
https://www.tradingview.com/u/sobaniapatryk/,,,https://twitter.com/sobaniapatryk,
https://www.tradingview.com/u/Malkontent/,,,https://twitter.com/@Malkontent_pl,
https://www.tradingview.com/u/KrzysztofNiemczyk/,,,https://twitter.com/KrzysztofNiemc4,
https://www.tradingview.com/u/bedeka0007/,,,,
https://www.tradingview.com/u/Mac_Cryptotrader/,,,,
https://www.tradingview.com/u/ttronic81/,,,https://twitter.com/ttronic81,
https://www.tradingview.com/u/AdrianB89/,,,,
https://www.tradingview.com/u/RafalZuchowicz/,,https://www.youtube.com/channel/UCXaMqGC1D3E--o6TE67fM0g,https://twitter.com/RafalZuchowicz,
https://www.tradingview.com/u/chlebosmateusz6/,,,,
https://www.tradingview.com/u/karolprzybylek83/,,,,
https://www.tradingview.com/u/PolishNonconformist/,,,https://twitter.com/Undefinedtrends,
https://www.tradingview.com/u/GrekZajadacz/,,,,
https://www.tradingview.com/u/VincentVega_/,,,,
https://www.tradingview.com/u/shamanpolish/,,,,
https://www.tradingview.com/u/Kondeusz/,,,,
https://www.tradingview.com/u/majstertoken/,,,https://twitter.com/majstertoken,
https://www.tradingview.com/u/robtop/,,,,
https://www.tradingview.com/u/mrok223/,,,,
https://www.tradingview.com/u/yaro1337/,,,,
https://www.tradingview.com/u/Smortadela/,,,,
https://www.tradingview.com/u/blissfulRhino1984/,,,,
https://www.tradingview.com/u/Zielona/,,,,
https://www.tradingview.com/u/sla11wek/,,,,
https://www.tradingview.com/u/sebastian.seliga.7/,,https://www.youtube.com/channel/UCwci1Bcm2QK8LuPcXIvJtlw,https://twitter.com/Flynchenberg,
https://www.tradingview.com/u/hkoltko/,,,https://twitter.com/Hubert83690220,
https://www.tradingview.com/u/NaikoN81/,,,,
https://www.tradingview.com/u/Mate00/,,,,
https://www.tradingview.com/u/krystynajedrzejczak/,,,,
https://www.tradingview.com/u/Vyvern/,,,,
https://www.tradingview.com/u/pawplu/,,,,
https://www.tradingview.com/u/Kuba-Analizy/,,,,
https://www.tradingview.com/u/Mr_4g/,,,,
https://www.tradingview.com/u/norbertkowal1997/,,,,
https://www.tradingview.com/u/Miroslaw12/,,,,
https://www.tradingview.com/u/sebastian_zawilinski/,,,https://twitter.com/seba28001,
https://www.tradingview.com/u/UnknownUnicorn22907375/,,,,
https://www.tradingview.com/u/baba_gula/,,,,
https://www.tradingview.com/u/jaszczur2/,,,,
https://www.tradingview.com/u/klinerr/,,,https://twitter.com/j_leszek,
https://www.tradingview.com/u/kryptostrefa/,,,,
https://www.tradingview.com/u/dagontoja/,,,,
https://www.tradingview.com/u/uniqly/,,,,
https://www.tradingview.com/u/przemek9089/,,,,
https://www.tradingview.com/u/UnknownUnicorn22969985/,,,,
https://www.tradingview.com/u/UnknownUnicorn2392533/,,,,
https://www.tradingview.com/u/RomanDudzik/,,,,
https://www.tradingview.com/u/artevalore/,,,,
https://www.tradingview.com/u/similarCake24334/,,,,
https://www.tradingview.com/u/dawidczyk666/,,,https://twitter.com/DawidHandzlik,
https://www.tradingview.com/u/Tygrys_treduje/,,,,
https://www.tradingview.com/u/agulaakor/,,,,
https://www.tradingview.com/u/adrian16116/,,,,
https://www.tradingview.com/u/aAPI/,,,,
https://www.tradingview.com/u/Radek000/,,,,
https://www.tradingview.com/u/Michaltwiter/,,,,
https://www.tradingview.com/u/malolatki/,,,,
https://www.tradingview.com/u/lenaaaart/,,,,
https://www.tradingview.com/u/VTylda/,,,,
https://www.tradingview.com/u/famousPie-czyli-sernik/,,,,
https://www.tradingview.com/u/PanPaszko/,,,,
https://www.tradingview.com/u/dar11/,,,,
https://www.tradingview.com/u/NothingThere/,,,,
https://www.tradingview.com/u/Mtuz/,,,https://twitter.com/Mateusz35628627,
https://www.tradingview.com/u/Dopesc/,,,,
https://www.tradingview.com/u/Nimrais/,,,,
https://www.tradingview.com/u/notforr/,,,,
https://www.tradingview.com/u/djans/,,,,
https://www.tradingview.com/u/maciekwyso/,,,https://twitter.com/maciekwyso,
https://www.tradingview.com/u/katamaranx/,,,,
https://www.tradingview.com/u/siatkasebastian/,,,,
https://www.tradingview.com/u/hunterhunter666/,,,,
https://www.tradingview.com/u/vasilewskim/,,,,
https://www.tradingview.com/u/VincenzoFX/,,,,
https://www.tradingview.com/u/lu1985kas/,,,,
https://www.tradingview.com/u/KrzysiekBPL7/,,,,
https://www.tradingview.com/u/sskossko/,,,https://twitter.com/@sawek63646962,
https://www.tradingview.com/u/szogar/,,,,
https://www.tradingview.com/u/M1XON/,,,,
https://www.tradingview.com/u/radekinny/,,,https://twitter.com/radekinny,
https://www.tradingview.com/u/Samalenko/,,,,
https://www.tradingview.com/u/Francuz_mordo/,,,,
https://www.tradingview.com/u/OctarineCoin/,,,,
https://www.tradingview.com/u/NoNameAlex/,,,,
https://www.tradingview.com/u/daro132/,,,,
https://www.tradingview.com/u/ForexClub_pl/,,,https://twitter.com/FOREXCLUBPL,
https://www.tradingview.com/u/xmen58/,,,,
https://www.tradingview.com/u/Japco/,,,,
https://www.tradingview.com/u/Gregory3361/,,,,
https://www.tradingview.com/u/MaciejKlimunt/,,,,
https://www.tradingview.com/u/CryptoFaget/,,,https://twitter.com/Oddamzadarmo,
https://www.tradingview.com/u/Adas123321/,,,,
https://www.tradingview.com/u/bartekczaplinski/,,,,
https://www.tradingview.com/u/tymoteuszkoralewski/,,,,
https://www.tradingview.com/u/sharks2/,,,,
https://www.tradingview.com/u/rafalprestoboguslawski/,,,,
https://www.tradingview.com/u/gzehow/,,,,
https://www.tradingview.com/u/Malwina88/,,,,
https://www.tradingview.com/u/Jaro1709/,,,,
https://www.tradingview.com/u/saintmexas8/,,,,
https://www.tradingview.com/u/michalnowakowski31/,,,,
https://www.tradingview.com/u/bartoszblazejak/,,,,
https://www.tradingview.com/u/dkusion/,,,,
https://www.tradingview.com/u/Ravcio/,,,,
https://www.tradingview.com/u/EdytaP/,,,,
https://www.tradingview.com/u/LukeKoziarski/,,,,
https://www.tradingview.com/u/bartoszdargacz/,,,,
https://www.tradingview.com/u/michalbieniek/,,,https://twitter.com/bieniek89,
https://www.tradingview.com/u/TSLKuba/,,,,
https://www.tradingview.com/u/MrHybryda/,,,https://twitter.com/MrHybryda,
https://www.tradingview.com/u/damianwisla161/,,,,
https://www.tradingview.com/u/GoldenIdeas/,,https://www.youtube.com/channel/UCikLYQoGF6Pe1RwfaW57taw,,
https://www.tradingview.com/u/nowosielk/,,,,
https://www.tradingview.com/u/lucky01121977/,,,,
https://www.tradingview.com/u/Mad05/,,,,
https://www.tradingview.com/u/wisznit/,,,,
https://www.tradingview.com/u/Dema-D/,,https://www.youtube.com/channel/UCRZY5Lc92TibP1A2nV_neSg,,
https://www.tradingview.com/u/aggresiveYoda/,,,,
https://www.tradingview.com/u/zarobmilion/,,,,
https://www.tradingview.com/u/luki-crypto1910/,,,,
https://www.tradingview.com/u/Alba_/,,,,
https://www.tradingview.com/u/malgorzata_czapla67/,,,,
https://www.tradingview.com/u/Bryl_Trade/,,,,
https://www.tradingview.com/u/BeOnlineTeam700/,,,,
https://www.tradingview.com/u/TraderStart33/,,,,
https://www.tradingview.com/u/TymekTM/,,,,
https://www.tradingview.com/u/Nomenescio/,,,,
https://www.tradingview.com/u/Tompiw8989/,,,,
https://www.tradingview.com/u/grono83/,,,,
https://www.tradingview.com/u/jjj64/,,,,
https://www.tradingview.com/u/CryptoOctopus781/,,https://www.youtube.com/channel/UCtXWtozSknjn2-jEiBhLgcw,https://twitter.com/CryptoOctopus2,
https://www.tradingview.com/u/dawid006/,,,,
https://www.tradingview.com/u/jestemslim/,,,,
https://www.tradingview.com/u/BULLsoon/,,,,
https://www.tradingview.com/u/DRG1986/,,,,
https://www.tradingview.com/u/adekl95/,,,,
https://www.tradingview.com/u/gippax/,,,,
https://www.tradingview.com/u/draco77/,,,,
https://www.tradingview.com/u/elDzonder/,,,,
https://www.tradingview.com/u/elfekt/,,,,
https://www.tradingview.com/u/Midas86/,,,,
https://www.tradingview.com/u/andalemono/,,,,
https://www.tradingview.com/u/Mikee83/,,,,
https://www.tradingview.com/u/hotFish71867/,,,,
https://www.tradingview.com/u/macallegro/,,,,
https://www.tradingview.com/u/wargol222/,,,,
https://www.tradingview.com/u/slaglo7056/,,,,
https://www.tradingview.com/u/Filip-laski1/,,,https://twitter.com/fifi18357324,
https://www.tradingview.com/u/NajlepszyTraderNaSwiecie/,,,,
https://www.tradingview.com/u/SmkGA/,,,,
https://www.tradingview.com/u/Kllif/,,,,
https://www.tradingview.com/u/TOCTOM/,,https://www.youtube.com/channel/UCVJnkBEDuGAxdS1hhAQ700w,https://twitter.com/tt_FUND,
https://www.tradingview.com/u/michaelooo1/,,,,
https://www.tradingview.com/u/FilipGuowinzki/,,,,
https://www.tradingview.com/u/kamilskok/,,,,
https://www.tradingview.com/u/drajwer86/,,,,
https://www.tradingview.com/u/thevenox33/,,,,
https://www.tradingview.com/u/Morfeusz/,,,https://twitter.com/adomagala2,
https://www.tradingview.com/u/tymonpiwonski/,,,,
https://www.tradingview.com/u/wojtek82ck/,,,,
https://www.tradingview.com/u/yahooo1992/,,,,
https://www.tradingview.com/u/zygmuntdargacz/,,,,
https://www.tradingview.com/u/marek6/,,,,
https://www.tradingview.com/u/zetor116/,,,,
https://www.tradingview.com/u/motomen1/,,,https://twitter.com/JerzyDudek19,
https://www.tradingview.com/u/Stormag/,,,,
https://www.tradingview.com/u/komsky/,,,,
https://www.tradingview.com/u/tomasfajny/,,,,
https://www.tradingview.com/u/Kamil-FX/,,,,
https://www.tradingview.com/u/tom_zod/,,https://www.youtube.com/channel/UCuV-Bqnp4QFEZ4WRp2OVZZw,https://twitter.com/tomzodziewski,
https://www.tradingview.com/u/bartoszczarnota1/,,,,
https://www.tradingview.com/u/bashando/,,,,
https://www.tradingview.com/u/kkamilk/,,,,
https://www.tradingview.com/u/milten4867/,,,,
https://www.tradingview.com/u/scypion/,,,,
https://www.tradingview.com/u/Endriuuu/,,,https://twitter.com/Andrzej47126467,
https://www.tradingview.com/u/Darass86/,,,,
https://www.tradingview.com/u/raggan921/,,,,
https://www.tradingview.com/u/wuhu/,,,https://twitter.com/wuhu,
https://www.tradingview.com/u/Szopa/,,,,
https://www.tradingview.com/u/IIIOTTOIII/,,,,
https://www.tradingview.com/u/mkozlowski005/,,,,
https://www.tradingview.com/u/martidj/,,,,
https://www.tradingview.com/u/MacMarek/,,,,
https://www.tradingview.com/u/Lucas198104/,,,,
https://www.tradingview.com/u/pohajs/,,,,
https://www.tradingview.com/u/myysteryy/,,,,
https://www.tradingview.com/u/mwitczak/,,,https://twitter.com/m_witczak,
https://www.tradingview.com/u/smartmany/,,,,
https://www.tradingview.com/u/Kamyk2580/,,,,
https://www.tradingview.com/u/koxikredkix/,,,,
https://www.tradingview.com/u/Boban11/,,,,
https://www.tradingview.com/u/Xoan303/,,,,
https://www.tradingview.com/u/dimitry81/,,,,
https://www.tradingview.com/u/obsessedTortoi42525/,,,,
https://www.tradingview.com/u/piotr18050/,,,,
https://www.tradingview.com/u/jesterhead1/,,,,
https://www.tradingview.com/u/PanGnom/,,,,
https://www.tradingview.com/u/El_roi/,,,,
https://www.tradingview.com/u/meciek2/,,,,
https://www.tradingview.com/u/mkaszta/,,,,
https://www.tradingview.com/u/marcinh2/,,,,
https://www.tradingview.com/u/cryptomajster/,,,,
https://www.tradingview.com/u/starhaze/,,,,
https://www.tradingview.com/u/Radzieoon/,,,https://twitter.com/Radzieoon,
https://www.tradingview.com/u/ixodes/,,,https://twitter.com/SebastianKlesz3,
https://www.tradingview.com/u/mmartino/,,,,
https://www.tradingview.com/u/michaldolkowski001/,,,,
https://www.tradingview.com/u/PCortez/,,,https://twitter.com/PCortez95,
https://www.tradingview.com/u/lukescr/,,,,
https://www.tradingview.com/u/kiepsik3/,,,,
https://www.tradingview.com/u/Aarchi/,,,,
https://www.tradingview.com/u/tradermat1/,,,,
https://www.tradingview.com/u/potas58/,,,,
https://www.tradingview.com/u/Vincento_CH/,,,,
https://www.tradingview.com/u/miszaa/,,,,
https://www.tradingview.com/u/babaOOriley/,,,,
https://www.tradingview.com/u/ApisMellifera/,,,,
https://www.tradingview.com/u/kryspinorlowski/,,,,
https://www.tradingview.com/u/pesieka/,,,,
https://www.tradingview.com/u/mirekzchrzanowa/,,,,
https://www.tradingview.com/u/lordb14/,,,,
https://www.tradingview.com/u/CryptoSirFish/,,,https://twitter.com/CryptoSirFish,
https://www.tradingview.com/u/krystianbit/,,,,
https://www.tradingview.com/u/joannasleziak65/,,,,
https://www.tradingview.com/u/MartwyPacjent/,,,,
https://www.tradingview.com/u/elektrax/,,,https://twitter.com/OMGZALEWSKI,
https://www.tradingview.com/u/cvas_trader/,,,https://twitter.com/@krzysztof_cerb,
https://www.tradingview.com/u/Wedrowycz/,,,,
https://www.tradingview.com/u/macko12/,,,,
https://www.tradingview.com/u/bn80/,,,,
https://www.tradingview.com/u/mjetoo/,,,,
https://www.tradingview.com/u/SN_DzK/,,,https://twitter.com/SN_DzK,
https://www.tradingview.com/u/kanixx/,,,https://twitter.com/Marcin_trader,
https://www.tradingview.com/u/RoxVen89/,,,,
https://www.tradingview.com/u/lomcio1999/,,,,
https://www.tradingview.com/u/PoznajRynek/,,https://www.youtube.com/channel/UCwMD18vRfy4g2hmZy9_MbhA,,
https://www.tradingview.com/u/lisek19007/,,,,
https://www.tradingview.com/u/Bopsonsunim/,,,,
https://www.tradingview.com/u/lewanton/,,,,
https://www.tradingview.com/u/budyniozo/,,,,
https://www.tradingview.com/u/KryptoTrader1998/,,,,
https://www.tradingview.com/u/Koxxiarsky/,,,,
https://www.tradingview.com/u/marcinkwiat1989/,,,https://twitter.com/marcinkwiat89,
https://www.tradingview.com/u/vanghost_fx/,,,,
https://www.tradingview.com/u/Michall21/,,,,
https://www.tradingview.com/u/MaarcinBTC/,,,,
https://www.tradingview.com/u/Ziemowit/,,,,
https://www.tradingview.com/u/marcinek_85/,,,,
https://www.tradingview.com/u/Patrzolnh/,,,,
https://www.tradingview.com/u/Vogg/,,,,
https://www.tradingview.com/u/nextfide/,,,,
https://www.tradingview.com/u/MarcinCielek/,,,,
https://www.tradingview.com/u/federalOil57233/,,,,
https://www.tradingview.com/u/MilyR/,,,,
https://www.tradingview.com/u/maqone/,,,,
https://www.tradingview.com/u/NunaHana/,,,,
https://www.tradingview.com/u/PawelMrq/,,,,
https://www.tradingview.com/u/plasticbeast/,,,,
https://www.tradingview.com/u/jarek1801/,,,,
https://www.tradingview.com/u/lmart777/,,,,
https://www.tradingview.com/u/sebnor1977/,,,,
https://www.tradingview.com/u/esbest/,,,,
https://www.tradingview.com/u/Rafa_3l0/,,,,
https://www.tradingview.com/u/westlli/,,,,
https://www.tradingview.com/u/abecadlo123/,,,,
https://www.tradingview.com/u/czupryn888/,,,,
https://www.tradingview.com/u/zulanderalive/,,,,
